product_name;product_uuid;product_satellite;product_sensor;L2_file;avg_surface_chla;std_surface_chla;CV_surface_chla;station;date;lat;lon;cloud_fraction;nan_mask
S3A_OL_1_EFR____20181018T101646_20181018T101946_20240531T074936_0180_037_065_2160_MAR_R_NT_004.SEN3;a7251111-2341-32c6-ab37-fa89d3aebbbb;S3A;OLCI;L2_THETIS_GRID_20181018_20181028.nc;2.332593808;0.153344853;0.065740058;LXP;18.10.2018;46.500283;6.660889;0.167018072;0
S3B_OL_1_EFR____20181018T101536_20181018T101836_20240621T041714_0179_015_065_2160_MAR_R_NT_004.SEN3;b4528884-a4c6-39dd-bfbd-905e94dca0a5;S3B;OLCI;L2_THETIS_GRID_20181018_20181028.nc;2.332593808;0.153344853;0.065740058;LXP;18.10.2018;46.500283;6.660889;0.167018072;0
S3A_OL_1_EFR____20181019T095036_20181019T095336_20240531T075457_0179_037_079_2160_MAR_R_NT_004.SEN3;b06372b0-dc01-3491-a649-42799b145e6b;S3A;OLCI;L2_THETIS_GRID_20181018_20181028.nc;2.231801883;0.269942376;0.120952661;LXP;19.10.2018;46.500283;6.660889;1;0
S3B_OL_1_EFR____20181019T094905_20181019T095205_20240621T022857_0179_015_079_2160_MAR_R_NT_004.SEN3;ff9d1966-d85a-3938-a1bf-27008ffe3ecc;S3B;OLCI;L2_THETIS_GRID_20181018_20181028.nc;2.231801883;0.269942376;0.120952661;LXP;19.10.2018;46.500283;6.660889;1;0
S3A_OL_1_EFR____20181020T092425_20181020T092725_20240531T080306_0179_037_093_2160_MAR_R_NT_004.SEN3;88718aa2-90d4-3c2d-a5f9-8329ec85f69e;S3A;OLCI;L2_THETIS_GRID_20181018_20181028.nc;2.043423463;0.137462501;0.067270687;LXP;20.10.2018;46.500283;6.660889;1;0
S3B_OL_1_EFR____20181020T092235_20181020T092535_20240621T034949_0179_015_093_2160_MAR_R_NT_004.SEN3;1a514be1-4354-3ca1-a705-c1bb6f65482a;S3B;OLCI;L2_THETIS_GRID_20181018_20181028.nc;2.043423463;0.137462501;0.067270687;LXP;20.10.2018;46.500283;6.660889;1;0
S3A_OL_1_EFR____20181022T101302_20181022T101602_20240531T085118_0179_037_122_2160_MAR_R_NT_004.SEN3;b9b1b0a9-a0ab-3904-96d6-a93a239527c5;S3A;OLCI;L2_THETIS_GRID_20181018_20181028.nc;1.913742147;0.156093903;0.081564751;LXP;22.10.2018;46.500283;6.660889;0.209939759;0
S3B_OL_1_EFR____20181022T101033_20181022T101333_20240621T020231_0179_015_122_2160_MAR_R_NT_004.SEN3;3c703ffc-d3a9-33b6-b8a7-bd9d2a759596;S3B;OLCI;L2_THETIS_GRID_20181018_20181028.nc;1.913742147;0.156093903;0.081564751;LXP;22.10.2018;46.500283;6.660889;0.209939759;0
S3B_OL_1_EFR____20181023T094403_20181023T094703_20240621T033335_0179_015_136_2160_MAR_R_NT_004.SEN3;b7c1265e-aa3f-3550-90ba-96d897409e1b;S3B;OLCI;L2_THETIS_GRID_20181018_20181028.nc;1.743450406;0.134922287;0.077388084;LXP;23.10.2018;46.500283;6.660889;0.299096386;0
S3A_OL_1_EFR____20181023T094651_20181023T094951_20240531T085520_0179_037_136_2160_MAR_R_NT_004.SEN3;f962cea4-bd6f-3ecf-a197-e9eabc452ebe;S3A;OLCI;L2_THETIS_GRID_20181018_20181028.nc;1.743450406;0.134922287;0.077388084;LXP;23.10.2018;46.500283;6.660889;0.299096386;0
S3A_OL_1_EFR____20181024T092040_20181024T092340_20240531T085758_0179_037_150_2160_MAR_R_NT_004.SEN3;b7c97a5a-1557-390a-9632-53f6f6cf2f35;S3A;OLCI;L2_THETIS_GRID_20181018_20181028.nc;1.753707723;0.177125575;0.101000625;LXP;24.10.2018;46.500283;6.660889;0.551506024;0
S3B_OL_1_EFR____20181024T091733_20181024T092033_20240621T022922_0180_015_150_2160_MAR_R_NT_004.SEN3;f4f9bd6e-9257-3596-99b7-3bb269ab6790;S3B;OLCI;L2_THETIS_GRID_20181018_20181028.nc;1.753707723;0.177125575;0.101000625;LXP;24.10.2018;46.500283;6.660889;0.551506024;0
S3A_OL_1_EFR____20181026T100918_20181026T101218_20240531T082501_0179_037_179_2160_MAR_R_NT_004.SEN3;e4868d62-0059-3c25-bb82-a75a11fadc0c;S3A;OLCI;L2_THETIS_GRID_20181018_20181028.nc;1.906872512;0.157720794;0.082711767;LXP;26.10.2018;46.500283;6.660889;0.955271084;0
S3B_OL_1_EFR____20181026T100330_20181026T100630_20240621T032002_0179_016_179_2160_MAR_R_NT_004.SEN3;50f56cf7-1d0e-3e52-8928-51aba36364ba;S3B;OLCI;L2_THETIS_GRID_20181018_20181028.nc;1.906872512;0.157720794;0.082711767;LXP;26.10.2018;46.500283;6.660889;0.955271084;0
S3A_OL_1_EFR____20181027T094307_20181027T094607_20240531T083057_0179_037_193_2160_MAR_R_NT_004.SEN3;b196152a-9e5d-35f8-a177-796a50fcee3e;S3A;OLCI;L2_THETIS_GRID_20181018_20181028.nc;1.811572396;0.144722164;0.079887596;LXP;27.10.2018;46.500283;6.660889;1;0
S3B_OL_1_EFR____20181027T093601_20181027T093901_20240621T050905_0179_016_193_2160_MAR_R_NT_004.SEN3;3c40a2fa-f83d-3610-9d1b-1257b824f955;S3B;OLCI;L2_THETIS_GRID_20181018_20181028.nc;1.811572396;0.144722164;0.079887596;LXP;27.10.2018;46.500283;6.660889;1;0
S3B_OL_1_EFR____20181029T102158_20181029T102458_20240621T031957_0179_016_222_2160_MAR_R_NT_004.SEN3;d2032f0b-837e-357d-a18b-9a2d93edef00;S3B;OLCI;L2_THETIS_GRID_20181028_20181107.nc;1.664933557;0.101488993;0.060956783;LXP;29.10.2018;46.500283;6.660889;1;0
S3A_OL_1_EFR____20181030T100533_20181030T100833_20240531T092216_0180_037_236_2160_MAR_R_NT_004.SEN3;e21e504e-169b-3645-803c-97e66b3289f2;S3A;OLCI;L2_THETIS_GRID_20181028_20181107.nc;1.50514587;0.044482098;0.029553347;LXP;30.10.2018;46.500283;6.660889;1;0
S3B_OL_1_EFR____20181030T095429_20181030T095729_20240621T044453_0179_016_236_2160_MAR_R_NT_004.SEN3;81d9487b-42ea-3b21-b938-7926fb6a2f6c;S3B;OLCI;L2_THETIS_GRID_20181028_20181107.nc;1.50514587;0.044482098;0.029553347;LXP;30.10.2018;46.500283;6.660889;1;0
S3B_OL_1_EFR____20181121T095607_20181121T095907_20240621T074402_0179_018_022_2160_MAR_R_NT_004.SEN3;fbbb6014-9bc2-3093-b18d-a212d8754bb1;S3B;OLCI;L2_THETIS_GRID_20181117_20181127.nc;2.160795256;0.171378695;0.079312788;LXP;21.11.2018;46.500283;6.660889;1;0
S3B_OL_1_EFR____20181122T092947_20181122T093247_20240621T060520_0179_018_036_2160_MAR_R_NT_004.SEN3;c64e0f44-d037-3884-ad78-9dfa890e6d9d;S3B;OLCI;L2_THETIS_GRID_20181117_20181127.nc;2.54187243;0.462161929;0.181819482;LXP;22.11.2018;46.500283;6.660889;0.964006024;0
S3A_OL_1_EFR____20181122T100916_20181122T101216_20240531T105904_0179_038_179_2160_MAR_R_NT_004.SEN3;619cbd57-447e-35f8-a851-50f26e36e546;S3A;OLCI;L2_THETIS_GRID_20181117_20181127.nc;2.54187243;0.462161929;0.181819482;LXP;22.11.2018;46.500283;6.660889;0.964006024;0
S3A_OL_1_EFR____20181123T094305_20181123T094604_20240531T110001_0179_038_193_2160_MAR_R_NT_004.SEN3;c88bb3b9-a05a-3d3b-a619-2cd6b0a98229;S3A;OLCI;L2_THETIS_GRID_20181117_20181127.nc;2.634416419;0.188261638;0.071462369;LXP;23.11.2018;46.500283;6.660889;1;0
S3B_OL_1_EFR____20181124T101817_20181124T102117_20240621T063532_0179_019_065_2160_MAR_R_NT_004.SEN3;2cbb69a8-979d-3083-b445-df188c1f3ef4;S3B;OLCI;L2_THETIS_GRID_20181117_20181127.nc;2.419500769;0.321597979;0.132919147;LXP;24.11.2018;46.500283;6.660889;0.281777108;0
S3B_OL_1_EFR____20181125T095207_20181125T095507_20240621T081915_0179_019_079_2160_MAR_R_NT_004.SEN3;2b0a9888-1138-3a04-84fb-78c98d3fdb46;S3B;OLCI;L2_THETIS_GRID_20181117_20181127.nc;2.169378084;0.171089581;0.078865728;LXP;25.11.2018;46.500283;6.660889;0.710692771;0
S3A_OL_1_EFR____20181126T100531_20181126T100831_20240531T104625_0179_038_236_2160_MAR_R_NT_004.SEN3;7c49341c-6ca5-3ed3-8702-66b8fed8c4c1;S3A;OLCI;L2_THETIS_GRID_20181117_20181127.nc;2.20669284;0.176478463;0.079974186;LXP;26.11.2018;46.500283;6.660889;1;0
S3B_OL_1_EFR____20181126T092557_20181126T092857_20240621T065438_0180_019_093_2160_MAR_R_NT_004.SEN3;9946fc6b-d4c9-321f-a179-d1aa9aa2520a;S3B;OLCI;L2_THETIS_GRID_20181117_20181127.nc;2.20669284;0.176478463;0.079974186;LXP;26.11.2018;46.500283;6.660889;1;0
S3A_OL_1_EFR____20181127T093919_20181127T094219_20240531T104827_0179_038_250_2160_MAR_R_NT_004.SEN3;0ba321ea-c589-3b79-8a97-7cad4eb4bbe0;S3A;OLCI;L2_THETIS_GRID_20181127_20181207.nc;2.162315758;0.15237051;0.070466355;LXP;27.11.2018;46.500283;6.660889;0.99246988;0
S3B_OL_1_EFR____20181128T101436_20181128T101736_20240621T074834_0179_019_122_2160_MAR_R_NT_004.SEN3;64ad4419-c8fb-380e-bb66-60b05dd8a27f;S3B;OLCI;L2_THETIS_GRID_20181127_20181207.nc;2.4861295;0.248736194;0.100049572;LXP;28.11.2018;46.500283;6.660889;0.996837349;0
S3B_OL_1_EFR____20181129T094825_20181129T095125_20240621T065842_0179_019_136_2160_MAR_R_NT_004.SEN3;e38305af-a0ed-3d99-9b7a-0085a88fe7f5;S3B;OLCI;L2_THETIS_GRID_20181127_20181207.nc;2.736605994;0.340603061;0.124461856;LXP;29.11.2018;46.500283;6.660889;1;0
S3A_OL_1_EFR____20181130T100146_20181130T100446_20240531T114010_0179_038_293_2160_MAR_R_NT_004.SEN3;a95f88aa-30ab-3491-acb0-0ec43e7794c6;S3A;OLCI;L2_THETIS_GRID_20181127_20181207.nc;2.429806991;0.167333201;0.068866869;LXP;30.11.2018;46.500283;6.660889;1;0
S3B_OL_1_EFR____20181130T092214_20181130T092514_20240621T080201_0180_019_150_2160_MAR_R_NT_004.SEN3;a2f34ac5-d2c6-3cb4-ae2b-479ef5fbf2ed;S3B;OLCI;L2_THETIS_GRID_20181127_20181207.nc;2.429806991;0.167333201;0.068866869;LXP;30.11.2018;46.500283;6.660889;1;0
S3A_OL_1_EFR____20181201T093534_20181201T093834_20240531T114316_0180_038_307_2160_MAR_R_NT_004.SEN3;8532fc8a-af45-344b-aa21-28017f2edc75;S3A;OLCI;L2_THETIS_GRID_20181127_20181207.nc;2.560767758;0.263516327;0.102905203;LXP;01.12.2018;46.500283;6.660889;1;0
S3B_OL_1_EFR____20181202T101051_20181202T101351_20240621T091605_0179_019_179_2160_MAR_R_NT_004.SEN3;4652cf61-57e2-3bba-9862-4b4be07d90b0;S3B;OLCI;L2_THETIS_GRID_20181127_20181207.nc;2.486587309;0.141915784;0.057072512;LXP;02.12.2018;46.500283;6.660889;1;0
S3A_OL_1_EFR____20181203T102412_20181203T102712_20240531T110800_0180_038_336_2160_MAR_R_NT_004.SEN3;c5c64766-0daf-399c-a375-218cecce2aa2;S3A;OLCI;L2_THETIS_GRID_20181127_20181207.nc;2.733934136;0.213986273;0.078270456;LXP;03.12.2018;46.500283;6.660889;1;0
S3B_OL_1_EFR____20181203T094440_20181203T094740_20240621T074939_0179_019_193_2160_MAR_R_NT_004.SEN3;a010c6a3-66eb-35db-98e7-b80032791637;S3B;OLCI;L2_THETIS_GRID_20181127_20181207.nc;2.733934136;0.213986273;0.078270456;LXP;03.12.2018;46.500283;6.660889;1;0
S3A_OL_1_EFR____20181204T095801_20181204T100101_20240531T111213_0180_038_350_2160_MAR_R_NT_004.SEN3;42b2e983-c4a0-3e2c-8cc2-50fc45ba0a99;S3A;OLCI;L2_THETIS_GRID_20181127_20181207.nc;2.584404498;0.303981048;0.117621312;LXP;04.12.2018;46.500283;6.660889;0.998644578;0
S3B_OL_1_EFR____20181204T091829_20181204T092129_20240621T091553_0179_019_207_2160_MAR_R_NT_004.SEN3;6317568c-923f-3a5b-add2-3f92c9d7df6f;S3B;OLCI;L2_THETIS_GRID_20181127_20181207.nc;2.584404498;0.303981048;0.117621312;LXP;04.12.2018;46.500283;6.660889;0.998644578;0
S3A_OL_1_EFR____20181205T093150_20181205T093450_20240531T111617_0179_038_364_2160_MAR_R_NT_004.SEN3;b2d1a30c-6ca0-3f5a-9429-e7e23fc4fb8c;S3A;OLCI;L2_THETIS_GRID_20181127_20181207.nc;2.362061668;0.270572395;0.114549251;LXP;05.12.2018;46.500283;6.660889;1;0
S3B_OL_1_EFR____20181206T100706_20181206T101006_20240621T074511_0179_019_236_2160_MAR_R_NT_004.SEN3;dfcc0ea4-6404-3448-b669-accea8c1f68a;S3B;OLCI;L2_THETIS_GRID_20181127_20181207.nc;2.586690405;0.233289961;0.09018859;LXP;06.12.2018;46.500283;6.660889;0.998343373;0
S3B_OL_1_EFR____20181207T094055_20181207T094355_20240621T091625_0179_019_250_2160_MAR_R_NT_004.SEN3;29d8c290-87cd-37fc-acc6-14d688d828e3;S3B;OLCI;L2_THETIS_GRID_20181207_20181217.nc;2.534137693;0.296156678;0.116866845;LXP;07.12.2018;46.500283;6.660889;0.034638554;0
S3A_OL_1_EFR____20181207T102027_20181207T102327_20240531T115614_0179_039_008_2160_MAR_R_NT_004.SEN3;7cd2444f-1ee1-3754-b06c-237445ceb373;S3A;OLCI;L2_THETIS_GRID_20181207_20181217.nc;2.534137693;0.296156678;0.116866845;LXP;07.12.2018;46.500283;6.660889;0.034638554;0
S3A_OL_1_EFR____20181208T095416_20181208T095716_20240531T120341_0179_039_022_2160_MAR_R_NT_004.SEN3;4bd34d27-46c0-3fcd-a287-984486d76f45;S3A;OLCI;L2_THETIS_GRID_20181207_20181217.nc;1.617266805;0.23620305;0.146050762;LXP;08.12.2018;46.500283;6.660889;0.938704819;0
S3A_OL_1_EFR____20181209T092804_20181209T093104_20240531T120746_0179_039_036_2160_MAR_R_NT_004.SEN3;bf7cd9e4-83db-35ce-8c92-efd34d4aaeff;S3A;OLCI;L2_THETIS_GRID_20181207_20181217.nc;1.709997411;0.135911384;0.079480462;LXP;09.12.2018;46.500283;6.660889;1;0
S3B_OL_1_EFR____20181210T100321_20181210T100621_20240621T083437_0179_019_293_2160_MAR_R_NT_004.SEN3;7dcb88d2-f220-3155-8138-c9e763a5afb5;S3B;OLCI;L2_THETIS_GRID_20181207_20181217.nc;1.925325592;0.153952794;0.079961953;LXP;10.12.2018;46.500283;6.660889;0.991566265;0
S3A_OL_1_EFR____20181211T101642_20181211T101942_20240531T113007_0179_039_065_2160_MAR_R_NT_004.SEN3;2c32d880-6fbf-3857-854f-5360a7f426a7;S3A;OLCI;L2_THETIS_GRID_20181207_20181217.nc;1.763144407;0.121252816;0.06877078;LXP;11.12.2018;46.500283;6.660889;0.107680723;0
S3B_OL_1_EFR____20181211T093710_20181211T094010_20240621T095517_0179_019_307_2160_MAR_R_NT_004.SEN3;f4a38f40-2a5c-35b2-b41b-172f1c0776d1;S3B;OLCI;L2_THETIS_GRID_20181207_20181217.nc;1.763144407;0.121252816;0.06877078;LXP;11.12.2018;46.500283;6.660889;0.107680723;0
S3B_OL_1_EFR____20190225T100711_20190225T101011_20240525T054325_0179_022_236_2160_MAR_R_NT_004.SEN3;76ecb0a7-beda-3e99-9f87-a3bf2fd67aa0;S3B;OLCI;L2_THETIS_GRID_20190225_20190307.nc;4.765331019;1.113009778;0.233564001;LXP;25.02.2019;46.500283;6.660889;0.068373494;0
S3B_OL_1_EFR____20190226T094100_20190226T094400_20240525T081002_0179_022_250_2160_MAR_R_NT_004.SEN3;3730bc0b-f1af-3c36-bc93-2747fb9185e7;S3B;OLCI;L2_THETIS_GRID_20190225_20190307.nc;4.008489252;0.743457699;0.185470798;LXP;26.02.2019;46.500283;6.660889;0.449548193;0
S3A_OL_1_EFR____20190226T102029_20190226T102329_20240531T172540_0179_042_008_2160_MAR_R_NT_004.SEN3;082bd257-93f7-3541-8833-06e8007655c8;S3A;OLCI;L2_THETIS_GRID_20190225_20190307.nc;4.008489252;0.743457699;0.185470798;LXP;26.02.2019;46.500283;6.660889;0.449548193;0
S3A_OL_1_EFR____20190227T095418_20190227T095718_20240531T172828_0179_042_022_2160_MAR_R_NT_004.SEN3;9c2be77d-66c1-36c2-84c8-a46a21eae215;S3A;OLCI;L2_THETIS_GRID_20190225_20190307.nc;4.648157332;1.392606765;0.299604051;LXP;27.02.2019;46.500283;6.660889;0.005572289;0
S3A_OL_1_EFR____20190228T092807_20190228T093107_20240531T173157_0179_042_036_2160_MAR_R_NT_004.SEN3;df154231-1283-3f61-94f9-93a0b54b4f6e;S3A;OLCI;L2_THETIS_GRID_20190225_20190307.nc;5.763235634;1.257638282;0.218217398;LXP;28.02.2019;46.500283;6.660889;1;0
S3B_OL_1_EFR____20190301T100327_20190301T100627_20240525T072815_0179_022_293_2160_MAR_R_NT_004.SEN3;ca27c5f8-526b-3296-8fa1-61def9f9a95e;S3B;OLCI;L2_THETIS_GRID_20190225_20190307.nc;4.440691961;1.368350075;0.308138931;LXP;01.03.2019;46.500283;6.660889;1;0
S3B_OL_1_EFR____20190302T093716_20190302T094016_20240525T094403_0179_022_307_2160_MAR_R_NT_004.SEN3;b8d03750-06c5-3baf-8549-f4d84225b53f;S3B;OLCI;L2_THETIS_GRID_20190225_20190307.nc;4.9425449;0.437420873;0.088501143;LXP;02.03.2019;46.500283;6.660889;1;0
S3A_OL_1_EFR____20190302T101644_20190302T101944_20240531T165257_0179_042_065_2160_MAR_R_NT_004.SEN3;f885a777-f60d-3d84-8dfa-2f7ba17b65a2;S3A;OLCI;L2_THETIS_GRID_20190225_20190307.nc;4.9425449;0.437420873;0.088501143;LXP;02.03.2019;46.500283;6.660889;1;0
S3A_OL_1_EFR____20190303T095033_20190303T095333_20240531T165605_0179_042_079_2160_MAR_R_NT_004.SEN3;a1fedc19-e5a8-382a-80e6-cd64118cfe27;S3A;OLCI;L2_THETIS_GRID_20190225_20190307.nc;5.679064506;1.407971877;0.247923206;LXP;03.03.2019;46.500283;6.660889;0.866716867;0
S3B_OL_1_EFR____20190304T102554_20190304T102854_20240525T064033_0179_022_336_2160_MAR_R_NT_004.SEN3;d6abbe72-d76f-3990-9ff2-769b291c3754;S3B;OLCI;L2_THETIS_GRID_20190225_20190307.nc;4.572741663;2.168625275;0.474250556;LXP;04.03.2019;46.500283;6.660889;1;0
S3A_OL_1_EFR____20190304T092422_20190304T092722_20240531T170024_0179_042_093_2160_MAR_R_NT_004.SEN3;74b4d6fe-6ea5-3ab7-9e21-0787e513809d;S3A;OLCI;L2_THETIS_GRID_20190225_20190307.nc;4.572741663;2.168625275;0.474250556;LXP;04.03.2019;46.500283;6.660889;1;0
S3B_OL_1_EFR____20190305T095944_20190305T100244_20240525T084644_0179_022_350_2160_MAR_R_NT_004.SEN3;f901a42f-46d6-3e0c-bf8e-b83ecb06fa64;S3B;OLCI;L2_THETIS_GRID_20190225_20190307.nc;1.06584195;0.182031499;0.170786578;LXP;05.03.2019;46.500283;6.660889;0.087198795;0
S3B_OL_1_EFR____20190306T093333_20190306T093633_20240525T065100_0179_022_364_2160_MAR_R_NT_004.SEN3;815976d4-eb51-3542-9b5a-5b48f21c7c70;S3B;OLCI;L2_THETIS_GRID_20190225_20190307.nc;1.921111286;0.506343912;0.263568235;LXP;06.03.2019;46.500283;6.660889;1;0
S3A_OL_1_EFR____20190306T101259_20190306T101559_20240531T174602_0180_042_122_2160_MAR_R_NT_004.SEN3;c95912f4-da4a-3c72-9fef-2f6772611cfc;S3A;OLCI;L2_THETIS_GRID_20190225_20190307.nc;1.921111286;0.506343912;0.263568235;LXP;06.03.2019;46.500283;6.660889;1;0
S3A_OL_1_EFR____20190307T094648_20190307T094948_20240531T175241_0179_042_136_2160_MAR_R_NT_004.SEN3;3926b49e-e956-34ce-a1f1-434fe641d78d;S3A;OLCI;L2_THETIS_GRID_20190307_20190317.nc;1.748112565;0.197967053;0.11324617;LXP;07.03.2019;46.500283;6.660889;1;0
S3B_OL_1_EFR____20190308T102210_20190308T102510_20240525T075538_0179_023_008_2160_MAR_R_NT_004.SEN3;436d4026-3112-375b-9533-cf6bf8202413;S3B;OLCI;L2_THETIS_GRID_20190307_20190317.nc;2.789096876;0.574142983;0.20585265;LXP;08.03.2019;46.500283;6.660889;0.99939759;0
S3A_OL_1_EFR____20190308T092037_20190308T092337_20240531T175927_0179_042_150_2160_MAR_R_NT_004.SEN3;4fa2e44d-983f-3928-8977-97dca91121cb;S3A;OLCI;L2_THETIS_GRID_20190307_20190317.nc;2.789096876;0.574142983;0.20585265;LXP;08.03.2019;46.500283;6.660889;0.99939759;0
S3B_OL_1_EFR____20190309T095600_20190309T095900_20240525T085218_0179_023_022_2160_MAR_R_NT_004.SEN3;5dd8eb6c-3395-3a08-b326-c5f64eceec3a;S3B;OLCI;L2_THETIS_GRID_20190307_20190317.nc;2.691486629;0.277185868;0.102986158;LXP;09.03.2019;46.500283;6.660889;1;0
S3B_OL_1_EFR____20190310T092949_20190310T093249_20240525T070525_0179_023_036_2160_MAR_R_NT_004.SEN3;611570a9-4ba5-3911-b047-ece0bde6b2c7;S3B;OLCI;L2_THETIS_GRID_20190307_20190317.nc;3.222010761;0.696036715;0.216025571;LXP;10.03.2019;46.500283;6.660889;1;0
S3A_OL_1_EFR____20190310T100914_20190310T101214_20240531T172650_0179_042_179_2160_MAR_R_NT_004.SEN3;963fc6fa-98ef-38c1-baee-6f3f748ccc81;S3A;OLCI;L2_THETIS_GRID_20190307_20190317.nc;3.222010761;0.696036715;0.216025571;LXP;10.03.2019;46.500283;6.660889;1;0
S3A_OL_1_EFR____20190311T094303_20190311T094603_20240531T173153_0179_042_193_2160_MAR_R_NT_004.SEN3;0fca0fbb-5597-3a09-84a7-10c06f6fce34;S3A;OLCI;L2_THETIS_GRID_20190307_20190317.nc;1.926885242;0.604358197;0.313645143;LXP;11.03.2019;46.500283;6.660889;1;0
S3B_OL_1_EFR____20190312T101827_20190312T102127_20240525T082726_0179_023_065_2160_MAR_R_NT_004.SEN3;4f377b1d-1c2c-3f64-af28-68a506e38ed2;S3B;OLCI;L2_THETIS_GRID_20190307_20190317.nc;2.927615054;0.840306408;0.287027629;LXP;12.03.2019;46.500283;6.660889;0.99563253;0
S3B_OL_1_EFR____20190313T095216_20190313T095516_20240525T101846_0179_023_079_2160_MAR_R_NT_004.SEN3;0b0c856e-8b31-3f7e-b432-fc3da51ec957;S3B;OLCI;L2_THETIS_GRID_20190307_20190317.nc;2.332694751;0.426028577;0.182633658;LXP;13.03.2019;46.500283;6.660889;0.930572289;0
S3B_OL_1_EFR____20190314T092605_20190314T092905_20240525T083255_0179_023_093_2160_MAR_R_NT_004.SEN3;7a5eafe5-15e0-3c82-93c2-cd83ad2bba6e;S3B;OLCI;L2_THETIS_GRID_20190307_20190317.nc;1.952480217;0.263689436;0.135053576;LXP;14.03.2019;46.500283;6.660889;1;0
S3A_OL_1_EFR____20190314T100529_20190314T100829_20240531T182904_0179_042_236_2160_MAR_R_NT_004.SEN3;26a78c2e-830b-303c-9aa1-61b2b5567e1e;S3A;OLCI;L2_THETIS_GRID_20190307_20190317.nc;1.952480217;0.263689436;0.135053576;LXP;14.03.2019;46.500283;6.660889;1;0
S3A_OL_1_EFR____20190315T093918_20190315T094218_20240531T182845_0179_042_250_2160_MAR_R_NT_004.SEN3;ad9ee26d-af63-3a3e-8fd7-5c49b5354d2e;S3A;OLCI;L2_THETIS_GRID_20190307_20190317.nc;2.06484566;0.309948557;0.150107372;LXP;15.03.2019;46.500283;6.660889;1;0
S3B_OL_1_EFR____20190316T101443_20190316T101743_20240525T093605_0179_023_122_2160_MAR_R_NT_004.SEN3;19688ec9-444c-390e-9e47-bcbeed65ab3a;S3B;OLCI;L2_THETIS_GRID_20190307_20190317.nc;2.168028946;0.578341392;0.266759073;LXP;16.03.2019;46.500283;6.660889;0.515512048;0
S3A_OL_1_EFR____20190524T092429_20190524T092729_20240531T222208_0179_045_093_2160_MAR_R_NT_004.SEN3;3b27ee19-1eb8-3ef6-9d32-044aa8580112;S3A;OLCI;L2_THETIS_GRID_20190516_20190526.nc;3.623920076;1.266159136;0.349389365;LXP;24.05.2019;46.500283;6.660889;1;0
S3B_OL_1_EFR____20190524T102553_20190524T102853_20240525T123443_0179_025_336_2160_MAR_R_NT_004.SEN3;45b0d90b-79e4-3bcb-91e3-9a718d181134;S3B;OLCI;L2_THETIS_GRID_20190516_20190526.nc;3.623920076;1.266159136;0.349389365;LXP;24.05.2019;46.500283;6.660889;1;0
S3B_OL_1_EFR____20190525T095942_20190525T100242_20240525T101140_0179_025_350_2160_MAR_R_NT_004.SEN3;58274e36-54ab-3b13-a05d-3a69e08abfd4;S3B;OLCI;L2_THETIS_GRID_20190516_20190526.nc;4.886717677;1.2319007;0.252091645;LXP;25.05.2019;46.500283;6.660889;0.814307229;0
S3B_OL_1_EFR____20190526T093331_20190526T093631_20240525T123402_0179_025_364_2160_MAR_R_NT_004.SEN3;794b2ce2-9fd0-32a8-bef0-c37fa98b2057;S3B;OLCI;L2_THETIS_GRID_20190526_20190605.nc;5.669162388;1.09758429;0.193606077;LXP;26.05.2019;46.500283;6.660889;0.413403614;0
S3A_OL_1_EFR____20190526T101307_20190526T101607_20240531T231654_0179_045_122_2160_MAR_R_NT_004.SEN3;f54e245a-db59-396b-86f0-7ef7a2ae6b5a;S3A;OLCI;L2_THETIS_GRID_20190526_20190605.nc;5.669162388;1.09758429;0.193606077;LXP;26.05.2019;46.500283;6.660889;0.413403614;0
S3A_OL_1_EFR____20190527T094656_20190527T094956_20240531T232025_0179_045_136_2160_MAR_R_NT_004.SEN3;a0864865-a2b8-3fe3-9cd0-3ec6c2f573e1;S3A;OLCI;L2_THETIS_GRID_20190526_20190605.nc;5.383649855;1.110450272;0.206263465;LXP;27.05.2019;46.500283;6.660889;0.748343373;0
S3B_OL_1_EFR____20190528T102208_20190528T102508_20240525T134208_0179_026_008_2160_MAR_R_NT_004.SEN3;4eaeb5b9-3127-3fac-8e3a-3b1fe91c5a0e;S3B;OLCI;L2_THETIS_GRID_20190526_20190605.nc;5.44824325;0.830012041;0.152344894;LXP;28.05.2019;46.500283;6.660889;0.999246988;0
S3A_OL_1_EFR____20190528T092045_20190528T092345_20240531T232007_0179_045_150_2160_MAR_R_NT_004.SEN3;60e14b3e-97ee-319d-bde0-3a727a90eba3;S3A;OLCI;L2_THETIS_GRID_20190526_20190605.nc;5.44824325;0.830012041;0.152344894;LXP;28.05.2019;46.500283;6.660889;0.999246988;0
S3B_OL_1_EFR____20190529T095557_20190529T095857_20240525T112946_0179_026_022_2160_MAR_R_NT_004.SEN3;7ee3779c-f4b8-3971-b932-75c339dbecfb;S3B;OLCI;L2_THETIS_GRID_20190526_20190605.nc;5.125943669;0.915316796;0.17856552;LXP;29.05.2019;46.500283;6.660889;0.947891566;0
S3B_OL_1_EFR____20190530T092946_20190530T093246_20240525T132913_0179_026_036_2160_MAR_R_NT_004.SEN3;012a064c-2ccb-3f3b-88b1-d899540df1d0;S3B;OLCI;L2_THETIS_GRID_20190526_20190605.nc;3.901818389;1.161471535;0.297674422;LXP;30.05.2019;46.500283;6.660889;0.037801205;0
S3A_OL_1_EFR____20190530T100922_20190530T101222_20240531T223329_0179_045_179_2160_MAR_R_NT_004.SEN3;0ccd29e0-36b4-3752-aeaf-3c95b5f967ee;S3A;OLCI;L2_THETIS_GRID_20190526_20190605.nc;3.901818389;1.161471535;0.297674422;LXP;30.05.2019;46.500283;6.660889;0.037801205;0
S3A_OL_1_EFR____20190531T094311_20190531T094611_20240531T223748_0179_045_193_2160_MAR_R_NT_004.SEN3;9fd1980c-d3ad-3caa-8ecf-68d2ae17eb97;S3A;OLCI;L2_THETIS_GRID_20190526_20190605.nc;3.581303685;0.850563946;0.237501207;LXP;31.05.2019;46.500283;6.660889;0.004518072;0
S3B_OL_1_EFR____20190601T101823_20190601T102123_20240525T103026_0180_026_065_2160_MAR_R_NT_004.SEN3;b79604f3-cbf2-3233-807d-eb59718692c6;S3B;OLCI;L2_THETIS_GRID_20190526_20190605.nc;3.457814697;1.132475437;0.327511893;LXP;01.06.2019;46.500283;6.660889;0.161445783;0
S3B_OL_1_EFR____20190602T095212_20190602T095512_20240525T125443_0179_026_079_2160_MAR_R_NT_004.SEN3;e1520b02-d8ef-39a2-9194-9ac3a019a782;S3B;OLCI;L2_THETIS_GRID_20190526_20190605.nc;4.108874734;1.88436178;0.458607746;LXP;02.06.2019;46.500283;6.660889;0.005421687;0
S3A_OL_1_EFR____20190603T100537_20190603T100837_20240531T233001_0179_045_236_2160_MAR_R_NT_004.SEN3;12e1fc5a-74d7-3e86-bbf7-ef753b558d9b;S3A;OLCI;L2_THETIS_GRID_20190526_20190605.nc;3.877730473;1.35309036;0.348938734;LXP;03.06.2019;46.500283;6.660889;0.982078313;0
S3B_OL_1_EFR____20190603T092600_20190603T092900_20240525T104039_0179_026_093_2160_MAR_R_NT_004.SEN3;a852bd85-4844-369b-9622-437a86821544;S3B;OLCI;L2_THETIS_GRID_20190526_20190605.nc;3.877730473;1.35309036;0.348938734;LXP;03.06.2019;46.500283;6.660889;0.982078313;0
S3B_OL_1_EFR____20190606T094826_20190606T095126_20240525T144146_0180_026_136_2160_MAR_R_NT_004.SEN3;043b287f-dc71-3689-ba5a-a9c675d373f8;S3B;OLCI;L2_THETIS_GRID_20190605_20190615.nc;4.596578378;0.859385329;0.186961966;LXP;06.06.2019;46.500283;6.660889;0.98373494;0
S3B_OL_1_EFR____20190607T092215_20190607T092515_20240525T120129_0180_026_150_2160_MAR_R_NT_004.SEN3;cb7bea08-2d65-38b5-bc47-b120b3d47067;S3B;OLCI;L2_THETIS_GRID_20190605_20190615.nc;4.992450349;1.565153274;0.313504024;LXP;07.06.2019;46.500283;6.660889;0.030271084;0
S3A_OL_1_EFR____20190607T100153_20190607T100452_20240531T231755_0179_045_293_2160_MAR_R_NT_004.SEN3;0c236873-20d6-358e-a37e-772f037c46b5;S3A;OLCI;L2_THETIS_GRID_20190605_20190615.nc;4.992450349;1.565153274;0.313504024;LXP;07.06.2019;46.500283;6.660889;0.030271084;0
S3A_OL_1_EFR____20190611T095808_20190611T100108_20240601T002047_0179_045_350_2160_MAR_R_NT_004.SEN3;70fedddf-6b0c-3a61-a5b6-bd08e89c781a;S3A;OLCI;L2_THETIS_GRID_20190605_20190615.nc;6.199525582;0.841909751;0.135802287;LXP;11.06.2019;46.500283;6.660889;1;0
S3B_OL_1_EFR____20190611T091831_20190611T092131_20240525T131420_0180_026_207_2160_MAR_R_NT_004.SEN3;933283c4-5d56-3841-85ce-37ab6a80fdfe;S3B;OLCI;L2_THETIS_GRID_20190605_20190615.nc;6.199525582;0.841909751;0.135802287;LXP;11.06.2019;46.500283;6.660889;1;0
S3A_OL_1_EFR____20190612T093157_20190612T093457_20240601T002248_0180_045_364_2160_MAR_R_NT_004.SEN3;fc3be7a3-4e34-3199-ac4e-bef55c2b2e97;S3A;OLCI;L2_THETIS_GRID_20190605_20190615.nc;3.9649315;1.374478412;0.346658804;LXP;12.06.2019;46.500283;6.660889;0.101506024;0
S3B_OL_1_EFR____20190613T100708_20190613T101008_20240525T143902_0179_026_236_2160_MAR_R_NT_004.SEN3;9ed2d356-810c-3a7d-abda-4a456e94cfa1;S3B;OLCI;L2_THETIS_GRID_20190605_20190615.nc;3.352810206;0.982603406;0.293068604;LXP;13.06.2019;46.500283;6.660889;0.001355422;0
S3A_OL_1_EFR____20190614T102034_20190614T102334_20240531T233935_0179_046_008_2160_MAR_R_NT_004.SEN3;c53416ec-29a7-326f-9eac-e0a45d0b845d;S3A;OLCI;L2_THETIS_GRID_20190605_20190615.nc;4.041139718;0.825817383;0.204352594;LXP;14.06.2019;46.500283;6.660889;0.948192771;0
S3B_OL_1_EFR____20190614T094057_20190614T094357_20240525T121748_0179_026_250_2160_MAR_R_NT_004.SEN3;a41e28ad-8e95-36e9-9297-967959fd80c3;S3B;OLCI;L2_THETIS_GRID_20190605_20190615.nc;4.041139718;0.825817383;0.204352594;LXP;14.06.2019;46.500283;6.660889;0.948192771;0
S3A_OL_1_EFR____20190615T095423_20190615T095723_20240531T234542_0180_046_022_2160_MAR_R_NT_004.SEN3;f678895f-80af-355b-9add-3ed944fa8ce3;S3A;OLCI;L2_THETIS_GRID_20190615_20190625.nc;4.734070302;0.806450861;0.170350419;LXP;15.06.2019;46.500283;6.660889;0.919879518;0
S3B_OL_1_EFR____20190618T093712_20190618T094012_20240525T134016_0180_026_307_2160_MAR_R_NT_004.SEN3;4daa193a-c02f-35b0-a218-10429cb8ce13;S3B;OLCI;L2_THETIS_GRID_20190615_20190625.nc;5.220718471;1.417577749;0.271529246;LXP;18.06.2019;46.500283;6.660889;1;0
S3A_OL_1_EFR____20190618T101650_20190618T101950_20240601T004710_0179_046_065_2160_MAR_R_NT_004.SEN3;256500b3-4f65-3cb5-8935-b7e7be044a8e;S3A;OLCI;L2_THETIS_GRID_20190615_20190625.nc;5.220718471;1.417577749;0.271529246;LXP;18.06.2019;46.500283;6.660889;1;0
S3A_OL_1_EFR____20190619T095039_20190619T095339_20240601T005403_0179_046_079_2160_MAR_R_NT_004.SEN3;7c04c8a5-f167-34c0-8983-30d1abaf0a2a;S3A;OLCI;L2_THETIS_GRID_20190615_20190625.nc;4.912609504;1.233561193;0.251101007;LXP;19.06.2019;46.500283;6.660889;0.672439759;0
S3A_OL_1_EFR____20190620T092428_20190620T092728_20240601T011159_0179_046_093_2160_MAR_R_NT_004.SEN3;eb4875be-a38d-3515-900a-1cafbf2dbb6e;S3A;OLCI;L2_THETIS_GRID_20190615_20190625.nc;6.041404064;1.303509451;0.215762667;LXP;20.06.2019;46.500283;6.660889;0.944277108;0
S3B_OL_1_EFR____20190620T102549_20190620T102849_20240525T145301_0179_026_336_2160_MAR_R_NT_004.SEN3;d9227214-7d68-3ca2-846a-53a2ebf69c3c;S3B;OLCI;L2_THETIS_GRID_20190615_20190625.nc;6.041404064;1.303509451;0.215762667;LXP;20.06.2019;46.500283;6.660889;0.944150943;0
S3B_OL_1_EFR____20190621T095939_20190621T100239_20240525T124551_0179_026_350_2160_MAR_R_NT_004.SEN3;2c863ac7-ca60-39fe-9231-2ad211a1b0d4;S3B;OLCI;L2_THETIS_GRID_20190615_20190625.nc;4.137906481;0.428070463;0.103450976;LXP;21.06.2019;46.500283;6.660889;0.999698795;0
S3A_OL_1_EFR____20190624T092044_20190624T092344_20240601T002157_0179_046_150_2160_MAR_R_NT_004.SEN3;3514869d-4fb4-3260-9268-d06ae0769c61;S3A;OLCI;L2_THETIS_GRID_20190615_20190625.nc;3.083923965;0.879721786;0.28526053;LXP;24.06.2019;46.500283;6.660889;0.453313253;0
S3B_OL_1_EFR____20190624T102206_20190624T102506_20240525T115651_0179_027_008_2160_MAR_R_NT_004.SEN3;e430cd9c-33c2-3917-b4e5-b967b2df1faf;S3B;OLCI;L2_THETIS_GRID_20190615_20190625.nc;3.083923965;0.879721786;0.28526053;LXP;24.06.2019;46.500283;6.660889;0.453313253;0
S3A_OL_1_EFR____20191206T094304_20191206T094604_20240601T151029_0179_052_193_2160_MAR_R_NT_004.SEN3;229dd3b5-e319-3904-89a2-7ea87ca6cca3;S3A;OLCI;L2_THETIS_GRID_20191202_20191212.nc;;;;LXP;06.12.2019;46.500283;6.660889;0.917319277;0
S3B_OL_1_EFR____20191207T101825_20191207T102124_20240525T210909_0179_033_065_2160_MAR_R_NT_004.SEN3;996c075d-e7ef-3dfe-b966-c63142ecdf82;S3B;OLCI;L2_THETIS_GRID_20191202_20191212.nc;9.084794482e-314;0;0;LXP;07.12.2019;46.500283;6.660889;0.669126506;1
S3B_OL_1_EFR____20191208T095214_20191208T095514_20240525T230831_0179_033_079_2160_MAR_R_NT_004.SEN3;bc8b56c1-b844-367e-afe3-ee6a0ed1f555;S3B;OLCI;L2_THETIS_GRID_20191202_20191212.nc;2.24E-306;0;0;LXP;08.12.2019;46.500283;6.660889;0.999849398;1
S3B_OL_1_EFR____20191209T092603_20191209T092903_20240525T210813_0179_033_093_2160_MAR_R_NT_004.SEN3;e2ce6334-5571-3879-903f-c542631b5e83;S3B;OLCI;L2_THETIS_GRID_20191202_20191212.nc;;;;LXP;09.12.2019;46.500283;6.660889;1;0
S3A_OL_1_EFR____20191209T100530_20191209T100830_20240601T143402_0179_052_236_2160_MAR_R_NT_004.SEN3;78db17e5-737a-3267-87a7-7bb4bd12767b;S3A;OLCI;L2_THETIS_GRID_20191202_20191212.nc;;;;LXP;09.12.2019;46.500283;6.660889;1;0
S3B_OL_1_EFR____20200131T095210_20200131T095510_20240526T024035_0179_035_079_2160_MAR_R_NT_004.SEN3;5912db5d-ac5f-3197-bd39-535205068d29;S3B;OLCI;L2_THETIS_GRID_20200131_20200210.nc;1.466616477;0.184513329;0.125808848;LXP;31.01.2020;46.500283;6.660889;0.990060241;0
S3A_OL_1_EFR____20200201T100534_20200201T100834_20240601T183155_0179_054_236_2160_MAR_R_NT_004.SEN3;a87c0de9-7138-337b-804a-5ab4f5cdeb65;S3A;OLCI;L2_THETIS_GRID_20200131_20200210.nc;1.694391707;0.173284872;0.102269665;LXP;01.02.2020;46.500283;6.660889;0.930722892;0
S3B_OL_1_EFR____20200201T092558_20200201T092858_20240526T042721_0179_035_093_2160_MAR_R_NT_004.SEN3;58f7d306-09a1-3233-ba31-e1c662311e2c;S3B;OLCI;L2_THETIS_GRID_20200131_20200210.nc;1.694391707;0.173284872;0.102269665;LXP;01.02.2020;46.500283;6.660889;0.930722892;0
S3A_OL_1_EFR____20200202T093923_20200202T094223_20240601T183433_0179_054_250_2160_MAR_R_NT_004.SEN3;ad76c9b7-b883-3f12-8c54-1f6ba61dd68b;S3A;OLCI;L2_THETIS_GRID_20200131_20200210.nc;1.72433479;0.121775019;0.070621447;LXP;02.02.2020;46.500283;6.660889;1;0
S3B_OL_1_EFR____20200203T101436_20200203T101736_20240526T005158_0179_035_122_2160_MAR_R_NT_004.SEN3;98131633-451f-30e7-9c54-a537a71dc99f;S3B;OLCI;L2_THETIS_GRID_20200131_20200210.nc;1.175445618;0.242815758;0.206573366;LXP;03.02.2020;46.500283;6.660889;1;0
S3B_OL_1_EFR____20200204T094824_20200204T095124_20240526T040316_0179_035_136_2160_MAR_R_NT_004.SEN3;98136dc3-6441-33f5-b7b5-e5eb5e8d39d3;S3B;OLCI;L2_THETIS_GRID_20200131_20200210.nc;0.981854504;0.071560768;0.072883272;LXP;04.02.2020;46.500283;6.660889;0.87003012;0
S3A_OL_1_EFR____20200205T100150_20200205T100450_20240601T195051_0179_054_293_2160_MAR_R_NT_004.SEN3;c4fe8b9c-bdaa-39af-aa0c-921b787ff8db;S3A;OLCI;L2_THETIS_GRID_20200131_20200210.nc;1.156423682;0.146812395;0.126953812;LXP;05.02.2020;46.500283;6.660889;0.06626506;0
S3B_OL_1_EFR____20200205T092213_20200205T092513_20240526T005437_0179_035_150_2160_MAR_R_NT_004.SEN3;89b52e2a-0f97-3b36-b69e-861cd6607c5c;S3B;OLCI;L2_THETIS_GRID_20200131_20200210.nc;1.156423682;0.146812395;0.126953812;LXP;05.02.2020;46.500283;6.660889;0.06626506;0
S3A_OL_1_EFR____20200206T093539_20200206T093839_20240601T195537_0179_054_307_2160_MAR_R_NT_004.SEN3;b5404a55-8ca4-323e-9b6e-9eda5dff34d4;S3A;OLCI;L2_THETIS_GRID_20200131_20200210.nc;1.36508522;0.158268429;0.115940329;LXP;06.02.2020;46.500283;6.660889;1;0
S3B_OL_1_EFR____20200207T101051_20200207T101351_20240526T024401_0179_035_179_2160_MAR_R_NT_004.SEN3;a7c7d134-c806-3b0d-a9a8-09cfe24b05fe;S3B;OLCI;L2_THETIS_GRID_20200131_20200210.nc;1.420598765;0.200056861;0.140825732;LXP;07.02.2020;46.500283;6.660889;0.002560241;0
S3A_OL_1_EFR____20200208T102416_20200208T102716_20240601T192020_0179_054_336_2160_MAR_R_NT_004.SEN3;cec5a9dd-ade2-3f13-bb80-394264c6842f;S3A;OLCI;L2_THETIS_GRID_20200131_20200210.nc;1.393189255;0.187342968;0.134470581;LXP;08.02.2020;46.500283;6.660889;0.735542169;0
S3B_OL_1_EFR____20200208T094441_20200208T094741_20240526T045831_0179_035_193_2160_MAR_R_NT_004.SEN3;821b88b7-72f2-34e8-bf26-c256450d4294;S3B;OLCI;L2_THETIS_GRID_20200131_20200210.nc;1.393189255;0.187342968;0.134470581;LXP;08.02.2020;46.500283;6.660889;0.735542169;0
S3B_OL_1_EFR____20200209T091830_20200209T092130_20240526T024255_0179_035_207_2160_MAR_R_NT_004.SEN3;2199c1ec-eaeb-3bd7-b709-7b0f8f72d5e0;S3B;OLCI;L2_THETIS_GRID_20200131_20200210.nc;1.476192271;0.200613023;0.135898979;LXP;09.02.2020;46.500283;6.660889;1;0
S3A_OL_1_EFR____20200209T095805_20200209T100105_20240601T192048_0179_054_350_2160_MAR_R_NT_004.SEN3;7a09da36-35a7-3564-a9cb-24a39b138f99;S3A;OLCI;L2_THETIS_GRID_20200131_20200210.nc;1.476192271;0.200613023;0.135898979;LXP;09.02.2020;46.500283;6.660889;1;0
S3A_OL_1_EFR____20200210T093154_20200210T093454_20240601T192211_0179_054_364_2160_MAR_R_NT_004.SEN3;220f45d6-9cbe-3d62-b814-4bd64f171d38;S3A;OLCI;L2_THETIS_GRID_20200210_20200220.nc;1.162225408;0.145966289;0.125592065;LXP;10.02.2020;46.500283;6.660889;1;0
S3B_OL_1_EFR____20200211T100708_20200211T101008_20240526T032126_0179_035_236_2160_MAR_R_NT_004.SEN3;cb75d749-fc06-38c4-8aed-cbe21bd2b517;S3B;OLCI;L2_THETIS_GRID_20200210_20200220.nc;0.972824955;0.159328512;0.16377922;LXP;11.02.2020;46.500283;6.660889;1;0
S3A_OL_1_EFR____20200212T102032_20200212T102332_20240601T201841_0179_055_008_2160_MAR_R_NT_004.SEN3;99557a3a-0cf8-3045-9467-d6de5858224b;S3A;OLCI;L2_THETIS_GRID_20200210_20200220.nc;1.122841592;0.167780631;0.149425023;LXP;12.02.2020;46.500283;6.660889;0.363704819;0
S3B_OL_1_EFR____20200212T094057_20200212T094357_20240526T005441_0179_035_250_2160_MAR_R_NT_004.SEN3;bfb508fc-5c09-399f-9bf5-a5bc2ca24524;S3B;OLCI;L2_THETIS_GRID_20200210_20200220.nc;1.122841592;0.167780631;0.149425023;LXP;12.02.2020;46.500283;6.660889;0.363704819;0
S3A_OL_1_EFR____20200213T095421_20200213T095721_20240601T201546_0180_055_022_2160_MAR_R_NT_004.SEN3;3299b9e0-61f6-3747-a60c-400d92a91fa5;S3A;OLCI;L2_THETIS_GRID_20200210_20200220.nc;1.379303281;0.086462475;0.062685615;LXP;13.02.2020;46.500283;6.660889;1;0
S3A_OL_1_EFR____20200220T101303_20200220T101603_20240601T211635_0179_055_122_2160_MAR_R_NT_004.SEN3;7edc9e00-2ddc-3935-83e7-90b18068ba4a;S3A;OLCI;L2_THETIS_GRID_20200220_20200301.nc;1.323424695;0.287603349;0.217317502;LXP;20.02.2020;46.500283;6.660889;0.976204819;0
S3B_OL_1_EFR____20200220T093329_20200220T093629_20240526T030318_0179_035_364_2160_MAR_R_NT_004.SEN3;b286b862-4034-35b3-b083-9e51343b514b;S3B;OLCI;L2_THETIS_GRID_20200220_20200301.nc;1.323424695;0.287603349;0.217317502;LXP;20.02.2020;46.500283;6.660889;0.976204819;0
S3A_OL_1_EFR____20200221T094652_20200221T094952_20240601T211442_0179_055_136_2160_MAR_R_NT_004.SEN3;31f48672-09e2-3776-bdf8-11564f7343a0;S3A;OLCI;L2_THETIS_GRID_20200220_20200301.nc;1.648598966;0.328245093;0.199105483;LXP;21.02.2020;46.500283;6.660889;1;0
S3A_OL_1_EFR____20200222T092041_20200222T092341_20240601T211531_0179_055_150_2160_MAR_R_NT_004.SEN3;e8089398-730e-35b2-b22d-cc56fd77e95f;S3A;OLCI;L2_THETIS_GRID_20200220_20200301.nc;2.454875612;0.658276447;0.268150632;LXP;22.02.2020;46.500283;6.660889;0.173343373;0
S3B_OL_1_EFR____20200222T102207_20200222T102507_20240526T042033_0179_036_008_2160_MAR_R_NT_004.SEN3;fb5c55e8-dda7-38a5-a6cc-2c021a944a7c;S3B;OLCI;L2_THETIS_GRID_20200220_20200301.nc;2.454875612;0.658276447;0.268150632;LXP;22.02.2020;46.500283;6.660889;0.173343373;0
S3B_OL_1_EFR____20200223T095556_20200223T095856_20240526T024315_0179_036_022_2160_MAR_R_NT_004.SEN3;bb3d2b54-b668-3d0f-b230-364a3400f595;S3B;OLCI;L2_THETIS_GRID_20200220_20200301.nc;3.081001388;0.725917862;0.235611014;LXP;23.02.2020;46.500283;6.660889;0.215060241;0
S3A_OL_1_EFR____20200224T100918_20200224T101218_20240601T202001_0179_055_179_2160_MAR_R_NT_004.SEN3;5a8769bd-4755-3595-8441-f158f9e0f9f3;S3A;OLCI;L2_THETIS_GRID_20200220_20200301.nc;3.040665037;0.686074046;0.225632892;LXP;24.02.2020;46.500283;6.660889;0.002560241;0
S3B_OL_1_EFR____20200224T092945_20200224T093245_20240526T045120_0179_036_036_2160_MAR_R_NT_004.SEN3;ae2fc0ff-3649-3fdd-a32c-22d4320a3453;S3B;OLCI;L2_THETIS_GRID_20200220_20200301.nc;3.040665037;0.686074046;0.225632892;LXP;24.02.2020;46.500283;6.660889;0.002560241;0
S3A_OL_1_EFR____20200225T094307_20200225T094607_20240601T202027_0179_055_193_2160_MAR_R_NT_004.SEN3;5537d185-ac1f-3eab-9055-978b4469e88e;S3A;OLCI;L2_THETIS_GRID_20200220_20200301.nc;3.669743982;1.231734093;0.335645783;LXP;25.02.2020;46.500283;6.660889;1;0
S3B_OL_1_EFR____20200226T101823_20200226T102123_20240526T010412_0179_036_065_2160_MAR_R_NT_004.SEN3;94305e20-3ca2-30aa-b46b-218bbc1b60cb;S3B;OLCI;L2_THETIS_GRID_20200220_20200301.nc;1.059518148;0.139993476;0.13212938;LXP;26.02.2020;46.500283;6.660889;1;0
S3B_OL_1_EFR____20200227T095212_20200227T095512_20240526T040019_0179_036_079_2160_MAR_R_NT_004.SEN3;a39dcfb0-56a8-3d11-b926-f6ef3055d017;S3B;OLCI;L2_THETIS_GRID_20200220_20200301.nc;0.91429229;0.065948127;0.072130245;LXP;27.02.2020;46.500283;6.660889;1;0
S3A_OL_1_EFR____20200228T100533_20200228T100833_20240601T211906_0179_055_236_2160_MAR_R_NT_004.SEN3;62e5dd91-0b3a-3f48-a7a1-b3251a01c15c;S3A;OLCI;L2_THETIS_GRID_20200220_20200301.nc;1.266469814;0.485516754;0.383362279;LXP;28.02.2020;46.500283;6.660889;0.002259036;0
S3B_OL_1_EFR____20200228T092602_20200228T092902_20240526T044150_0179_036_093_2160_MAR_R_NT_004.SEN3;ae463f34-a501-33b4-afd1-8da35eea37a2;S3B;OLCI;L2_THETIS_GRID_20200220_20200301.nc;1.266469814;0.485516754;0.383362279;LXP;28.02.2020;46.500283;6.660889;0.002259036;0
S3A_OL_1_EFR____20200229T093922_20200229T094222_20240601T212332_0179_055_250_2160_MAR_R_NT_004.SEN3;368013fd-ed8e-32fa-a5e9-ef694f1d7f69;S3A;OLCI;L2_THETIS_GRID_20200220_20200301.nc;2.730891835;0.320412978;0.117329062;LXP;29.02.2020;46.500283;6.660889;1;0
S3B_OL_1_EFR____20200301T101439_20200301T101739_20240526T020442_0179_036_122_2160_MAR_R_NT_004.SEN3;7daf22bc-66ae-3065-8391-10d504731253;S3B;OLCI;L2_THETIS_GRID_20200301_20200311.nc;2.315302373;0.07150305;0.030882813;LXP;01.03.2020;46.500283;6.660889;0.032680723;0
S3B_OL_1_EFR____20200303T092218_20200303T092518_20240526T020732_0179_036_150_2160_MAR_R_NT_004.SEN3;5c710eff-bec9-3580-b432-3afe782a9a49;S3B;OLCI;L2_THETIS_GRID_20200301_20200311.nc;1.935096165;0.04107065;0.021224087;LXP;03.03.2020;46.500283;6.660889;0.237951807;0
S3A_OL_1_EFR____20200303T100148_20200303T100448_20240601T211519_0179_055_293_2160_MAR_R_NT_004.SEN3;9470400f-a1c1-3793-a3cb-4de8aab0e995;S3A;OLCI;L2_THETIS_GRID_20200301_20200311.nc;1.935096165;0.04107065;0.021224087;LXP;03.03.2020;46.500283;6.660889;0.237951807;0
S3A_OL_1_EFR____20200304T093537_20200304T093837_20240601T211657_0179_055_307_2160_MAR_R_NT_004.SEN3;32f6331c-f107-3e3b-a9fa-39f06c8b3209;S3A;OLCI;L2_THETIS_GRID_20200301_20200311.nc;2.574283015;0.558633892;0.217005624;LXP;04.03.2020;46.500283;6.660889;0.993373494;0
S3B_OL_1_EFR____20200305T101055_20200305T101355_20240526T030758_0179_036_179_2160_MAR_R_NT_004.SEN3;aa160ac1-b6c2-3534-a2af-b79d38598d69;S3B;OLCI;L2_THETIS_GRID_20200301_20200311.nc;3.742121085;0.327205105;0.087438407;LXP;05.03.2020;46.500283;6.660889;1;0
S3B_OL_1_EFR____20200306T094444_20200306T094744_20240526T052844_0179_036_193_2160_MAR_R_NT_004.SEN3;fff03770-ce00-3fbc-92c0-24384b47efd7;S3B;OLCI;L2_THETIS_GRID_20200301_20200311.nc;2.977143146;0.493227946;0.165671559;LXP;06.03.2020;46.500283;6.660889;0.788704819;0
S3A_OL_1_EFR____20200306T102415_20200306T102715_20240601T221347_0179_055_336_2160_MAR_R_NT_004.SEN3;be1a7617-f72a-39ac-be32-21a693f2eab2;S3A;OLCI;L2_THETIS_GRID_20200301_20200311.nc;2.977143146;0.493227946;0.165671559;LXP;06.03.2020;46.500283;6.660889;0.788704819;0
S3B_OL_1_EFR____20200307T091833_20200307T092133_20240526T032249_0179_036_207_2160_MAR_R_NT_004.SEN3;3e13b043-5904-3a17-bccd-0d1c3a916225;S3B;OLCI;L2_THETIS_GRID_20200301_20200311.nc;2.682572629;0.662664474;0.247025735;LXP;07.03.2020;46.500283;6.660889;0.080873494;0
S3A_OL_1_EFR____20200307T095804_20200307T100104_20240601T221332_0179_055_350_2160_MAR_R_NT_004.SEN3;1e1fa35c-86a6-3f7f-8298-3326cc7062ca;S3A;OLCI;L2_THETIS_GRID_20200301_20200311.nc;2.682572629;0.662664474;0.247025735;LXP;07.03.2020;46.500283;6.660889;0.080873494;0
S3A_OL_1_EFR____20200311T095419_20200311T095719_20240601T214413_0179_056_022_2160_MAR_R_NT_004.SEN3;35be5140-1fd3-3651-abd4-642a9da10726;S3A;OLCI;L2_THETIS_GRID_20200311_20200321.nc;4.592642854;0.645713624;0.140597396;LXP;11.03.2020;46.500283;6.660889;1;0
S3A_OL_1_EFR____20200312T092808_20200312T093108_20240601T215507_0179_056_036_2160_MAR_R_NT_004.SEN3;ab259b67-d16e-383f-960c-f43960d14ee1;S3A;OLCI;L2_THETIS_GRID_20200311_20200321.nc;5.918022264;0.821277368;0.138775647;LXP;12.03.2020;46.500283;6.660889;1;0
S3B_OL_1_EFR____20200313T100327_20200313T100627_20240526T054609_0179_036_293_2160_MAR_R_NT_004.SEN3;0b24aa4e-c605-3faf-9bf5-659400e08c2c;S3B;OLCI;L2_THETIS_GRID_20200311_20200321.nc;7.056034695;1.271222187;0.180160989;LXP;13.03.2020;46.500283;6.660889;0.989909639;0
S3A_OL_1_EFR____20200314T101646_20200314T101946_20240601T224338_0180_056_065_2160_MAR_R_NT_004.SEN3;3cee14c2-7eba-3ca6-a7fc-b110d4c173a9;S3A;OLCI;L2_THETIS_GRID_20200311_20200321.nc;8.203987617;1.374004098;0.167480031;LXP;14.03.2020;46.500283;6.660889;0.660993976;0
S3B_OL_1_EFR____20200314T093716_20200314T094016_20240526T041136_0179_036_307_2160_MAR_R_NT_004.SEN3;b083ac58-fd0b-3a99-a9e6-52f5d8562a2f;S3B;OLCI;L2_THETIS_GRID_20200311_20200321.nc;8.203987617;1.374004098;0.167480031;LXP;14.03.2020;46.500283;6.660889;0.660993976;0
S3A_OL_1_EFR____20200315T095035_20200315T095335_20240601T225807_0179_056_079_2160_MAR_R_NT_004.SEN3;d1ff084e-b4fa-3d17-95b7-94c8409e8782;S3A;OLCI;L2_THETIS_GRID_20200311_20200321.nc;8.493783915;1.77905978;0.209454325;LXP;15.03.2020;46.500283;6.660889;0.015963855;0
S3B_OL_1_EFR____20200316T102554_20200316T102854_20240526T045615_0179_036_336_2160_MAR_R_NT_004.SEN3;a0c0b36b-edf0-390e-88f8-72a97e2fb948;S3B;OLCI;L2_THETIS_GRID_20200311_20200321.nc;8.33677722;1.823288849;0.218704279;LXP;16.03.2020;46.500283;6.660889;0.21509434;0
S3A_OL_1_EFR____20200316T092425_20200316T092725_20240601T224700_0179_056_093_2160_MAR_R_NT_004.SEN3;1a296958-9d39-3431-b255-9609d76a8219;S3A;OLCI;L2_THETIS_GRID_20200311_20200321.nc;8.33677722;1.823288849;0.218704279;LXP;16.03.2020;46.500283;6.660889;0.215210843;0
S3B_OL_1_EFR____20200317T095943_20200317T100243_20240526T024400_0179_036_350_2160_MAR_R_NT_004.SEN3;52d51273-b794-36de-9dae-9a9ea144ac78;S3B;OLCI;L2_THETIS_GRID_20200311_20200321.nc;7.981273107;1.60986059;0.201704737;LXP;17.03.2020;46.500283;6.660889;0.214307229;0
S3A_OL_1_EFR____20200318T101303_20200318T101603_20240601T221422_0180_056_122_2160_MAR_R_NT_004.SEN3;a149e1b3-aa4a-38d1-a9c9-10bc612cdaec;S3A;OLCI;L2_THETIS_GRID_20200311_20200321.nc;7.893008355;1.522285282;0.192865029;LXP;18.03.2020;46.500283;6.660889;0.003012048;0
S3B_OL_1_EFR____20200318T093332_20200318T093632_20240526T045516_0180_036_364_2160_MAR_R_NT_004.SEN3;43c235f1-7447-3410-b07f-63624d574406;S3B;OLCI;L2_THETIS_GRID_20200311_20200321.nc;7.893008355;1.522285282;0.192865029;LXP;18.03.2020;46.500283;6.660889;0.003012048;0
S3A_OL_1_EFR____20200319T094652_20200319T094952_20240601T221435_0179_056_136_2160_MAR_R_NT_004.SEN3;a827d160-defe-3307-a42e-5a2083109891;S3A;OLCI;L2_THETIS_GRID_20200311_20200321.nc;6.573702685;1.653749832;0.251570524;LXP;19.03.2020;46.500283;6.660889;0.135090361;0
S3B_OL_1_EFR____20200320T102209_20200320T102509_20240526T060015_0179_037_008_2160_MAR_R_NT_004.SEN3;1b599802-e96b-304c-9e22-b6d0a14a4fbd;S3B;OLCI;L2_THETIS_GRID_20200311_20200321.nc;5.603006877;1.433800166;0.255898341;LXP;20.03.2020;46.500283;6.660889;0.862349398;0
S3A_OL_1_EFR____20200320T092041_20200320T092341_20240601T221458_0179_056_150_2160_MAR_R_NT_004.SEN3;1e16b57d-dfef-3b39-8d78-00829afff232;S3A;OLCI;L2_THETIS_GRID_20200311_20200321.nc;5.603006877;1.433800166;0.255898341;LXP;20.03.2020;46.500283;6.660889;0.862349398;0
S3B_OL_1_EFR____20200321T095558_20200321T095858_20240526T041047_0179_037_022_2160_MAR_R_NT_004.SEN3;e3383d04-bfd0-3488-aad3-90475c8ea188;S3B;OLCI;L2_THETIS_GRID_20200321_20200331.nc;5.559777406;1.043587994;0.187703197;LXP;21.03.2020;46.500283;6.660889;0.631626506;0
S3A_OL_1_EFR____20200322T100919_20200322T101219_20240601T231137_0180_056_179_2160_MAR_R_NT_004.SEN3;a5290920-dd7d-33f9-a964-ea320e383e42;S3A;OLCI;L2_THETIS_GRID_20200321_20200331.nc;5.796424222;0.499137409;0.086111263;LXP;22.03.2020;46.500283;6.660889;1;0
S3B_OL_1_EFR____20200322T092948_20200322T093248_20240526T063321_0179_037_036_2160_MAR_R_NT_004.SEN3;992595aa-5a9c-3e48-bbcc-0cd6e02ae3bd;S3B;OLCI;L2_THETIS_GRID_20200321_20200331.nc;5.796424222;0.499137409;0.086111263;LXP;22.03.2020;46.500283;6.660889;1;0
S3A_OL_1_EFR____20200323T094308_20200323T094608_20240601T231230_0179_056_193_2160_MAR_R_NT_004.SEN3;d4ee9cbb-906b-3ae2-8466-5fc856af2307;S3A;OLCI;L2_THETIS_GRID_20200321_20200331.nc;4.42110407;0.937498396;0.212050741;LXP;23.03.2020;46.500283;6.660889;1;0
S3B_OL_1_EFR____20200324T101825_20200324T102125_20240526T024331_0179_037_065_2160_MAR_R_NT_004.SEN3;3a8c6316-4afe-3b9c-b4ed-f927a7ceaa05;S3B;OLCI;L2_THETIS_GRID_20200321_20200331.nc;3.071903092;0.653062497;0.212592155;LXP;24.03.2020;46.500283;6.660889;0.24503012;0
S3B_OL_1_EFR____20200325T095214_20200325T095514_20240526T051618_0179_037_079_2160_MAR_R_NT_004.SEN3;bbc2425d-48fe-31db-bceb-a76cd4bd154f;S3B;OLCI;L2_THETIS_GRID_20200321_20200331.nc;2.658655275;0.624943699;0.235060071;LXP;25.03.2020;46.500283;6.660889;0.026656627;0
S3B_OL_1_EFR____20200326T092603_20200326T092903_20240526T024419_0179_037_093_2160_MAR_R_NT_004.SEN3;00e8b088-7295-32bd-8ea5-0f3947624319;S3B;OLCI;L2_THETIS_GRID_20200321_20200331.nc;2.373506104;0.55455494;0.233643781;LXP;26.03.2020;46.500283;6.660889;0.006024096;0
S3A_OL_1_EFR____20200326T100536_20200326T100836_20240601T225929_0179_056_236_2160_MAR_R_NT_004.SEN3;2564f38c-ab4a-3dd5-9ce9-1fa3f575cc48;S3A;OLCI;L2_THETIS_GRID_20200321_20200331.nc;2.373506104;0.55455494;0.233643781;LXP;26.03.2020;46.500283;6.660889;0.006024096;0
S3A_OL_1_EFR____20200327T093925_20200327T094225_20240601T230853_0180_056_250_2160_MAR_R_NT_004.SEN3;8cf7cb2e-cd53-35f6-9d66-2811d1945fbf;S3A;OLCI;L2_THETIS_GRID_20200321_20200331.nc;2.347649819;0.457039052;0.194679397;LXP;27.03.2020;46.500283;6.660889;1;0
S3B_OL_1_EFR____20200328T101441_20200328T101741_20240526T034235_0179_037_122_2160_MAR_R_NT_004.SEN3;8a6a3eb0-f289-3c21-a0c8-1b2b60aff741;S3B;OLCI;L2_THETIS_GRID_20200321_20200331.nc;1.969295028;0.528039591;0.268136355;LXP;28.03.2020;46.500283;6.660889;0.983433735;0
S3B_OL_1_EFR____20200329T094830_20200329T095130_20240526T060211_0179_037_136_2160_MAR_R_NT_004.SEN3;32c0658a-59d9-3865-af32-3c695da9b07d;S3B;OLCI;L2_THETIS_GRID_20200321_20200331.nc;2.158717718;0.358848343;0.166232176;LXP;29.03.2020;46.500283;6.660889;1;0
S3A_OL_1_EFR____20200330T100152_20200330T100452_20240602T000827_0179_056_293_2160_MAR_R_NT_004.SEN3;90c167d6-eb67-3032-aade-6689167ea64a;S3A;OLCI;L2_THETIS_GRID_20200321_20200331.nc;1.995842454;0.332180913;0.16643644;LXP;30.03.2020;46.500283;6.660889;1;0
S3B_OL_1_EFR____20200330T092219_20200330T092519_20240526T042046_0179_037_150_2160_MAR_R_NT_004.SEN3;61756e67-e350-3354-be82-ea223dd37440;S3B;OLCI;L2_THETIS_GRID_20200321_20200331.nc;1.995842454;0.332180913;0.16643644;LXP;30.03.2020;46.500283;6.660889;1;0
S3A_OL_1_EFR____20200331T093541_20200331T093841_20240602T000809_0179_056_307_2160_MAR_R_NT_004.SEN3;72135998-8195-358b-8e0f-06c95a8201f8;S3A;OLCI;L2_THETIS_GRID_20200331_20200410.nc;1.567206318;0.339432313;0.216584319;LXP;31.03.2020;46.500283;6.660889;0.604668675;0
S3B_OL_1_EFR____20200401T101056_20200401T101356_20240526T052900_0179_037_179_2160_MAR_R_NT_004.SEN3;2547f7fd-e15f-30b6-8ef9-f107a2ab8a1d;S3B;OLCI;L2_THETIS_GRID_20200331_20200410.nc;1.361701962;0.277411744;0.203724274;LXP;01.04.2020;46.500283;6.660889;0.002560241;0
S3B_OL_1_EFR____20200402T094445_20200402T094745_20240526T024328_0179_037_193_2160_MAR_R_NT_004.SEN3;59bfbb54-b65a-38d3-b2c8-04b3f8119112;S3B;OLCI;L2_THETIS_GRID_20200331_20200410.nc;2.49672743;1.211811245;0.485359848;LXP;02.04.2020;46.500283;6.660889;0.003463855;0
S3A_OL_1_EFR____20200402T102419_20200402T102719_20240601T231249_0179_056_336_2160_MAR_R_NT_004.SEN3;53565b30-2dcd-3f53-af51-a939a2bf8de9;S3A;OLCI;L2_THETIS_GRID_20200331_20200410.nc;2.49672743;1.211811245;0.485359848;LXP;02.04.2020;46.500283;6.660889;0.003463855;0
S3B_OL_1_EFR____20200403T091834_20200403T092134_20240526T051903_0180_037_207_2160_MAR_R_NT_004.SEN3;7347247d-9f27-3f4e-81ed-ac9af4b68c86;S3B;OLCI;L2_THETIS_GRID_20200331_20200410.nc;3.091233586;0.792967439;0.256521359;LXP;03.04.2020;46.500283;6.660889;0.005421687;0
S3A_OL_1_EFR____20200403T095808_20200403T100108_20240601T231652_0179_056_350_2160_MAR_R_NT_004.SEN3;94e51ef3-a1cb-363a-931b-f98abaea55e1;S3A;OLCI;L2_THETIS_GRID_20200331_20200410.nc;3.091233586;0.792967439;0.256521359;LXP;03.04.2020;46.500283;6.660889;0.005421687;0
S3A_OL_1_EFR____20200404T093158_20200404T093458_20240601T232048_0179_056_364_2160_MAR_R_NT_004.SEN3;1f0c8594-4744-346d-9415-e0f3633dde56;S3A;OLCI;L2_THETIS_GRID_20200331_20200410.nc;3.269026712;0.900640515;0.275507236;LXP;04.04.2020;46.500283;6.660889;0.07936747;0
S3B_OL_1_EFR____20200405T100712_20200405T101012_20240526T063742_0179_037_236_2160_MAR_R_NT_004.SEN3;63f51de5-65b8-36a1-8244-963abbe5df1b;S3B;OLCI;L2_THETIS_GRID_20200331_20200410.nc;3.081914696;0.940219849;0.305076532;LXP;05.04.2020;46.500283;6.660889;0.001506024;0
S3B_OL_1_EFR____20200406T094101_20200406T094401_20240526T040948_0179_037_250_2160_MAR_R_NT_004.SEN3;96b9dd13-9144-351c-877e-8b8a73f8502f;S3B;OLCI;L2_THETIS_GRID_20200331_20200410.nc;3.729616763;1.239790651;0.332417707;LXP;06.04.2020;46.500283;6.660889;0.002560241;0
S3A_OL_1_EFR____20200406T102035_20200406T102335_20240602T001208_0179_057_008_2160_MAR_R_NT_004.SEN3;1a571222-8fa5-3eb5-81f0-1d97552627b6;S3A;OLCI;L2_THETIS_GRID_20200331_20200410.nc;3.729616763;1.239790651;0.332417707;LXP;06.04.2020;46.500283;6.660889;0.002560241;0
S3A_OL_1_EFR____20200407T095425_20200407T095725_20240602T001408_0179_057_022_2160_MAR_R_NT_004.SEN3;2f1631bb-0be2-3047-9982-19953f327150;S3A;OLCI;L2_THETIS_GRID_20200331_20200410.nc;6.065223194;0.282264574;0.046538201;LXP;07.04.2020;46.500283;6.660889;0.006024096;0
S3B_OL_1_EFR____20200409T100327_20200409T100627_20240526T031018_0179_037_293_2160_MAR_R_NT_004.SEN3;ab53cdbf-b5c1-3938-8bc6-f8c5bf0cc516;S3B;OLCI;L2_THETIS_GRID_20200331_20200410.nc;4.642793852;1.533145467;0.330220448;LXP;09.04.2020;46.500283;6.660889;0.003012048;0
S3B_OL_1_EFR____20200410T093717_20200410T094017_20240526T053122_0179_037_307_2160_MAR_R_NT_004.SEN3;befa0229-6f6e-37f8-88eb-4d0987e46f91;S3B;OLCI;L2_THETIS_GRID_20200410_20200420.nc;5.669487329;1.759145551;0.310283002;LXP;10.04.2020;46.500283;6.660889;0.002710843;0
S3A_OL_1_EFR____20200410T101652_20200410T101952_20240602T000134_0179_057_065_2160_MAR_R_NT_004.SEN3;8632ad99-e0ac-3b00-a2ad-22192f6f43e8;S3A;OLCI;L2_THETIS_GRID_20200410_20200420.nc;5.669487329;1.759145551;0.310283002;LXP;10.04.2020;46.500283;6.660889;0.002710843;0
S3A_OL_1_EFR____20200411T095041_20200411T095341_20240602T000432_0179_057_079_2160_MAR_R_NT_004.SEN3;a6d29cc5-fe7f-3adf-8c8d-f9a6bdfb06ac;S3A;OLCI;L2_THETIS_GRID_20200410_20200420.nc;6.34619739;1.962757462;0.309280872;LXP;11.04.2020;46.500283;6.660889;0.00496988;0
S3B_OL_1_EFR____20200412T102555_20200412T102855_20240526T064020_0179_037_336_2160_MAR_R_NT_004.SEN3;f94bd024-20fc-399b-ad63-730273ef1aa1;S3B;OLCI;L2_THETIS_GRID_20200410_20200420.nc;8.446922674;1.722259635;0.203891962;LXP;12.04.2020;46.500283;6.660889;0.197584906;0
S3A_OL_1_EFR____20200412T092430_20200412T092730_20240602T000629_0179_057_093_2160_MAR_R_NT_004.SEN3;c1306901-c020-396e-be9b-55fc374cbc99;S3A;OLCI;L2_THETIS_GRID_20200410_20200420.nc;8.446922674;1.722259635;0.203891962;LXP;12.04.2020;46.500283;6.660889;0.198192771;0
S3B_OL_1_EFR____20200413T095944_20200413T100244_20240526T044258_0179_037_350_2160_MAR_R_NT_004.SEN3;82e781aa-3a03-3ed7-b221-99342d697409;S3B;OLCI;L2_THETIS_GRID_20200410_20200420.nc;9.487657302;2.457875249;0.25906029;LXP;13.04.2020;46.500283;6.660889;0.65753012;0
S3B_OL_1_EFR____20200414T093333_20200414T093633_20240526T054509_0180_037_364_2160_MAR_R_NT_004.SEN3;120e2bd6-eb67-3ff4-95dc-916b9d3e5945;S3B;OLCI;L2_THETIS_GRID_20200410_20200420.nc;3.256043771;0.822459178;0.252594632;LXP;14.04.2020;46.500283;6.660889;0.013253012;0
S3A_OL_1_EFR____20200414T101308_20200414T101608_20240602T000801_0179_057_122_2160_MAR_R_NT_004.SEN3;0ff51993-6364-3068-9316-c8f8fcc4e2ec;S3A;OLCI;L2_THETIS_GRID_20200410_20200420.nc;3.256043771;0.822459178;0.252594632;LXP;14.04.2020;46.500283;6.660889;0.013253012;0
S3A_OL_1_EFR____20200415T094657_20200415T094957_20240602T001005_0179_057_136_2160_MAR_R_NT_004.SEN3;7fa56c0a-d1be-30ca-ae32-8cb3085cb79a;S3A;OLCI;L2_THETIS_GRID_20200410_20200420.nc;3.312842111;1.764648597;0.532669091;LXP;15.04.2020;46.500283;6.660889;0.005572289;0
S3B_OL_1_EFR____20200416T102211_20200416T102511_20240526T070337_0179_038_008_2160_MAR_R_NT_004.SEN3;44f3edaa-ef46-3a6b-bb9d-af6871c70680;S3B;OLCI;L2_THETIS_GRID_20200410_20200420.nc;8.150244447;2.448956584;0.300476458;LXP;16.04.2020;46.500283;6.660889;0.968072289;0
S3A_OL_1_EFR____20200416T092046_20200416T092346_20240602T001545_0179_057_150_2160_MAR_R_NT_004.SEN3;f56f3de0-6c5f-3381-b4e8-251b7a96eb02;S3A;OLCI;L2_THETIS_GRID_20200410_20200420.nc;8.150244447;2.448956584;0.300476458;LXP;16.04.2020;46.500283;6.660889;0.968072289;0
S3B_OL_1_EFR____20200417T095600_20200417T095900_20240526T051119_0179_038_022_2160_MAR_R_NT_004.SEN3;bcf5182b-ecba-3358-94f5-fd88d558d1ec;S3B;OLCI;L2_THETIS_GRID_20200410_20200420.nc;8.892253474;2.882817023;0.324194202;LXP;17.04.2020;46.500283;6.660889;0.185240964;0
S3B_OL_1_EFR____20200418T092949_20200418T093249_20240526T075343_0180_038_036_2160_MAR_R_NT_004.SEN3;55874982-8d99-3971-933d-bbf5f0cc5ad4;S3B;OLCI;L2_THETIS_GRID_20200410_20200420.nc;8.051637625;2.496568372;0.310069639;LXP;18.04.2020;46.500283;6.660889;0.030271084;0
S3A_OL_1_EFR____20200418T100924_20200418T101224_20240602T011309_0179_057_179_2160_MAR_R_NT_004.SEN3;ca8b255f-7302-3e3c-b6f9-87a6af94f4cc;S3A;OLCI;L2_THETIS_GRID_20200410_20200420.nc;8.051637625;2.496568372;0.310069639;LXP;18.04.2020;46.500283;6.660889;0.030271084;0
S3A_OL_1_EFR____20200419T094313_20200419T094613_20240602T012848_0179_057_193_2160_MAR_R_NT_004.SEN3;410381f9-bb3b-3a07-9722-ba10051eae41;S3A;OLCI;L2_THETIS_GRID_20200410_20200420.nc;8.064251125;2.075723327;0.257398151;LXP;19.04.2020;46.500283;6.660889;1;0
S3B_OL_1_EFR____20200420T101827_20200420T102127_20240526T041556_0179_038_065_2160_MAR_R_NT_004.SEN3;0d7d948a-1b98-3f69-b821-205a5ee07d7d;S3B;OLCI;L2_THETIS_GRID_20200420_20200430.nc;8.137735715;2.859879023;0.351434247;LXP;20.04.2020;46.500283;6.660889;1;0
S3B_OL_1_EFR____20200421T095217_20200421T095517_20240526T064218_0180_038_079_2160_MAR_R_NT_004.SEN3;95acaae9-1fe9-3762-90f8-cfb648dfacb6;S3B;OLCI;L2_THETIS_GRID_20200420_20200430.nc;10.68436831;2.040014994;0.190934544;LXP;21.04.2020;46.500283;6.660889;1;0
S3B_OL_1_EFR____20200422T092606_20200422T092906_20240526T041853_0179_038_093_2160_MAR_R_NT_004.SEN3;9d490c21-26c5-3b93-ba5d-125e5025cbe8;S3B;OLCI;L2_THETIS_GRID_20200420_20200430.nc;9.011452389;3.256571213;0.361381392;LXP;22.04.2020;46.500283;6.660889;0.003614458;0
S3A_OL_1_EFR____20200422T100540_20200422T100840_20240602T010441_0179_057_236_2160_MAR_R_NT_004.SEN3;0f38e27e-83e6-3f3f-90bd-8596b9e90f64;S3A;OLCI;L2_THETIS_GRID_20200420_20200430.nc;9.011452389;3.256571213;0.361381392;LXP;22.04.2020;46.500283;6.660889;0.003614458;0
S3A_OL_1_EFR____20200423T093929_20200423T094229_20240602T010344_0179_057_250_2160_MAR_R_NT_004.SEN3;8b996a4c-5305-3679-9a67-4a38c38797b9;S3A;OLCI;L2_THETIS_GRID_20200420_20200430.nc;6.596009141;2.687848517;0.407496178;LXP;23.04.2020;46.500283;6.660889;0.046987952;0
S3B_OL_1_EFR____20200424T101444_20200424T101744_20240526T053229_0179_038_122_2160_MAR_R_NT_004.SEN3;2bca302c-c486-3ff1-a431-5c1018ec057e;S3B;OLCI;L2_THETIS_GRID_20200420_20200430.nc;5.405638533;1.792628603;0.331621989;LXP;24.04.2020;46.500283;6.660889;0.203614458;0
S3B_OL_1_EFR____20200425T094833_20200425T095133_20240526T080319_0179_038_136_2160_MAR_R_NT_004.SEN3;51a8f1ee-899d-39f9-a7a3-5f1a871088e8;S3B;OLCI;L2_THETIS_GRID_20200420_20200430.nc;6.364050551;2.14136295;0.336477992;LXP;25.04.2020;46.500283;6.660889;1;0
S3B_OL_1_EFR____20200426T092222_20200426T092522_20240526T055249_0180_038_150_2160_MAR_R_NT_004.SEN3;d3994fac-801e-3bcf-8983-882d9d7643bc;S3B;OLCI;L2_THETIS_GRID_20200420_20200430.nc;5.48034726;1.861922462;0.339745344;LXP;26.04.2020;46.500283;6.660889;1;0
S3A_OL_1_EFR____20200426T100156_20200426T100456_20240602T020356_0179_057_293_2160_MAR_R_NT_004.SEN3;ff3a9d83-948a-3219-a0d7-3d7fb8939910;S3A;OLCI;L2_THETIS_GRID_20200420_20200430.nc;5.48034726;1.861922462;0.339745344;LXP;26.04.2020;46.500283;6.660889;1;0
S3A_OL_1_EFR____20200427T093545_20200427T093845_20240602T015747_0179_057_307_2160_MAR_R_NT_004.SEN3;69bc4542-a727-3aba-8c51-248b22a10b09;S3A;OLCI;L2_THETIS_GRID_20200420_20200430.nc;4.178815172;1.643382944;0.393265286;LXP;27.04.2020;46.500283;6.660889;0.022439759;0
S3B_OL_1_EFR____20200428T101100_20200428T101400_20240526T070505_0179_038_179_2160_MAR_R_NT_004.SEN3;28a6f9c4-841b-30a9-ac7e-2f5a29c54c4c;S3B;OLCI;L2_THETIS_GRID_20200420_20200430.nc;6.501368435;1.776487046;0.273248173;LXP;28.04.2020;46.500283;6.660889;1;0
S3B_OL_1_EFR____20200429T094449_20200429T094749_20240526T045027_0179_038_193_2160_MAR_R_NT_004.SEN3;e96b08ee-ba6b-3f03-b5c7-c68588c51a12;S3B;OLCI;L2_THETIS_GRID_20200420_20200430.nc;7.09171371;2.039637887;0.287608605;LXP;29.04.2020;46.500283;6.660889;0.987349398;0
S3A_OL_1_EFR____20200429T102423_20200429T102723_20240602T010652_0179_057_336_2160_MAR_R_NT_004.SEN3;e6b64856-e59c-3184-b484-945d60f297c3;S3A;OLCI;L2_THETIS_GRID_20200420_20200430.nc;7.09171371;2.039637887;0.287608605;LXP;29.04.2020;46.500283;6.660889;0.987349398;0
S3A_OL_1_EFR____20200430T095812_20200430T100112_20240602T011019_0179_057_350_2160_MAR_R_NT_004.SEN3;e0341700-b93d-3c2f-b96a-618fa76809fa;S3A;OLCI;L2_THETIS_GRID_20200430_20200510.nc;5.333918188;0.785185341;0.147206109;LXP;30.04.2020;46.500283;6.660889;1;0
S3B_OL_1_EFR____20200430T091838_20200430T092138_20240526T070259_0179_038_207_2160_MAR_R_NT_004.SEN3;0c095187-5690-3286-8e12-09bd0d0d5774;S3B;OLCI;L2_THETIS_GRID_20200430_20200510.nc;5.333918188;0.785185341;0.147206109;LXP;30.04.2020;46.500283;6.660889;1;0
S3A_OL_1_EFR____20200501T093201_20200501T093501_20240602T011302_0179_057_364_2160_MAR_R_NT_004.SEN3;8977334e-36a8-36dd-b205-f71c34981c07;S3A;OLCI;L2_THETIS_GRID_20200430_20200510.nc;6.517611874;0.94060776;0.144317854;LXP;01.05.2020;46.500283;6.660889;1;0
S3B_OL_1_EFR____20200502T100716_20200502T101016_20240526T082726_0179_038_236_2160_MAR_R_NT_004.SEN3;490815e2-f220-3c34-ba57-d7a91a013bca;S3B;OLCI;L2_THETIS_GRID_20200430_20200510.nc;6.36590245;0.849396238;0.133429038;LXP;02.05.2020;46.500283;6.660889;1;0
S3A_OL_1_EFR____20200508T095043_20200508T095343_20240602T020410_0179_058_079_2160_MAR_R_NT_004.SEN3;a968fac7-bb15-3415-9dea-32a78e57c68c;S3A;OLCI;L2_THETIS_GRID_20200430_20200510.nc;3.698903277;1.288116814;0.348242903;LXP;08.05.2020;46.500283;6.660889;0.260542169;0
S3B_OL_1_EFR____20200509T102559_20200509T102859_20240526T083758_0180_038_336_2160_MAR_R_NT_004.SEN3;826475e4-2bf0-3746-912a-cc57da0e4ce2;S3B;OLCI;L2_THETIS_GRID_20200430_20200510.nc;3.873371656;1.903464648;0.491423188;LXP;09.05.2020;46.500283;6.660889;0.333433962;0
S3A_OL_1_EFR____20200509T092433_20200509T092733_20240602T020513_0179_058_093_2160_MAR_R_NT_004.SEN3;9a05db45-c45a-3351-b196-58a79651bda8;S3A;OLCI;L2_THETIS_GRID_20200430_20200510.nc;3.873371656;1.903464648;0.491423188;LXP;09.05.2020;46.500283;6.660889;0.334939759;0
S3B_OL_1_EFR____20200510T095948_20200510T100248_20240526T063132_0179_038_350_2160_MAR_R_NT_004.SEN3;508fd939-df25-36ff-a740-bfce012198c0;S3B;OLCI;L2_THETIS_GRID_20200510_20200520.nc;4.205782604;1.613461026;0.383629202;LXP;10.05.2020;46.500283;6.660889;0.364608434;0
S3B_OL_1_EFR____20200511T093337_20200511T093637_20240526T084714_0179_038_364_2160_MAR_R_NT_004.SEN3;1e79cd0f-3f43-378a-b016-1756ca2764af;S3B;OLCI;L2_THETIS_GRID_20200510_20200520.nc;5.554209222;1.311471262;0.236122049;LXP;11.05.2020;46.500283;6.660889;1;0
S3A_OL_1_EFR____20200511T101310_20200511T101610_20240602T025926_0179_058_122_2160_MAR_R_NT_004.SEN3;03ef242b-4999-3da0-a64b-295cb7932aa2;S3A;OLCI;L2_THETIS_GRID_20200510_20200520.nc;5.554209222;1.311471262;0.236122049;LXP;11.05.2020;46.500283;6.660889;1;0
S3A_OL_1_EFR____20200512T094659_20200512T094959_20240602T030053_0179_058_136_2160_MAR_R_NT_004.SEN3;a7298a45-bff7-3907-a739-2951ebe45320;S3A;OLCI;L2_THETIS_GRID_20200510_20200520.nc;4.942149758;0.92541188;0.187248854;LXP;12.05.2020;46.500283;6.660889;0.99126506;0
S3A_OL_1_EFR____20200513T092048_20200513T092348_20240602T030757_0179_058_150_2160_MAR_R_NT_004.SEN3;69844d9f-4d38-3fd3-a0a8-6f4283ba4633;S3A;OLCI;L2_THETIS_GRID_20200510_20200520.nc;5.668433913;0.806167515;0.142220502;LXP;13.05.2020;46.500283;6.660889;1;0
S3B_OL_1_EFR____20200513T102215_20200513T102515_20240526T054052_0179_039_008_2160_MAR_R_NT_004.SEN3;758ad9c0-f497-3b6f-9c15-98e8ff743d22;S3B;OLCI;L2_THETIS_GRID_20200510_20200520.nc;5.668433913;0.806167515;0.142220502;LXP;13.05.2020;46.500283;6.660889;1;0
S3B_OL_1_EFR____20200514T095604_20200514T095904_20240526T074722_0179_039_022_2160_MAR_R_NT_004.SEN3;61c3a075-862e-371e-b629-cbf1451f822c;S3B;OLCI;L2_THETIS_GRID_20200510_20200520.nc;4.743934022;1.004163092;0.211673073;LXP;14.05.2020;46.500283;6.660889;1;0
S3B_OL_1_EFR____20200515T092953_20200515T093253_20240526T054622_0179_039_036_2160_MAR_R_NT_004.SEN3;eaaaff61-828d-3865-a5da-08d61f76ea4f;S3B;OLCI;L2_THETIS_GRID_20200510_20200520.nc;4.371738927;0.355589661;0.081338265;LXP;15.05.2020;46.500283;6.660889;1;0
S3A_OL_1_EFR____20200515T100926_20200515T101226_20240602T024559_0179_058_179_2160_MAR_R_NT_004.SEN3;b63a1a01-1a4d-3274-b063-58210ef135f0;S3A;OLCI;L2_THETIS_GRID_20200510_20200520.nc;4.371738927;0.355589661;0.081338265;LXP;15.05.2020;46.500283;6.660889;1;0
S3A_OL_1_EFR____20200516T094315_20200516T094615_20240602T024822_0179_058_193_2160_MAR_R_NT_004.SEN3;d9b2dd5a-10dc-3873-a3ce-d1a1b0c5f6cb;S3A;OLCI;L2_THETIS_GRID_20200510_20200520.nc;3.622767904;0.782010487;0.215859947;LXP;16.05.2020;46.500283;6.660889;0.80873494;0
S3B_OL_1_EFR____20200517T101830_20200517T102130_20240526T065218_0179_039_065_2160_MAR_R_NT_004.SEN3;1ef9a36c-9405-3e3a-90a8-1334d42f53a0;S3B;OLCI;L2_THETIS_GRID_20200510_20200520.nc;3.300419303;0.913104277;0.276663113;LXP;17.05.2020;46.500283;6.660889;0.614457831;0
S3B_OL_1_EFR____20200518T095219_20200518T095519_20240526T091426_0179_039_079_2160_MAR_R_NT_004.SEN3;e540b98e-a618-3a57-b2ee-619a11a6adb2;S3B;OLCI;L2_THETIS_GRID_20200510_20200520.nc;3.138245682;0.70000672;0.223056698;LXP;18.05.2020;46.500283;6.660889;0.00753012;0
S3B_OL_1_EFR____20200519T092609_20200519T092909_20240526T070212_0179_039_093_2160_MAR_R_NT_004.SEN3;2469d598-669b-36f6-a5d3-acd052616e25;S3B;OLCI;L2_THETIS_GRID_20200510_20200520.nc;3.230370374;0.805654894;0.249400162;LXP;19.05.2020;46.500283;6.660889;0.003915663;0
S3A_OL_1_EFR____20200519T100541_20200519T100841_20240602T034550_0179_058_236_2160_MAR_R_NT_004.SEN3;96563703-a633-35d9-b9ec-18e4b1c2feea;S3A;OLCI;L2_THETIS_GRID_20200510_20200520.nc;3.230370374;0.805654894;0.249400162;LXP;19.05.2020;46.500283;6.660889;0.003915663;0
S3A_OL_1_EFR____20200520T093930_20200520T094230_20240602T035139_0179_058_250_2160_MAR_R_NT_004.SEN3;f3dcbd1d-e5d4-38cc-aa3e-a556554e9f0e;S3A;OLCI;L2_THETIS_GRID_20200520_20200530.nc;3.395830401;0.354221765;0.104310794;LXP;20.05.2020;46.500283;6.660889;0.009036145;0
S3B_OL_1_EFR____20200523T092224_20200523T092524_20240526T081301_0179_039_150_2160_MAR_R_NT_004.SEN3;a2e0ef48-3565-3709-bd31-be46bdda33fb;S3B;OLCI;L2_THETIS_GRID_20200520_20200530.nc;3.402072832;0.452280065;0.132942499;LXP;23.05.2020;46.500283;6.660889;0.806325301;0
S3A_OL_1_EFR____20200523T100157_20200523T100457_20240602T025835_0179_058_293_2160_MAR_R_NT_004.SEN3;8be84526-6ee1-363e-b2ff-09beeb121218;S3A;OLCI;L2_THETIS_GRID_20200520_20200530.nc;3.402072832;0.452280065;0.132942499;LXP;23.05.2020;46.500283;6.660889;0.806325301;0
S3A_OL_1_EFR____20200524T093546_20200524T093846_20240602T025918_0180_058_307_2160_MAR_R_NT_004.SEN3;b198e794-1d21-3d2c-8f3c-251dc5d7c891;S3A;OLCI;L2_THETIS_GRID_20200520_20200530.nc;3.694726566;1.117297662;0.302403342;LXP;24.05.2020;46.500283;6.660889;0.995783133;0
S3B_OL_1_EFR____20200525T101102_20200525T101402_20240526T092325_0179_039_179_2160_MAR_R_NT_004.SEN3;4e85a6f5-cea6-3541-a80f-91c02fa92254;S3B;OLCI;L2_THETIS_GRID_20200520_20200530.nc;3.679469278;0.912312405;0.247946738;LXP;25.05.2020;46.500283;6.660889;0.226656627;0
S3B_OL_1_EFR____20200526T094451_20200526T094751_20240526T070859_0179_039_193_2160_MAR_R_NT_004.SEN3;564e9800-571b-3b25-8688-89aac7f22697;S3B;OLCI;L2_THETIS_GRID_20200520_20200530.nc;3.059693872;0.737817643;0.241141001;LXP;26.05.2020;46.500283;6.660889;0.874548193;0
S3A_OL_1_EFR____20200526T102423_20200526T102723_20240602T035441_0179_058_336_2160_MAR_R_NT_004.SEN3;562d35b0-bb55-30e5-8b25-d764d0934ad5;S3A;OLCI;L2_THETIS_GRID_20200520_20200530.nc;3.059693872;0.737817643;0.241141001;LXP;26.05.2020;46.500283;6.660889;0.874548193;0
S3B_OL_1_EFR____20200527T091840_20200527T092140_20240526T091357_0179_039_207_2160_MAR_R_NT_004.SEN3;3fd5dc12-7bf6-3968-9827-2ead8e4373d9;S3B;OLCI;L2_THETIS_GRID_20200520_20200530.nc;2.83157948;0.671309779;0.237079617;LXP;27.05.2020;46.500283;6.660889;0.025451807;0
S3A_OL_1_EFR____20200527T095812_20200527T100112_20240602T035612_0179_058_350_2160_MAR_R_NT_004.SEN3;1fb41201-e665-3988-85da-b02ab52d7270;S3A;OLCI;L2_THETIS_GRID_20200520_20200530.nc;2.83157948;0.671309779;0.237079617;LXP;27.05.2020;46.500283;6.660889;0.025451807;0
S3A_OL_1_EFR____20200528T093201_20200528T093501_20240602T040139_0179_058_364_2160_MAR_R_NT_004.SEN3;0c8a5209-bc01-3c75-8ec5-93bfec7eba01;S3A;OLCI;L2_THETIS_GRID_20200520_20200530.nc;2.18359001;0.65096501;0.298116866;LXP;28.05.2020;46.500283;6.660889;0.024096386;0
S3B_OL_1_EFR____20200529T100718_20200529T101018_20240526T061549_0180_039_236_2160_MAR_R_NT_004.SEN3;350fe87c-6a2c-374e-a6e1-97b3b2701386;S3B;OLCI;L2_THETIS_GRID_20200520_20200530.nc;2.248911665;0.392706207;0.174620557;LXP;29.05.2020;46.500283;6.660889;0.041415663;0
S3A_OL_1_EFR____20200530T102038_20200530T102338_20240602T034524_0179_059_008_2160_MAR_R_NT_004.SEN3;183b1b94-3229-39dd-890d-173a4433ab1a;S3A;OLCI;L2_THETIS_GRID_20200530_20200609.nc;2.490208624;0.775465552;0.311405857;LXP;30.05.2020;46.500283;6.660889;0.752108434;0
S3B_OL_1_EFR____20200530T094107_20200530T094407_20240526T082659_0180_039_250_2160_MAR_R_NT_004.SEN3;70702fee-d066-314d-996f-164a92c722e8;S3B;OLCI;L2_THETIS_GRID_20200530_20200609.nc;2.490208624;0.775465552;0.311405857;LXP;30.05.2020;46.500283;6.660889;0.752108434;0
S3A_OL_1_EFR____20200531T095428_20200531T095728_20240602T035046_0179_059_022_2160_MAR_R_NT_004.SEN3;541a2706-898a-30ce-a7e9-894d0ec2b5bc;S3A;OLCI;L2_THETIS_GRID_20200530_20200609.nc;2.261257037;0.826143669;0.365347086;LXP;31.05.2020;46.500283;6.660889;0.08810241;0
S3A_OL_1_EFR____20200605T092432_20200605T092732_20240602T044118_0179_059_093_2160_MAR_R_NT_004.SEN3;0c54ec3f-da51-3552-a8d3-abb42cd87e75;S3A;OLCI;L2_THETIS_GRID_20200530_20200609.nc;3.619461785;0.237968405;0.065746904;LXP;05.06.2020;46.500283;6.660889;1;0
S3B_OL_1_EFR____20200605T102601_20200605T102901_20240526T063109_0179_039_336_2160_MAR_R_NT_004.SEN3;77d9aa21-8823-3872-9be8-94a13341cb3c;S3B;OLCI;L2_THETIS_GRID_20200530_20200609.nc;3.619461785;0.237968405;0.065746904;LXP;05.06.2020;46.500283;6.660889;1;0
S3A_OL_1_EFR____20200608T094658_20200608T094958_20240602T041857_0179_059_136_2160_MAR_R_NT_004.SEN3;c6425f63-251b-3c88-9522-f5e6a6ba6ade;S3A;OLCI;L2_THETIS_GRID_20200530_20200609.nc;3.294843849;0.724081812;0.219762102;LXP;08.06.2020;46.500283;6.660889;0.955421687;0
S3A_OL_1_EFR____20200609T092047_20200609T092347_20240602T042038_0179_059_150_2160_MAR_R_NT_004.SEN3;d6731ef9-5b01-30fe-befe-a5f081454924;S3A;OLCI;L2_THETIS_GRID_20200609_20200619.nc;3.885228031;0.438293361;0.112810202;LXP;09.06.2020;46.500283;6.660889;1;0
S3B_OL_1_EFR____20200609T102217_20200609T102517_20240526T075214_0179_040_008_2160_MAR_R_NT_004.SEN3;caba4641-46cb-3ef9-b666-f4c11d6dd1b5;S3B;OLCI;L2_THETIS_GRID_20200609_20200619.nc;3.885228031;0.438293361;0.112810202;LXP;09.06.2020;46.500283;6.660889;1;0
S3B_OL_1_EFR____20200911T094454_20200911T094754_20240526T120626_0179_043_193_2160_MAR_R_NT_004.SEN3;c1b0e75d-cafb-30f0-b966-e356dc2bb8e0;S3B;OLCI;L2_THETIS_GRID_20200907_20200917.nc;3.276170948;0.431204491;0.131618434;LXP;11.09.2020;46.500283;6.660889;0.97936747;0
S3A_OL_1_EFR____20200911T102419_20200911T102719_20240602T121958_0179_062_336_2160_MAR_R_NT_004.SEN3;430b5aae-0e0f-38ff-bd1b-b992fc8d1bd2;S3A;OLCI;L2_THETIS_GRID_20200907_20200917.nc;3.276170948;0.431204491;0.131618434;LXP;11.09.2020;46.500283;6.660889;0.97936747;0
S3A_OL_1_EFR____20200912T095808_20200912T100108_20240602T122147_0179_062_350_2160_MAR_R_NT_004.SEN3;b5da7200-c34a-3048-8852-b336ab56863a;S3A;OLCI;L2_THETIS_GRID_20200907_20200917.nc;3.645471891;0.573244283;0.157248307;LXP;12.09.2020;46.500283;6.660889;0.150451807;0
S3B_OL_1_EFR____20200912T091843_20200912T092143_20240526T143833_0179_043_207_2160_MAR_R_NT_004.SEN3;b453e0c7-555f-3b8d-a09d-fbaad8a89e25;S3B;OLCI;L2_THETIS_GRID_20200907_20200917.nc;3.645471891;0.573244283;0.157248307;LXP;12.09.2020;46.500283;6.660889;0.150451807;0
S3A_OL_1_EFR____20200913T093157_20200913T093457_20240602T122105_0179_062_364_2160_MAR_R_NT_004.SEN3;215ff6cf-26ba-37e1-8159-a507603996af;S3A;OLCI;L2_THETIS_GRID_20200907_20200917.nc;3.248631942;0.480573863;0.147931151;LXP;13.09.2020;46.500283;6.660889;1;0
S3B_OL_1_EFR____20200914T100720_20200914T101020_20240526T110458_0179_043_236_2160_MAR_R_NT_004.SEN3;fe6924ed-b2dd-3424-8276-277749b7d17a;S3B;OLCI;L2_THETIS_GRID_20200907_20200917.nc;2.853606986;0.456547053;0.159989464;LXP;14.09.2020;46.500283;6.660889;0.128162651;0
S3B_OL_1_EFR____20200915T094109_20200915T094409_20240526T131703_0179_043_250_2160_MAR_R_NT_004.SEN3;6528c1fb-6ccf-3614-b08c-21186207de73;S3B;OLCI;L2_THETIS_GRID_20200907_20200917.nc;3.565354229;0.755889456;0.212009637;LXP;15.09.2020;46.500283;6.660889;0.004216867;0
S3A_OL_1_EFR____20200915T102035_20200915T102335_20240602T111934_0180_063_008_2160_MAR_R_NT_004.SEN3;e3ffedc7-3f71-3da2-8e67-cd81535a1a9e;S3A;OLCI;L2_THETIS_GRID_20200907_20200917.nc;3.565354229;0.755889456;0.212009637;LXP;15.09.2020;46.500283;6.660889;0.004216867;0
S3A_OL_1_EFR____20200916T095424_20200916T095724_20240602T112027_0180_063_022_2160_MAR_R_NT_004.SEN3;9c372e85-b735-368d-85b3-677042d40625;S3A;OLCI;L2_THETIS_GRID_20200907_20200917.nc;3.202876159;0.348275018;0.108738209;LXP;16.09.2020;46.500283;6.660889;0.203463855;0
S3A_OL_1_EFR____20200917T092813_20200917T093113_20240602T112439_0179_063_036_2160_MAR_R_NT_004.SEN3;b57890a4-51c9-3a12-b811-6152e44ec699;S3A;OLCI;L2_THETIS_GRID_20200917_20200927.nc;2.933620785;0.105525939;0.035971227;LXP;17.09.2020;46.500283;6.660889;0.997740964;0
S3B_OL_1_EFR____20200918T100335_20200918T100635_20240526T121124_0179_043_293_2160_MAR_R_NT_004.SEN3;600378e9-a6b8-3fe1-8c2a-d852d08a3caa;S3B;OLCI;L2_THETIS_GRID_20200917_20200927.nc;2.628206495;0.149574829;0.056911369;LXP;18.09.2020;46.500283;6.660889;0.28373494;0
S3A_OL_1_EFR____20200919T101651_20200919T101951_20240602T122847_0179_063_065_2160_MAR_R_NT_004.SEN3;84d850ca-ece3-39ac-88c8-7e8f21ce15c7;S3A;OLCI;L2_THETIS_GRID_20200917_20200927.nc;2.740112534;0.334169651;0.121954718;LXP;19.09.2020;46.500283;6.660889;1;0
S3B_OL_1_EFR____20200919T093724_20200919T094024_20240526T144831_0179_043_307_2160_MAR_R_NT_004.SEN3;a8318106-a948-3b6f-876c-f76757fb6ecd;S3B;OLCI;L2_THETIS_GRID_20200917_20200927.nc;2.740112534;0.334169651;0.121954718;LXP;19.09.2020;46.500283;6.660889;1;0
S3A_OL_1_EFR____20200920T095040_20200920T095340_20240602T123345_0179_063_079_2160_MAR_R_NT_004.SEN3;73095e29-b03d-3c56-9a96-10381b853ad3;S3A;OLCI;L2_THETIS_GRID_20200917_20200927.nc;3.178263866;0.337763126;0.106272839;LXP;20.09.2020;46.500283;6.660889;1;0
S3B_OL_1_EFR____20200921T102602_20200921T102902_20240526T112459_0179_043_336_2160_MAR_R_NT_004.SEN3;e4b69223-5f75-32c1-8614-cb034a030955;S3B;OLCI;L2_THETIS_GRID_20200917_20200927.nc;2.662921832;0.180501774;0.067783354;LXP;21.09.2020;46.500283;6.660889;0.416;0
S3A_OL_1_EFR____20200921T092429_20200921T092729_20240602T130653_0179_063_093_2160_MAR_R_NT_004.SEN3;7b49a1d8-7c72-3233-9bcf-b286cdd48fa3;S3A;OLCI;L2_THETIS_GRID_20200917_20200927.nc;2.662921832;0.180501774;0.067783354;LXP;21.09.2020;46.500283;6.660889;0.417319277;0
S3A_OL_1_EFR____20201001T100539_20201001T100839_20240602T124432_0179_063_236_2160_MAR_R_NT_004.SEN3;de0b3af4-47d9-37fc-9849-d57a69d0b053;S3A;OLCI;L2_THETIS_GRID_20200927_20201007.nc;3.171351581;0.481359447;0.151783691;LXP;01.10.2020;46.500283;6.660889;1;0
S3B_OL_1_EFR____20201001T092609_20201001T092909_20240526T134548_0179_044_093_2160_MAR_R_NT_004.SEN3;5b2e91da-609a-3052-9060-9ab75768ed93;S3B;OLCI;L2_THETIS_GRID_20200927_20201007.nc;3.171351581;0.481359447;0.151783691;LXP;01.10.2020;46.500283;6.660889;1;0
S3A_OL_1_EFR____20201002T093928_20201002T094228_20240602T124934_0179_063_250_2160_MAR_R_NT_004.SEN3;dea17c40-0c64-3dc0-bfbc-66142cf648f6;S3A;OLCI;L2_THETIS_GRID_20200927_20201007.nc;3.081441178;0.287747524;0.093380826;LXP;02.10.2020;46.500283;6.660889;1;0
S3B_OL_1_EFR____20201003T101446_20201003T101746_20240526T152316_0179_044_122_2160_MAR_R_NT_004.SEN3;3ef2f5b6-dc3f-35fd-9a53-c62fbdc17929;S3B;OLCI;L2_THETIS_GRID_20200927_20201007.nc;2.297211099;0.430198469;0.18726989;LXP;03.10.2020;46.500283;6.660889;1;0
S3B_OL_1_EFR____20201004T094835_20201004T095135_20240526T125722_0179_044_136_2160_MAR_R_NT_004.SEN3;88d3df3e-761b-39de-9ca4-f144cdd5e542;S3B;OLCI;L2_THETIS_GRID_20200927_20201007.nc;2.02595012;0.262790249;0.129712102;LXP;04.10.2020;46.500283;6.660889;0.862048193;0
S3B_OL_1_EFR____20201005T092224_20201005T092524_20240526T152551_0179_044_150_2160_MAR_R_NT_004.SEN3;6db37aeb-f7f3-371f-afe7-d31638d69c98;S3B;OLCI;L2_THETIS_GRID_20200927_20201007.nc;1.948827124;0.2359529;0.12107431;LXP;05.10.2020;46.500283;6.660889;1;0
S3A_OL_1_EFR____20201005T100154_20201005T100454_20240602T142432_0179_063_293_2160_MAR_R_NT_004.SEN3;a856efff-e660-3100-b1c4-ed1e08f5cf49;S3A;OLCI;L2_THETIS_GRID_20200927_20201007.nc;1.948827124;0.2359529;0.12107431;LXP;05.10.2020;46.500283;6.660889;1;0
S3A_OL_1_EFR____20201006T093544_20201006T093844_20240602T141035_0179_063_307_2160_MAR_R_NT_004.SEN3;72a2719f-d523-3703-bac5-fc33226efa01;S3A;OLCI;L2_THETIS_GRID_20200927_20201007.nc;1.591587617;0.232480353;0.146068209;LXP;06.10.2020;46.500283;6.660889;1;0
S3B_OL_1_EFR____20201007T101101_20201007T101401_20240526T120053_0179_044_179_2160_MAR_R_NT_004.SEN3;15cab392-3a65-3fd1-a25b-f585ab99330c;S3B;OLCI;L2_THETIS_GRID_20201007_20201017.nc;1.742417471;0.327206263;0.187788672;LXP;07.10.2020;46.500283;6.660889;1;0
S3B_OL_1_EFR____20201008T094450_20201008T094750_20240526T142039_0179_044_193_2160_MAR_R_NT_004.SEN3;0232a3c8-6aa1-34e3-aec6-b789da95a51e;S3B;OLCI;L2_THETIS_GRID_20201007_20201017.nc;2.388362591;0.227448874;0.095232137;LXP;08.10.2020;46.500283;6.660889;0.037951807;0
S3A_OL_1_EFR____20201008T102421_20201008T102721_20240602T132148_0179_063_336_2160_MAR_R_NT_004.SEN3;23a2d7fc-cb10-3c41-b5ec-c9a669714a33;S3A;OLCI;L2_THETIS_GRID_20201007_20201017.nc;2.388362591;0.227448874;0.095232137;LXP;08.10.2020;46.500283;6.660889;0.037951807;0
S3B_OL_1_EFR____20201009T091840_20201009T092140_20240526T120421_0179_044_207_2160_MAR_R_NT_004.SEN3;327398ee-e7a0-3ca2-b505-4dfc4a827b6a;S3B;OLCI;L2_THETIS_GRID_20201007_20201017.nc;2.670525957;0.419140968;0.156950719;LXP;09.10.2020;46.500283;6.660889;0.993072289;0
S3A_OL_1_EFR____20201009T095810_20201009T100110_20240602T132110_0179_063_350_2160_MAR_R_NT_004.SEN3;3d79a986-b622-375d-a5d3-72c1718fd9f8;S3A;OLCI;L2_THETIS_GRID_20201007_20201017.nc;2.670525957;0.419140968;0.156950719;LXP;09.10.2020;46.500283;6.660889;0.993072289;0
S3A_OL_1_EFR____20201010T093159_20201010T093459_20240602T132244_0179_063_364_2160_MAR_R_NT_004.SEN3;c11193b5-6bdf-3b7e-a501-fb64a9b05afc;S3A;OLCI;L2_THETIS_GRID_20201007_20201017.nc;3.142587607;0.225900757;0.071883679;LXP;10.10.2020;46.500283;6.660889;1;0
S3B_OL_1_EFR____20201011T100718_20201011T101018_20240526T132142_0179_044_236_2160_MAR_R_NT_004.SEN3;ca3fd29a-8ab1-3ff6-9803-fdcf9c8e44b2;S3B;OLCI;L2_THETIS_GRID_20201007_20201017.nc;2.638063987;0.411365509;0.155934621;LXP;11.10.2020;46.500283;6.660889;0.439156627;0
S3B_OL_1_EFR____20201012T094107_20201012T094407_20240526T154154_0180_044_250_2160_MAR_R_NT_004.SEN3;439296de-1abb-3df5-9425-72c7cebe2651;S3B;OLCI;L2_THETIS_GRID_20201007_20201017.nc;1.8052212;0.206124895;0.114182625;LXP;12.10.2020;46.500283;6.660889;0.332831325;0
S3A_OL_1_EFR____20201012T102037_20201012T102337_20240602T142539_0179_064_008_2160_MAR_R_NT_004.SEN3;5cb3d9a1-b860-3ff1-9063-5a1abd81366e;S3A;OLCI;L2_THETIS_GRID_20201007_20201017.nc;1.8052212;0.206124895;0.114182625;LXP;12.10.2020;46.500283;6.660889;0.332831325;0
S3A_OL_1_EFR____20201013T095426_20201013T095726_20240602T142959_0179_064_022_2160_MAR_R_NT_004.SEN3;55e447f7-92e3-3a6a-b9c7-b1546aaf64b5;S3A;OLCI;L2_THETIS_GRID_20201007_20201017.nc;1.781531139;0.194646165;0.109257796;LXP;13.10.2020;46.500283;6.660889;0.95753012;0
S3A_OL_1_EFR____20201014T092815_20201014T093115_20240602T144255_0179_064_036_2160_MAR_R_NT_004.SEN3;3c501b78-a791-304d-a4d0-3cfcbbc3e15a;S3A;OLCI;L2_THETIS_GRID_20201007_20201017.nc;2.150518865;0.330826924;0.153835862;LXP;14.10.2020;46.500283;6.660889;0.910391566;0
S3B_OL_1_EFR____20201015T100334_20201015T100634_20240526T142410_0179_044_293_2160_MAR_R_NT_004.SEN3;714451af-0a9a-3a7b-9438-9e13e314446e;S3B;OLCI;L2_THETIS_GRID_20201007_20201017.nc;1.792207062;0.379379441;0.211682818;LXP;15.10.2020;46.500283;6.660889;0.9;0
S3B_OL_1_EFR____20201016T093724_20201016T094024_20240526T121615_0180_044_307_2160_MAR_R_NT_004.SEN3;6d28deb3-8f4a-34c6-986e-943099701f75;S3B;OLCI;L2_THETIS_GRID_20201007_20201017.nc;1.294091073;0.257757138;0.19918006;LXP;16.10.2020;46.500283;6.660889;0.587801205;0
S3A_OL_1_EFR____20201016T101652_20201016T101952_20240602T142330_0179_064_065_2160_MAR_R_NT_004.SEN3;4a40781a-2e71-37b1-836f-c5b9bbd74eb0;S3A;OLCI;L2_THETIS_GRID_20201007_20201017.nc;1.294091073;0.257757138;0.19918006;LXP;16.10.2020;46.500283;6.660889;0.587801205;0
S3A_OL_1_EFR____20201017T095041_20201017T095341_20240602T142222_0179_064_079_2160_MAR_R_NT_004.SEN3;d0cbb3ae-a282-37a5-b80f-dde21344436d;S3A;OLCI;L2_THETIS_GRID_20201017_20201027.nc;1.65441134;0.275062511;0.166260049;LXP;17.10.2020;46.500283;6.660889;0.910692771;0
S3B_OL_1_EFR____20201018T102602_20201018T102902_20240526T132957_0179_044_336_2160_MAR_R_NT_004.SEN3;aa6b6578-3020-3f99-a335-b90762c4f15e;S3B;OLCI;L2_THETIS_GRID_20201017_20201027.nc;1.855149052;0.238703154;0.128670607;LXP;18.10.2020;46.500283;6.660889;0.940075472;0
S3A_OL_1_EFR____20201018T092431_20201018T092731_20240602T142433_0179_064_093_2160_MAR_R_NT_004.SEN3;3cab619c-e488-3d42-a684-1662f63f82ef;S3A;OLCI;L2_THETIS_GRID_20201017_20201027.nc;1.855149052;0.238703154;0.128670607;LXP;18.10.2020;46.500283;6.660889;0.940210843;0
S3B_OL_1_EFR____20201019T095951_20201019T100251_20240526T152741_0180_044_350_2160_MAR_R_NT_004.SEN3;0ff3de79-d8f6-3342-8942-858798d6c123;S3B;OLCI;L2_THETIS_GRID_20201017_20201027.nc;1.55950815;0.117391324;0.075274582;LXP;19.10.2020;46.500283;6.660889;0.079216867;0
S3A_OL_1_EFR____20201021T094657_20201021T094957_20240602T152414_0179_064_136_2160_MAR_R_NT_004.SEN3;c5bc5786-68cc-3b5f-b636-f80c8b0888e4;S3A;OLCI;L2_THETIS_GRID_20201017_20201027.nc;2.572177434;0.196533409;0.076407407;LXP;21.10.2020;46.500283;6.660889;1;0
S3B_OL_1_EFR____20201022T102218_20201022T102518_20240526T150019_0179_045_008_2160_MAR_R_NT_004.SEN3;5d1e9205-719f-304a-a275-418eec7c54be;S3B;OLCI;L2_THETIS_GRID_20201017_20201027.nc;2.603601512;0.334937248;0.128643822;LXP;22.10.2020;46.500283;6.660889;1;0
S3A_OL_1_EFR____20201022T092046_20201022T092346_20240602T152542_0179_064_150_2160_MAR_R_NT_004.SEN3;ba3c1ac6-97b9-3e7c-9572-cc883a7e7907;S3A;OLCI;L2_THETIS_GRID_20201017_20201027.nc;2.603601512;0.334937248;0.128643822;LXP;22.10.2020;46.500283;6.660889;1;0
S3B_OL_1_EFR____20201023T095607_20201023T095907_20240526T123515_0179_045_022_2160_MAR_R_NT_004.SEN3;a665b542-5a51-3ae2-9019-296ae6c89c1b;S3B;OLCI;L2_THETIS_GRID_20201017_20201027.nc;2.079329264;0.231138497;0.111160123;LXP;23.10.2020;46.500283;6.660889;1;0
S3B_OL_1_EFR____20201024T092956_20201024T093256_20240526T150146_0179_045_036_2160_MAR_R_NT_004.SEN3;e31b7419-7a9a-37ae-8dfc-dbcf16bf4fb6;S3B;OLCI;L2_THETIS_GRID_20201017_20201027.nc;2.076610543;0.189499478;0.091254221;LXP;24.10.2020;46.500283;6.660889;0.060993976;0
S3A_OL_1_EFR____20201024T100923_20201024T101223_20240602T142802_0179_064_179_2160_MAR_R_NT_004.SEN3;82fe0f61-ca13-3b10-8537-6396c6f883c4;S3A;OLCI;L2_THETIS_GRID_20201017_20201027.nc;2.076610543;0.189499478;0.091254221;LXP;24.10.2020;46.500283;6.660889;0.060993976;0
S3A_OL_1_EFR____20201025T094312_20201025T094612_20240602T143124_0179_064_193_2160_MAR_R_NT_004.SEN3;384c44d6-ea86-30f6-a2d8-f18a8a5c54de;S3A;OLCI;L2_THETIS_GRID_20201017_20201027.nc;2.397073247;0.18860555;0.078681597;LXP;25.10.2020;46.500283;6.660889;1;0
S3B_OL_1_EFR____20201026T101834_20201026T102134_20240526T160440_0179_045_065_2160_MAR_R_NT_004.SEN3;b02e5ac0-ffb8-3f05-be3a-c1137015d587;S3B;OLCI;L2_THETIS_GRID_20201017_20201027.nc;2.188427289;0.109264431;0.04992829;LXP;26.10.2020;46.500283;6.660889;1;0
S3B_OL_1_EFR____20201027T095224_20201027T095524_20240526T135051_0179_045_079_2160_MAR_R_NT_004.SEN3;3d69b1e0-7d5e-3bc9-a72c-8522dc3aa4b3;S3B;OLCI;L2_THETIS_GRID_20201027_20201106.nc;2.061364531;0.167166028;0.081094841;LXP;27.10.2020;46.500283;6.660889;0.950150602;0
S3B_OL_1_EFR____20201028T092613_20201028T092913_20240526T155253_0179_045_093_2160_MAR_R_NT_004.SEN3;40f87146-94a7-338d-a71f-255a9cfce5a1;S3B;OLCI;L2_THETIS_GRID_20201027_20201106.nc;2.159224161;0.23579002;0.10920127;LXP;28.10.2020;46.500283;6.660889;0.995331325;0
S3A_OL_1_EFR____20201028T100539_20201028T100839_20240602T155909_0179_064_236_2160_MAR_R_NT_004.SEN3;78baddbf-1b48-384f-a00c-bfe07cbfeeb8;S3A;OLCI;L2_THETIS_GRID_20201027_20201106.nc;2.159224161;0.23579002;0.10920127;LXP;28.10.2020;46.500283;6.660889;0.995331325;0
S3A_OL_1_EFR____20201029T093928_20201029T094228_20240602T161630_0179_064_250_2160_MAR_R_NT_004.SEN3;b3eacd93-5654-3811-a42b-dc0d9afc0b46;S3A;OLCI;L2_THETIS_GRID_20201027_20201106.nc;1.737916467;0.160213152;0.092186912;LXP;29.10.2020;46.500283;6.660889;1;0
S3B_OL_1_EFR____20201030T101451_20201030T101751_20240526T125659_0180_045_122_2160_MAR_R_NT_004.SEN3;d934b4e2-261e-3abe-a7a5-64fa1fb61fd5;S3B;OLCI;L2_THETIS_GRID_20201027_20201106.nc;2.376465874;0.488592186;0.20559613;LXP;30.10.2020;46.500283;6.660889;0.38253012;0
S3B_OL_1_EFR____20201031T094840_20201031T095140_20240526T151546_0179_045_136_2160_MAR_R_NT_004.SEN3;c4116f5e-0ea1-366e-80ff-26b392fab509;S3B;OLCI;L2_THETIS_GRID_20201027_20201106.nc;3.118407453;0.423462398;0.135794441;LXP;31.10.2020;46.500283;6.660889;0.863855422;0
S3B_OL_1_EFR____20201101T092229_20201101T092529_20240526T130750_0179_045_150_2160_MAR_R_NT_004.SEN3;cc71bd45-edf6-326b-ba7c-e4cc6965068e;S3B;OLCI;L2_THETIS_GRID_20201027_20201106.nc;3.564028196;0.408012441;0.1144807;LXP;01.11.2020;46.500283;6.660889;1;0
S3A_OL_1_EFR____20201101T100154_20201101T100454_20240602T152350_0179_064_293_2160_MAR_R_NT_004.SEN3;56c97b29-62de-3106-8698-0eb80872c113;S3A;OLCI;L2_THETIS_GRID_20201027_20201106.nc;3.564028196;0.408012441;0.1144807;LXP;01.11.2020;46.500283;6.660889;1;0
S3A_OL_1_EFR____20201102T093543_20201102T093843_20240602T152546_0179_064_307_2160_MAR_R_NT_004.SEN3;2bd0d525-bcf5-3c65-81dd-4364dcd0b83e;S3A;OLCI;L2_THETIS_GRID_20201027_20201106.nc;4.01331768;0.685401811;0.170781848;LXP;02.11.2020;46.500283;6.660889;0.602409639;0
S3B_OL_1_EFR____20201103T101107_20201103T101407_20240526T142341_0179_045_179_2160_MAR_R_NT_004.SEN3;9bff68b5-f071-3312-b796-c94552655ca1;S3B;OLCI;L2_THETIS_GRID_20201027_20201106.nc;3.966041562;0.73383079;0.185028517;LXP;03.11.2020;46.500283;6.660889;1;0
S3A_OL_1_EFR____20201104T102420_20201104T102720_20240602T162709_0180_064_336_2160_MAR_R_NT_004.SEN3;e05df157-8f45-3a9c-bc52-6d83ebb4d339;S3A;OLCI;L2_THETIS_GRID_20201027_20201106.nc;3.167765927;0.26288597;0.082987814;LXP;04.11.2020;46.500283;6.660889;1;0
S3B_OL_1_EFR____20201104T094456_20201104T094756_20240526T163057_0179_045_193_2160_MAR_R_NT_004.SEN3;c99065de-060f-3b77-af0a-3df73bcc7d7f;S3B;OLCI;L2_THETIS_GRID_20201027_20201106.nc;3.167765927;0.26288597;0.082987814;LXP;04.11.2020;46.500283;6.660889;1;0
S3A_OL_1_EFR____20201105T095809_20201105T100109_20240602T162757_0179_064_350_2160_MAR_R_NT_004.SEN3;05b426c1-7d52-382e-8af1-34d1eb0e3066;S3A;OLCI;L2_THETIS_GRID_20201027_20201106.nc;3.528622964;0.328047865;0.092967673;LXP;05.11.2020;46.500283;6.660889;1;0
S3B_OL_1_EFR____20201105T091845_20201105T092145_20240526T142341_0179_045_207_2160_MAR_R_NT_004.SEN3;f21bfafd-0168-3577-91a4-9c31f74687fd;S3B;OLCI;L2_THETIS_GRID_20201027_20201106.nc;3.528622964;0.328047865;0.092967673;LXP;05.11.2020;46.500283;6.660889;1;0
S3A_OL_1_EFR____20201106T093158_20201106T093458_20240602T162937_0179_064_364_2160_MAR_R_NT_004.SEN3;15530447-1e6d-37d0-8740-7f5dd676e030;S3A;OLCI;L2_THETIS_GRID_20201106_20201116.nc;3.80155499;0.543218063;0.142893649;LXP;06.11.2020;46.500283;6.660889;0.995783133;0
S3B_OL_1_EFR____20201107T100723_20201107T101023_20240526T153425_0179_045_236_2160_MAR_R_NT_004.SEN3;6f09d793-6cc0-385c-912d-042b2cec67a6;S3B;OLCI;L2_THETIS_GRID_20201106_20201116.nc;4.022480442;0.37764111;0.093882647;LXP;07.11.2020;46.500283;6.660889;1;0
S3A_OL_1_EFR____20201108T102035_20201108T102335_20240602T163450_0180_065_008_2160_MAR_R_NT_004.SEN3;eea67517-bd97-3ddb-969f-7d1180086f0f;S3A;OLCI;L2_THETIS_GRID_20201106_20201116.nc;4.202581461;1.178652304;0.280459121;LXP;08.11.2020;46.500283;6.660889;1;0
S3B_OL_1_EFR____20201108T094112_20201108T094412_20240526T163550_0179_045_250_2160_MAR_R_NT_004.SEN3;7bd08c5b-16bb-33dd-8529-f2286d6432ad;S3B;OLCI;L2_THETIS_GRID_20201106_20201116.nc;4.202581461;1.178652304;0.280459121;LXP;08.11.2020;46.500283;6.660889;1;0
S3A_OL_1_EFR____20201109T095424_20201109T095724_20240602T164635_0179_065_022_2160_MAR_R_NT_004.SEN3;5f1aef1d-13e9-3b5f-a910-9302727e25a3;S3A;OLCI;L2_THETIS_GRID_20201106_20201116.nc;3.27383587;0.863919173;0.263885915;LXP;09.11.2020;46.500283;6.660889;0.892018072;0
S3A_OL_1_EFR____20201110T092813_20201110T093113_20240602T165542_0179_065_036_2160_MAR_R_NT_004.SEN3;47e9bf74-55f4-3fa6-801b-2d84e91c993b;S3A;OLCI;L2_THETIS_GRID_20201106_20201116.nc;5.215650007;0.396439637;0.076009632;LXP;10.11.2020;46.500283;6.660889;1;0
S3B_OL_1_EFR____20201111T100339_20201111T100639_20240526T154501_0179_045_293_2160_MAR_R_NT_004.SEN3;4853a8fb-fb7f-3bb2-acbc-60328fbd0e44;S3B;OLCI;L2_THETIS_GRID_20201106_20201116.nc;5.129610028;0.673707434;0.131336969;LXP;11.11.2020;46.500283;6.660889;0.73313253;0
S3A_OL_1_EFR____20201112T101650_20201112T101950_20240602T162556_0180_065_065_2160_MAR_R_NT_004.SEN3;c6ea2127-1320-35c3-8b41-8042ca936935;S3A;OLCI;L2_THETIS_GRID_20201106_20201116.nc;4.98616366;0.738816827;0.148173401;LXP;12.11.2020;46.500283;6.660889;0.00376506;0
S3B_OL_1_EFR____20201112T093728_20201112T094028_20240526T134504_0179_045_307_2160_MAR_R_NT_004.SEN3;e74cb2ce-dc94-39bf-88c9-b8d7d84e0aeb;S3B;OLCI;L2_THETIS_GRID_20201106_20201116.nc;4.98616366;0.738816827;0.148173401;LXP;12.11.2020;46.500283;6.660889;0.00376506;0
S3A_OL_1_EFR____20201113T095039_20201113T095339_20240602T162657_0179_065_079_2160_MAR_R_NT_004.SEN3;0345b9fc-8ef5-3172-9f40-bbc78a3938c5;S3A;OLCI;L2_THETIS_GRID_20201106_20201116.nc;4.291437255;0.551063417;0.128409991;LXP;13.11.2020;46.500283;6.660889;0.977259036;0
S3A_OL_1_EFR____20201114T092428_20201114T092728_20240602T162805_0179_065_093_2160_MAR_R_NT_004.SEN3;c156b173-12da-3cb0-a9b9-e4a20103e09c;S3A;OLCI;L2_THETIS_GRID_20201106_20201116.nc;4.286173796;0.520165606;0.121358963;LXP;14.11.2020;46.500283;6.660889;0.184939759;0
S3B_OL_1_EFR____20201114T102605_20201114T102905_20240526T145136_0179_045_336_2160_MAR_R_NT_004.SEN3;e370dfbf-2ab1-35d6-909c-0c7c56ef2ef3;S3B;OLCI;L2_THETIS_GRID_20201106_20201116.nc;4.286173796;0.520165606;0.121358963;LXP;14.11.2020;46.500283;6.660889;0.184754717;0
S3B_OL_1_EFR____20201115T095955_20201115T100255_20240526T165326_0179_045_350_2160_MAR_R_NT_004.SEN3;ef534491-11cf-3935-8b25-3533a8097172;S3B;OLCI;L2_THETIS_GRID_20201106_20201116.nc;5.052647793;0.683660888;0.13530745;LXP;15.11.2020;46.500283;6.660889;0.399096386;0
S3A_OL_1_EFR____20201116T101305_20201116T101605_20240602T171124_0180_065_122_2160_MAR_R_NT_004.SEN3;1fb519ac-6909-391e-b712-9e34144af565;S3A;OLCI;L2_THETIS_GRID_20201116_20201126.nc;4.389449334;0.522856455;0.11911664;LXP;16.11.2020;46.500283;6.660889;0.78313253;0
S3B_OL_1_EFR____20201116T093344_20201116T093644_20240526T150028_0179_045_364_2160_MAR_R_NT_004.SEN3;00bc2c3b-b083-31fb-9ce4-caec690387f2;S3B;OLCI;L2_THETIS_GRID_20201116_20201126.nc;4.389449334;0.522856455;0.11911664;LXP;16.11.2020;46.500283;6.660889;0.78313253;0
S3A_OL_1_EFR____20201117T094654_20201117T094954_20240602T171239_0180_065_136_2160_MAR_R_NT_004.SEN3;ac5e9a46-d00d-35db-a30c-66d2d09d1b28;S3A;OLCI;L2_THETIS_GRID_20201116_20201126.nc;4.385326873;0.516941298;0.117879764;LXP;17.11.2020;46.500283;6.660889;1;0
S3A_OL_1_EFR____20201118T092043_20201118T092343_20240602T173218_0179_065_150_2160_MAR_R_NT_004.SEN3;61aee3ec-144a-304b-a925-9779b607ff46;S3A;OLCI;L2_THETIS_GRID_20201116_20201126.nc;4.17441342;0.293204794;0.070238562;LXP;18.11.2020;46.500283;6.660889;0.214909639;0
S3B_OL_1_EFR____20201118T102221_20201118T102521_20240526T155109_0179_046_008_2160_MAR_R_NT_004.SEN3;aa13ebf1-efba-3577-a2a7-7732cbf6c212;S3B;OLCI;L2_THETIS_GRID_20201116_20201126.nc;4.17441342;0.293204794;0.070238562;LXP;18.11.2020;46.500283;6.660889;0.214909639;0
S3B_OL_1_EFR____20201119T095610_20201119T095910_20240526T140201_0179_046_022_2160_MAR_R_NT_004.SEN3;149bb350-717e-3764-ab1e-63b8f6d95200;S3B;OLCI;L2_THETIS_GRID_20201116_20201126.nc;3.969458382;0.285302681;0.071874461;LXP;19.11.2020;46.500283;6.660889;1;0
S3A_OL_1_EFR____20201120T100920_20201120T101220_20240602T165334_0179_065_179_2160_MAR_R_NT_004.SEN3;6bf317f8-8006-3f7b-8431-56d39d762ffd;S3A;OLCI;L2_THETIS_GRID_20201116_20201126.nc;4.039671697;0.428149777;0.10598628;LXP;20.11.2020;46.500283;6.660889;0.493674699;0
S3B_OL_1_EFR____20201120T092959_20201120T093259_20240526T161749_0179_046_036_2160_MAR_R_NT_004.SEN3;db079c44-2949-3ed8-bbe9-9360557a367a;S3B;OLCI;L2_THETIS_GRID_20201116_20201126.nc;4.039671697;0.428149777;0.10598628;LXP;20.11.2020;46.500283;6.660889;0.493674699;0
S3A_OL_1_EFR____20201121T094309_20201121T094609_20240602T170749_0179_065_193_2160_MAR_R_NT_004.SEN3;c2fc7d5d-59bf-38e4-a2bb-85d58846a240;S3A;OLCI;L2_THETIS_GRID_20201116_20201126.nc;3.922588447;0.386235557;0.098464461;LXP;21.11.2020;46.500283;6.660889;0.771385542;0
S3B_OL_1_EFR____20201122T101837_20201122T102137_20240526T181243_0179_046_065_2160_MAR_R_NT_004.SEN3;6737831a-c1a7-382b-b3c0-2f99b1b040f7;S3B;OLCI;L2_THETIS_GRID_20201116_20201126.nc;3.464615801;0.390547633;0.112724658;LXP;22.11.2020;46.500283;6.660889;0.807981928;0
S3B_OL_1_EFR____20201123T095226_20201123T095526_20240526T151857_0180_046_079_2160_MAR_R_NT_004.SEN3;d5e13a44-f104-33e9-91f7-ef1fa5e050b5;S3B;OLCI;L2_THETIS_GRID_20201116_20201126.nc;3.621922314;0.277773561;0.076692302;LXP;23.11.2020;46.500283;6.660889;0.793072289;0
S3B_OL_1_EFR____20201124T092615_20201124T092915_20240526T174011_0179_046_093_2160_MAR_R_NT_004.SEN3;9284bb28-c72d-3ea1-9a01-5876eeadb9ab;S3B;OLCI;L2_THETIS_GRID_20201116_20201126.nc;3.423279607;0.297612241;0.086937754;LXP;24.11.2020;46.500283;6.660889;0.977861446;0
S3A_OL_1_EFR____20201124T100535_20201124T100835_20240602T182935_0179_065_236_2160_MAR_R_NT_004.SEN3;dddabacd-32e9-3a7d-a422-500ed6893881;S3A;OLCI;L2_THETIS_GRID_20201116_20201126.nc;3.423279607;0.297612241;0.086937754;LXP;24.11.2020;46.500283;6.660889;0.977861446;0
S3A_OL_1_EFR____20201125T093924_20201125T094224_20240602T182935_0179_065_250_2160_MAR_R_NT_004.SEN3;35550458-b79d-3084-8793-df1650758606;S3A;OLCI;L2_THETIS_GRID_20201116_20201126.nc;3.274150838;0.295206651;0.090162813;LXP;25.11.2020;46.500283;6.660889;1;0
S3B_OL_1_EFR____20201126T101452_20201126T101752_20240526T142457_0179_046_122_2160_MAR_R_NT_004.SEN3;eff6e1eb-e748-3bca-957c-3e6abd7f0f8a;S3B;OLCI;L2_THETIS_GRID_20201126_20201206.nc;3.140953205;0.318956521;0.101547683;LXP;26.11.2020;46.500283;6.660889;0.914608434;0
S3B_OL_1_EFR____20201127T094842_20201127T095142_20240526T164714_0179_046_136_2160_MAR_R_NT_004.SEN3;8b316599-6d66-30b2-a971-f9b7a85fc19b;S3B;OLCI;L2_THETIS_GRID_20201126_20201206.nc;3.325272332;0.301545147;0.090682843;LXP;27.11.2020;46.500283;6.660889;0.982379518;0
S3B_OL_1_EFR____20201128T092231_20201128T092531_20240526T142908_0179_046_150_2160_MAR_R_NT_004.SEN3;da67bb14-98f8-3ae6-aff6-d8e15104e36c;S3B;OLCI;L2_THETIS_GRID_20201126_20201206.nc;3.226878737;0.308731339;0.095674912;LXP;28.11.2020;46.500283;6.660889;0.798042169;0
S3A_OL_1_EFR____20201128T100150_20201128T100450_20240602T172955_0179_065_293_2160_MAR_R_NT_004.SEN3;99e7bad3-1d66-3a8a-8424-08a7358b03f7;S3A;OLCI;L2_THETIS_GRID_20201126_20201206.nc;3.226878737;0.308731339;0.095674912;LXP;28.11.2020;46.500283;6.660889;0.798042169;0
S3A_OL_1_EFR____20201129T093538_20201129T093838_20240602T173043_0179_065_307_2160_MAR_R_NT_004.SEN3;e54683c9-83b5-3b06-ab41-29ecaa554ddf;S3A;OLCI;L2_THETIS_GRID_20201126_20201206.nc;3.015143657;0.237520961;0.078776001;LXP;29.11.2020;46.500283;6.660889;1;0
S3B_OL_1_EFR____20201130T101108_20201130T101408_20240526T154404_0179_046_179_2160_MAR_R_NT_004.SEN3;a77c6d60-72f2-33c4-a97e-b5b605a59b8f;S3B;OLCI;L2_THETIS_GRID_20201126_20201206.nc;3.098057706;0.173744709;0.056081818;LXP;30.11.2020;46.500283;6.660889;1;0
S3B_OL_1_EFR____20201201T094457_20201201T094757_20240526T182743_0179_046_193_2160_MAR_R_NT_004.SEN3;13328154-a4b4-305f-bb90-eb33e08f4747;S3B;OLCI;L2_THETIS_GRID_20201126_20201206.nc;2.973371035;0.156169642;0.052522756;LXP;01.12.2020;46.500283;6.660889;0.979668675;0
S3A_OL_1_EFR____20201201T102415_20201201T102715_20240602T182955_0179_065_336_2160_MAR_R_NT_004.SEN3;aa4d6e79-263f-3f10-a79d-2c98aba12b91;S3A;OLCI;L2_THETIS_GRID_20201126_20201206.nc;2.973371035;0.156169642;0.052522756;LXP;01.12.2020;46.500283;6.660889;0.979668675;0
S3A_OL_1_EFR____20201202T095804_20201202T100104_20240602T183158_0179_065_350_2160_MAR_R_NT_004.SEN3;3f2b792c-0d74-3718-b521-8a5849363572;S3A;OLCI;L2_THETIS_GRID_20201126_20201206.nc;2.807578451;0.220562459;0.078559678;LXP;02.12.2020;46.500283;6.660889;0.874849398;0
S3B_OL_1_EFR____20201202T091846_20201202T092146_20240526T160626_0179_046_207_2160_MAR_R_NT_004.SEN3;7d932f73-116c-32e0-bbe7-b291c52279cc;S3B;OLCI;L2_THETIS_GRID_20201126_20201206.nc;2.807578451;0.220562459;0.078559678;LXP;02.12.2020;46.500283;6.660889;0.874849398;0
S3A_OL_1_EFR____20201203T093153_20201203T093453_20240602T183340_0180_065_364_2160_MAR_R_NT_004.SEN3;9cb78ae4-d16f-3975-92dd-b6d7e046dcaf;S3A;OLCI;L2_THETIS_GRID_20201126_20201206.nc;2.68364101;0.165642122;0.061722906;LXP;03.12.2020;46.500283;6.660889;0.988855422;0
S3B_OL_1_EFR____20201204T100723_20201204T101023_20240526T170940_0179_046_236_2160_MAR_R_NT_004.SEN3;8d925ce6-531b-383a-9c7d-6f5048e43fbc;S3B;OLCI;L2_THETIS_GRID_20201126_20201206.nc;2.384616597;0.245588314;0.102988596;LXP;04.12.2020;46.500283;6.660889;1;0
S3B_OL_1_EFR____20201205T094112_20201205T094412_20240526T145443_0179_046_250_2160_MAR_R_NT_004.SEN3;59adb004-cd88-3b5f-9252-1f528e307b53;S3B;OLCI;L2_THETIS_GRID_20201126_20201206.nc;2.565500189;0.206461781;0.080476229;LXP;05.12.2020;46.500283;6.660889;1;0
S3A_OL_1_EFR____20201205T102030_20201205T102330_20240602T182332_0179_066_008_2160_MAR_R_NT_004.SEN3;df39b41c-afb6-39d7-a841-837151572c4e;S3A;OLCI;L2_THETIS_GRID_20201126_20201206.nc;2.565500189;0.206461781;0.080476229;LXP;05.12.2020;46.500283;6.660889;1;0
S3A_OL_1_EFR____20201206T095419_20201206T095719_20240602T182401_0179_066_022_2160_MAR_R_NT_004.SEN3;4c63efbd-b08c-3283-9515-d74b9307c1a4;S3A;OLCI;L2_THETIS_GRID_20201206_20201216.nc;2.519719414;0.231508716;0.091878768;LXP;06.12.2020;46.500283;6.660889;0.981325301;0
S3A_OL_1_EFR____20201207T092808_20201207T093108_20240602T182504_0180_066_036_2160_MAR_R_NT_004.SEN3;761ff802-7d85-31ec-8ba7-9d5597502221;S3A;OLCI;L2_THETIS_GRID_20201206_20201216.nc;2.299318144;0.235488328;0.102416592;LXP;07.12.2020;46.500283;6.660889;0.993975904;0
S3B_OL_1_EFR____20201208T100338_20201208T100638_20240526T182823_0179_046_293_2160_MAR_R_NT_004.SEN3;a25400b3-887f-31c2-bc8b-7c75ae528d3f;S3B;OLCI;L2_THETIS_GRID_20201206_20201216.nc;2.592344655;0.47143812;0.18185781;LXP;08.12.2020;46.500283;6.660889;0.856927711;0
S3B_OL_1_EFR____20201209T093727_20201209T094027_20240526T160925_0179_046_307_2160_MAR_R_NT_004.SEN3;0951b48e-cb75-3aee-a8fa-d20b78eedb0a;S3B;OLCI;L2_THETIS_GRID_20201206_20201216.nc;2.899948766;0.172934944;0.059633793;LXP;09.12.2020;46.500283;6.660889;1;0
S3A_OL_1_EFR____20201209T101646_20201209T101946_20240602T193028_0179_066_065_2160_MAR_R_NT_004.SEN3;0c24f2d4-23de-3281-8777-a8c441e0b28f;S3A;OLCI;L2_THETIS_GRID_20201206_20201216.nc;2.899948766;0.172934944;0.059633793;LXP;09.12.2020;46.500283;6.660889;1;0
S3A_OL_1_EFR____20201210T095035_20201210T095335_20240602T193114_0179_066_079_2160_MAR_R_NT_004.SEN3;6c9f6dba-ef84-3531-84f9-6045d0a1d850;S3A;OLCI;L2_THETIS_GRID_20201206_20201216.nc;1.6e-322;0;0;LXP;10.12.2020;46.500283;6.660889;0.728463855;1
S3A_OL_1_EFR____20210226T092815_20210226T093115_20240603T003649_0179_069_036_2160_MAR_R_NT_004.SEN3;a5642fc1-ba05-3ea3-a7c2-0412074cb8b3;S3A;OLCI;L2_THETIS_GRID_20210224_20210306.nc;;;;LXP;26.02.2021;46.500283;6.660889;1;0
S3A_OL_1_EFR____20210301T095041_20210301T095341_20240603T013838_0179_069_079_2160_MAR_R_NT_004.SEN3;24dd2390-3f28-39d2-9373-0815b44ee388;S3A;OLCI;L2_THETIS_GRID_20210224_20210306.nc;;;;LXP;01.03.2021;46.500283;6.660889;0.419126506;0
S3A_OL_1_EFR____20210302T092430_20210302T092730_20240603T014035_0179_069_093_2160_MAR_R_NT_004.SEN3;7841fbfb-ace4-3706-b12b-da8b5f569f91;S3A;OLCI;L2_THETIS_GRID_20210224_20210306.nc;;;;LXP;02.03.2021;46.500283;6.660889;1;0
S3B_OL_1_EFR____20210302T102603_20210302T102903_20240526T201443_0179_049_336_2160_MAR_R_NT_004.SEN3;315cff95-a33f-3488-ad0a-8fb37b880c75;S3B;OLCI;L2_THETIS_GRID_20210224_20210306.nc;;;;LXP;02.03.2021;46.500283;6.660889;1;0
S3B_OL_1_EFR____20210303T095953_20210303T100253_20240527T002819_0179_049_350_2160_MAR_R_NT_004.SEN3;ef2fd1ec-52f0-3b79-b023-718e8af6c64c;S3B;OLCI;L2_THETIS_GRID_20210224_20210306.nc;;;;LXP;03.03.2021;46.500283;6.660889;1;0
S3A_OL_1_EFR____20210304T101307_20210304T101607_20240603T012716_0179_069_122_2160_MAR_R_NT_004.SEN3;1ed0e949-a987-39ae-b720-d8625cd7b8c3;S3A;OLCI;L2_THETIS_GRID_20210224_20210306.nc;;;;LXP;04.03.2021;46.500283;6.660889;0.999548193;0
S3B_OL_1_EFR____20210304T093342_20210304T093642_20240526T202759_0179_049_364_2160_MAR_R_NT_004.SEN3;c4b82e1d-0ba6-3640-8daa-f54cc2c1b52c;S3B;OLCI;L2_THETIS_GRID_20210224_20210306.nc;;;;LXP;04.03.2021;46.500283;6.660889;0.999548193;0
S3A_OL_1_EFR____20210305T094656_20210305T094956_20240603T013009_0179_069_136_2160_MAR_R_NT_004.SEN3;e2a9d6df-01d0-390c-9bde-be7abcd12a32;S3A;OLCI;L2_THETIS_GRID_20210224_20210306.nc;;;;LXP;05.03.2021;46.500283;6.660889;1;0
S3A_OL_1_EFR____20210306T092045_20210306T092345_20240603T013608_0179_069_150_2160_MAR_R_NT_004.SEN3;aa61b8d9-1232-3537-aad5-1e6dd5be8591;S3A;OLCI;L2_THETIS_GRID_20210306_20210316.nc;;;;LXP;06.03.2021;46.500283;6.660889;1;0
S3B_OL_1_EFR____20210306T102219_20210306T102519_20240526T220316_0180_050_008_2160_MAR_R_NT_004.SEN3;0e73c47d-d030-37a7-9243-a1127b732b77;S3B;OLCI;L2_THETIS_GRID_20210306_20210316.nc;;;;LXP;06.03.2021;46.500283;6.660889;1;0
S3B_OL_1_EFR____20210307T095608_20210307T095908_20240526T201238_0179_050_022_2160_MAR_R_NT_004.SEN3;be26c05a-d449-364e-9eaa-5f1b98ab06af;S3B;OLCI;L2_THETIS_GRID_20210306_20210316.nc;;;;LXP;07.03.2021;46.500283;6.660889;0.980873494;0
S3A_OL_1_EFR____20210308T100922_20210308T101222_20240603T023714_0179_069_179_2160_MAR_R_NT_004.SEN3;346bcd3b-0d5f-3f4e-bf91-0d3826ee261f;S3A;OLCI;L2_THETIS_GRID_20210306_20210316.nc;;;;LXP;08.03.2021;46.500283;6.660889;0.998343373;0
S3B_OL_1_EFR____20210308T092958_20210308T093258_20240526T221003_0179_050_036_2160_MAR_R_NT_004.SEN3;5ffaf142-831b-3b35-be1f-c283f54d6be6;S3B;OLCI;L2_THETIS_GRID_20210306_20210316.nc;;;;LXP;08.03.2021;46.500283;6.660889;0.998343373;0
S3A_OL_1_EFR____20210309T094311_20210309T094611_20240603T023435_0179_069_193_2160_MAR_R_NT_004.SEN3;0e7eb029-3b7b-3a9b-a4d7-89c0fe8a0a26;S3A;OLCI;L2_THETIS_GRID_20210306_20210316.nc;4.565610279;0.911838609;0.199718888;LXP;09.03.2021;46.500283;6.660889;1;0
S3B_OL_1_EFR____20210310T101835_20210310T102135_20240526T231437_0179_050_065_2160_MAR_R_NT_004.SEN3;ee164ded-dc1c-3a35-bd94-a898a133c1a6;S3B;OLCI;L2_THETIS_GRID_20210306_20210316.nc;4.067716687;1.236519307;0.303983636;LXP;10.03.2021;46.500283;6.660889;0.90873494;0
S3B_OL_1_EFR____20210311T095224_20210311T095524_20240526T220208_0179_050_079_2160_MAR_R_NT_004.SEN3;d9cb41ea-6dc2-3e0b-9c92-67d9d8d7f1cf;S3B;OLCI;L2_THETIS_GRID_20210306_20210316.nc;3.231320209;1.639473432;0.507369535;LXP;11.03.2021;46.500283;6.660889;1;0
S3B_OL_1_EFR____20210312T092613_20210312T092913_20240527T002711_0179_050_093_2160_MAR_R_NT_004.SEN3;557be332-acdf-3f70-8b92-d93a34d3aecd;S3B;OLCI;L2_THETIS_GRID_20210306_20210316.nc;0.778061876;0.110032085;0.141418168;LXP;12.03.2021;46.500283;6.660889;0.1375;0
S3A_OL_1_EFR____20210312T100537_20210312T100837_20240603T015614_0180_069_236_2160_MAR_R_NT_004.SEN3;4f12c88c-381e-389d-8209-5d663a6b954f;S3A;OLCI;L2_THETIS_GRID_20210306_20210316.nc;0.778061876;0.110032085;0.141418168;LXP;12.03.2021;46.500283;6.660889;0.1375;0
S3A_OL_1_EFR____20210313T093926_20210313T094226_20240603T020210_0179_069_250_2160_MAR_R_NT_004.SEN3;8a66da64-7f31-342b-bd7f-339d431a17b3;S3A;OLCI;L2_THETIS_GRID_20210306_20210316.nc;0.792984393;0.064794851;0.081710122;LXP;13.03.2021;46.500283;6.660889;1;0
S3B_OL_1_EFR____20210314T101451_20210314T101751_20240526T201249_0179_050_122_2160_MAR_R_NT_004.SEN3;6d65fec9-0653-346c-a9a8-6e85d7fa299f;S3B;OLCI;L2_THETIS_GRID_20210306_20210316.nc;0.793350277;0.042065744;0.053022915;LXP;14.03.2021;46.500283;6.660889;1;0
S3B_OL_1_EFR____20210315T094840_20210315T095140_20240526T223603_0179_050_136_2160_MAR_R_NT_004.SEN3;4ba184ec-aeab-3a70-8625-bb6411f7d692;S3B;OLCI;L2_THETIS_GRID_20210306_20210316.nc;0.846457223;0.049519999;0.058502659;LXP;15.03.2021;46.500283;6.660889;1;0
S3B_OL_1_EFR____20210316T092229_20210316T092529_20240526T201056_0179_050_150_2160_MAR_R_NT_004.SEN3;95850030-8407-323b-ab3b-c8a85dc4865d;S3B;OLCI;L2_THETIS_GRID_20210316_20210326.nc;2.117583327;1.294406224;0.61126578;LXP;16.03.2021;46.500283;6.660889;1;0
S3A_OL_1_EFR____20210316T100152_20210316T100452_20240603T034102_0179_069_293_2160_MAR_R_NT_004.SEN3;072e5539-da61-3bf0-84bf-6951ccb26413;S3A;OLCI;L2_THETIS_GRID_20210316_20210326.nc;2.117583327;1.294406224;0.61126578;LXP;16.03.2021;46.500283;6.660889;1;0
S3A_OL_1_EFR____20210317T093541_20210317T093841_20240603T034039_0179_069_307_2160_MAR_R_NT_004.SEN3;0cbcd76c-3e45-33e7-996c-e64e338d488b;S3A;OLCI;L2_THETIS_GRID_20210316_20210326.nc;3.497855266;0.498293989;0.142457006;LXP;17.03.2021;46.500283;6.660889;1;0
S3B_OL_1_EFR____20210318T101106_20210318T101406_20240526T220348_0179_050_179_2160_MAR_R_NT_004.SEN3;11ad8c30-fce2-35e3-b30d-39ef3d537264;S3B;OLCI;L2_THETIS_GRID_20210316_20210326.nc;2.228678377;0.663255874;0.297600534;LXP;18.03.2021;46.500283;6.660889;0.603614458;0
S3A_OL_1_EFR____20210319T102419_20210319T102719_20240603T023725_0179_069_336_2160_MAR_R_NT_004.SEN3;0384135c-5ef4-361c-bcf6-0d3094ea388c;S3A;OLCI;L2_THETIS_GRID_20210316_20210326.nc;2.741395073;0.401890868;0.146600858;LXP;19.03.2021;46.500283;6.660889;0.187650602;0
S3B_OL_1_EFR____20210319T094455_20210319T094755_20240527T005234_0179_050_193_2160_MAR_R_NT_004.SEN3;495d98a5-b9a3-3885-b060-9a93bf933bda;S3B;OLCI;L2_THETIS_GRID_20210316_20210326.nc;2.741395073;0.401890868;0.146600858;LXP;19.03.2021;46.500283;6.660889;0.187650602;0
S3A_OL_1_EFR____20210320T095808_20210320T100108_20240603T023616_0179_069_350_2160_MAR_R_NT_004.SEN3;4e03b24d-7799-3079-9a19-ffda5c9d66a2;S3A;OLCI;L2_THETIS_GRID_20210316_20210326.nc;2.182894803;0.465400748;0.213203471;LXP;20.03.2021;46.500283;6.660889;0.020180723;0
S3B_OL_1_EFR____20210320T091845_20210320T092145_20240526T220205_0179_050_207_2160_MAR_R_NT_004.SEN3;f94058e2-24b3-3c9a-af2e-33aad77d5b9b;S3B;OLCI;L2_THETIS_GRID_20210316_20210326.nc;2.182894803;0.465400748;0.213203471;LXP;20.03.2021;46.500283;6.660889;0.020180723;0
S3A_OL_1_EFR____20210321T093158_20210321T093458_20240603T023653_0179_069_364_2160_MAR_R_NT_004.SEN3;c1f30471-fed6-31ac-85ce-fa00ac74ff56;S3A;OLCI;L2_THETIS_GRID_20210316_20210326.nc;2.309540509;0.533026215;0.230793187;LXP;21.03.2021;46.500283;6.660889;0.010240964;0
S3B_OL_1_EFR____20210322T100722_20210322T101022_20240527T002647_0179_050_236_2160_MAR_R_NT_004.SEN3;07503a89-cffc-3e5b-a010-f655f1d8a932;S3B;OLCI;L2_THETIS_GRID_20210316_20210326.nc;2.397231126;0.543568785;0.226748593;LXP;22.03.2021;46.500283;6.660889;0.986746988;0
S3A_OL_1_EFR____20210323T102036_20210323T102336_20240603T034136_0179_070_008_2160_MAR_R_NT_004.SEN3;7c618a25-f97b-3811-a839-804a62690273;S3A;OLCI;L2_THETIS_GRID_20210316_20210326.nc;2.427732346;0.613748064;0.252807137;LXP;23.03.2021;46.500283;6.660889;0.001656627;0
S3B_OL_1_EFR____20210323T094111_20210323T094411_20240526T201256_0179_050_250_2160_MAR_R_NT_004.SEN3;46cfbc71-c8b3-3a76-84f8-6b1723b287ff;S3B;OLCI;L2_THETIS_GRID_20210316_20210326.nc;2.427732346;0.613748064;0.252807137;LXP;23.03.2021;46.500283;6.660889;0.001656627;0
S3A_OL_1_EFR____20210324T095425_20210324T095725_20240603T034130_0179_070_022_2160_MAR_R_NT_004.SEN3;d1fb292b-b6da-390e-8299-76171ea94bca;S3A;OLCI;L2_THETIS_GRID_20210316_20210326.nc;2.471116417;0.636911305;0.257742331;LXP;24.03.2021;46.500283;6.660889;0.003915663;0
S3A_OL_1_EFR____20210325T092814_20210325T093114_20240603T034034_0179_070_036_2160_MAR_R_NT_004.SEN3;a052f039-f19d-35e1-a88f-c5676815807e;S3A;OLCI;L2_THETIS_GRID_20210316_20210326.nc;3.083404143;0.883433127;0.286512272;LXP;25.03.2021;46.500283;6.660889;1;0
S3B_OL_1_EFR____20210326T100337_20210326T100637_20240527T003658_0179_050_293_2160_MAR_R_NT_004.SEN3;18f3b32b-a31b-320a-b6b7-7cd50c30d3a6;S3B;OLCI;L2_THETIS_GRID_20210326_20210405.nc;4.552890936;1.106189893;0.242964285;LXP;26.03.2021;46.500283;6.660889;0.995331325;0
S3A_OL_1_EFR____20210327T101652_20210327T101952_20240603T025421_0179_070_065_2160_MAR_R_NT_004.SEN3;1c8db5da-b80e-3fde-adab-eccc80a05a3c;S3A;OLCI;L2_THETIS_GRID_20210326_20210405.nc;3.540414554;1.258695697;0.355522122;LXP;27.03.2021;46.500283;6.660889;0.165210843;0
S3B_OL_1_EFR____20210327T093726_20210327T094026_20240526T220721_0179_050_307_2160_MAR_R_NT_004.SEN3;e577cae9-ccbf-37b5-8eb5-c080f813243d;S3B;OLCI;L2_THETIS_GRID_20210326_20210405.nc;3.540414554;1.258695697;0.355522122;LXP;27.03.2021;46.500283;6.660889;0.165210843;0
S3A_OL_1_EFR____20210328T095042_20210328T095342_20240603T030236_0179_070_079_2160_MAR_R_NT_004.SEN3;bf6b3a72-c242-3c7c-8056-a828d8a8958b;S3A;OLCI;L2_THETIS_GRID_20210326_20210405.nc;4.643436387;1.785099625;0.384435034;LXP;28.03.2021;46.500283;6.660889;0.112650602;0
S3B_OL_1_EFR____20210329T102604_20210329T102904_20240527T003159_0179_050_336_2160_MAR_R_NT_004.SEN3;46976d08-babf-3ae0-a2c3-5bd9118de7ea;S3B;OLCI;L2_THETIS_GRID_20210326_20210405.nc;9.335964058;2.355953735;0.252352486;LXP;29.03.2021;46.500283;6.660889;0.921962264;0
S3A_OL_1_EFR____20210329T092431_20210329T092731_20240603T032906_0180_070_093_2160_MAR_R_NT_004.SEN3;2a9f9bd8-bc88-3221-a349-2c4de430eaaa;S3A;OLCI;L2_THETIS_GRID_20210326_20210405.nc;9.335964058;2.355953735;0.252352486;LXP;29.03.2021;46.500283;6.660889;0.922138554;0
S3B_OL_1_EFR____20210330T095953_20210330T100253_20240526T211856_0179_050_350_2160_MAR_R_NT_004.SEN3;bedad843-9d58-3e42-b14e-89394ca9298b;S3B;OLCI;L2_THETIS_GRID_20210326_20210405.nc;10.21982478;1.894064608;0.185332396;LXP;30.03.2021;46.500283;6.660889;0.002861446;0
S3A_OL_1_EFR____20210331T101309_20210331T101609_20240603T033904_0179_070_122_2160_MAR_R_NT_004.SEN3;ec4b5f2e-d399-3fcc-af72-0078f1adf95b;S3A;OLCI;L2_THETIS_GRID_20210326_20210405.nc;11.38442709;3.02794247;0.265972319;LXP;31.03.2021;46.500283;6.660889;0.002108434;0
S3B_OL_1_EFR____20210331T093342_20210331T093642_20240527T002834_0179_050_364_2160_MAR_R_NT_004.SEN3;16ca1036-4f24-354c-bdfb-6516a6bd5c6a;S3B;OLCI;L2_THETIS_GRID_20210326_20210405.nc;11.38442709;3.02794247;0.265972319;LXP;31.03.2021;46.500283;6.660889;0.002108434;0
S3A_OL_1_EFR____20210401T094658_20210401T094958_20240603T034031_0179_070_136_2160_MAR_R_NT_004.SEN3;9f6415be-dade-30f5-b381-21ba2e8d43cc;S3A;OLCI;L2_THETIS_GRID_20210326_20210405.nc;11.28700841;3.737363308;0.331120805;LXP;01.04.2021;46.500283;6.660889;0.006927711;0
S3A_OL_1_EFR____20210402T092047_20210402T092347_20240603T034314_0179_070_150_2160_MAR_R_NT_004.SEN3;7b15cdef-dc0a-3e97-ace0-a03402322a9a;S3A;OLCI;L2_THETIS_GRID_20210326_20210405.nc;9.923988627;3.418902181;0.344508877;LXP;02.04.2021;46.500283;6.660889;1;0
S3B_OL_1_EFR____20210402T102219_20210402T102519_20240527T011147_0179_051_008_2160_MAR_R_NT_004.SEN3;2c9fc1a0-8f2c-3954-b9b1-405d9a34d6b8;S3B;OLCI;L2_THETIS_GRID_20210326_20210405.nc;9.923988627;3.418902181;0.344508877;LXP;02.04.2021;46.500283;6.660889;1;0
S3B_OL_1_EFR____20210403T095608_20210403T095908_20240527T001746_0179_051_022_2160_MAR_R_NT_004.SEN3;d7c8f59a-adc1-36ff-9efb-6514c4b0fcb8;S3B;OLCI;L2_THETIS_GRID_20210326_20210405.nc;6.99121226;3.423901352;0.489743584;LXP;03.04.2021;46.500283;6.660889;0.197590361;0
S3A_OL_1_EFR____20210404T100925_20210404T101225_20240603T044058_0179_070_179_2160_MAR_R_NT_004.SEN3;238ca33d-a8b1-397d-b941-2900ad7b2bef;S3A;OLCI;L2_THETIS_GRID_20210326_20210405.nc;4.514750752;1.425581354;0.31576081;LXP;04.04.2021;46.500283;6.660889;0.002108434;0
S3B_OL_1_EFR____20210404T092957_20210404T093257_20240527T024708_0179_051_036_2160_MAR_R_NT_004.SEN3;03ce2a30-ea47-3aab-ab00-1a00dc433e04;S3B;OLCI;L2_THETIS_GRID_20210326_20210405.nc;4.514750752;1.425581354;0.31576081;LXP;04.04.2021;46.500283;6.660889;0.002108434;0
S3A_OL_1_EFR____20210405T094315_20210405T094615_20240603T044106_0179_070_193_2160_MAR_R_NT_004.SEN3;52a83c7e-4bd2-396d-b5ca-cc54db48b31e;S3A;OLCI;L2_THETIS_GRID_20210405_20210415.nc;5.537471255;1.37783487;0.24882023;LXP;05.04.2021;46.500283;6.660889;1;0
S3B_OL_1_EFR____20210406T101834_20210406T102134_20240526T220454_0179_051_065_2160_MAR_R_NT_004.SEN3;201d0ed2-e166-3ea0-97a0-381df84367a1;S3B;OLCI;L2_THETIS_GRID_20210405_20210415.nc;3.791084466;1.106065634;0.291754416;LXP;06.04.2021;46.500283;6.660889;0.123042169;0
S3B_OL_1_EFR____20210407T095223_20210407T095523_20240527T004850_0180_051_079_2160_MAR_R_NT_004.SEN3;c93f2752-e9dd-3db2-b86c-0ab4730e70e4;S3B;OLCI;L2_THETIS_GRID_20210405_20210415.nc;3.280249039;0.9538897;0.290797951;LXP;07.04.2021;46.500283;6.660889;0.111295181;0
S3B_OL_1_EFR____20210408T092612_20210408T092912_20240526T220548_0179_051_093_2160_MAR_R_NT_004.SEN3;7252535d-ed7b-3507-9377-ce5cc443cfb1;S3B;OLCI;L2_THETIS_GRID_20210405_20210415.nc;4.425208502;1.60516252;0.3627315;LXP;08.04.2021;46.500283;6.660889;0.002108434;0
S3A_OL_1_EFR____20210408T100542_20210408T100842_20240603T042259_0179_070_236_2160_MAR_R_NT_004.SEN3;47fee61a-ba13-38c7-a1d0-2c5caeddda9f;S3A;OLCI;L2_THETIS_GRID_20210405_20210415.nc;4.425208502;1.60516252;0.3627315;LXP;08.04.2021;46.500283;6.660889;0.002108434;0
S3A_OL_1_EFR____20210409T093931_20210409T094231_20240603T042857_0179_070_250_2160_MAR_R_NT_004.SEN3;fbfbc18f-71b4-3b9a-908f-4c2b8c994b42;S3A;OLCI;L2_THETIS_GRID_20210405_20210415.nc;5.746451343;1.418131418;0.246783856;LXP;09.04.2021;46.500283;6.660889;0.737198795;0
S3B_OL_1_EFR____20210410T101449_20210410T101749_20240526T224550_0179_051_122_2160_MAR_R_NT_004.SEN3;24896558-950f-3fee-b9be-606084f63222;S3B;OLCI;L2_THETIS_GRID_20210405_20210415.nc;5.663602116;0.787943706;0.139124128;LXP;10.04.2021;46.500283;6.660889;1;0
S3B_OL_1_EFR____20210411T094838_20210411T095138_20240527T015514_0179_051_136_2160_MAR_R_NT_004.SEN3;388e88c6-411d-3655-8031-761fb469481a;S3B;OLCI;L2_THETIS_GRID_20210405_20210415.nc;6.175996876;1.366941121;0.221331252;LXP;11.04.2021;46.500283;6.660889;0.073493976;0
S3A_OL_1_EFR____20210412T100158_20210412T100458_20240603T052456_0180_070_293_2160_MAR_R_NT_004.SEN3;2ae597e5-3b33-3825-8535-f6db77d0ef3f;S3A;OLCI;L2_THETIS_GRID_20210405_20210415.nc;7.560717436;0.205729721;0.027210344;LXP;12.04.2021;46.500283;6.660889;0.969126506;0
S3B_OL_1_EFR____20210412T092227_20210412T092527_20240527T003133_0179_051_150_2160_MAR_R_NT_004.SEN3;ded8576e-bb2f-37e7-ab44-850a9953ba43;S3B;OLCI;L2_THETIS_GRID_20210405_20210415.nc;7.560717436;0.205729721;0.027210344;LXP;12.04.2021;46.500283;6.660889;0.969126506;0
S3B_OL_1_EFR____20210414T101104_20210414T101404_20240527T004404_0179_051_179_2160_MAR_R_NT_004.SEN3;25ac01ae-9072-3fa6-8157-ebd6a8136cf7;S3B;OLCI;L2_THETIS_GRID_20210405_20210415.nc;4.087847966;1.131101092;0.276698424;LXP;14.04.2021;46.500283;6.660889;0.040060241;0
S3B_OL_1_EFR____20210415T094453_20210415T094753_20240526T220414_0179_051_193_2160_MAR_R_NT_004.SEN3;a996bc8a-ae4d-3279-9490-b046aecc2854;S3B;OLCI;L2_THETIS_GRID_20210415_20210425.nc;4.674182528;0.789891591;0.168990318;LXP;15.04.2021;46.500283;6.660889;0.746084337;0
S3A_OL_1_EFR____20210415T102425_20210415T102725_20240603T044007_0179_070_336_2160_MAR_R_NT_004.SEN3;559f5791-85bb-36e3-b635-322a1acbd99c;S3A;OLCI;L2_THETIS_GRID_20210415_20210425.nc;4.674182528;0.789891591;0.168990318;LXP;15.04.2021;46.500283;6.660889;0.746084337;0
S3A_OL_1_EFR____20210416T095814_20210416T100114_20240603T043902_0179_070_350_2160_MAR_R_NT_004.SEN3;695ab996-c467-3630-9575-3c40c4c9de32;S3A;OLCI;L2_THETIS_GRID_20210415_20210425.nc;4.830672109;1.276660395;0.264282147;LXP;16.04.2021;46.500283;6.660889;0.546084337;0
S3B_OL_1_EFR____20210416T091843_20210416T092143_20240527T003838_0179_051_207_2160_MAR_R_NT_004.SEN3;19dc7560-c129-3517-84aa-ace283fdef56;S3B;OLCI;L2_THETIS_GRID_20210415_20210425.nc;4.830672109;1.276660395;0.264282147;LXP;16.04.2021;46.500283;6.660889;0.546084337;0
S3A_OL_1_EFR____20210417T093204_20210417T093504_20240603T044120_0179_070_364_2160_MAR_R_NT_004.SEN3;b42d7751-2d1c-3519-ba82-13fd7f28fe9d;S3A;OLCI;L2_THETIS_GRID_20210415_20210425.nc;5.11370597;1.266970731;0.247759793;LXP;17.04.2021;46.500283;6.660889;0.666114458;0
S3B_OL_1_EFR____20210418T100721_20210418T101021_20240527T030828_0179_051_236_2160_MAR_R_NT_004.SEN3;4d12ae42-7740-34ad-bf4a-c15a9fdd00c9;S3B;OLCI;L2_THETIS_GRID_20210415_20210425.nc;5.383209197;0.908863279;0.168832985;LXP;18.04.2021;46.500283;6.660889;0.605572289;0
S3B_OL_1_EFR____20210419T094110_20210419T094410_20240527T003200_0179_051_250_2160_MAR_R_NT_004.SEN3;affc498c-ff03-3297-8785-2e7de437a610;S3B;OLCI;L2_THETIS_GRID_20210415_20210425.nc;4.345993724;1.17748022;0.270934634;LXP;19.04.2021;46.500283;6.660889;0.092921687;0
S3A_OL_1_EFR____20210419T102041_20210419T102341_20240603T052815_0179_071_008_2160_MAR_R_NT_004.SEN3;74fcb5de-2e19-3d32-9ad6-8b72882035f9;S3A;OLCI;L2_THETIS_GRID_20210415_20210425.nc;4.345993724;1.17748022;0.270934634;LXP;19.04.2021;46.500283;6.660889;0.092921687;0
S3A_OL_1_EFR____20210420T095431_20210420T095731_20240603T053459_0179_071_022_2160_MAR_R_NT_004.SEN3;e1bf6ba3-e410-3a1a-9e13-7d1dbd00eafc;S3A;OLCI;L2_THETIS_GRID_20210415_20210425.nc;3.936286082;1.418176115;0.360282786;LXP;20.04.2021;46.500283;6.660889;0.00496988;0
S3A_OL_1_EFR____20210421T092820_20210421T093120_20240603T054136_0179_071_036_2160_MAR_R_NT_004.SEN3;704a4743-ee3e-31f7-86c9-a855c6d5e062;S3A;OLCI;L2_THETIS_GRID_20210415_20210425.nc;6.036730721;2.76921597;0.458727761;LXP;21.04.2021;46.500283;6.660889;1;0
S3B_OL_1_EFR____20210422T100337_20210422T100637_20240526T220652_0179_051_293_2160_MAR_R_NT_004.SEN3;45bf0757-8496-38a6-915e-6348340c3093;S3B;OLCI;L2_THETIS_GRID_20210415_20210425.nc;7.42039796;1.909071674;0.257273489;LXP;22.04.2021;46.500283;6.660889;0.002861446;0
S3A_OL_1_EFR____20210423T101657_20210423T101957_20240603T053131_0179_071_065_2160_MAR_R_NT_004.SEN3;e92a9d30-e5d2-317f-9c04-602350e3d042;S3A;OLCI;L2_THETIS_GRID_20210415_20210425.nc;6.284280123;1.81306764;0.288508406;LXP;23.04.2021;46.500283;6.660889;0.031927711;0
S3B_OL_1_EFR____20210423T093726_20210423T094026_20240527T015306_0179_051_307_2160_MAR_R_NT_004.SEN3;1a97a3b7-6422-3d19-be02-3afd5e72ca7c;S3B;OLCI;L2_THETIS_GRID_20210415_20210425.nc;6.284280123;1.81306764;0.288508406;LXP;23.04.2021;46.500283;6.660889;0.031927711;0
S3A_OL_1_EFR____20210424T095047_20210424T095347_20240603T053455_0179_071_079_2160_MAR_R_NT_004.SEN3;3f2945db-fb91-3f9f-a1fd-dfdedc46cf1a;S3A;OLCI;L2_THETIS_GRID_20210415_20210425.nc;6.207614655;1.879974776;0.302849787;LXP;24.04.2021;46.500283;6.660889;0.004518072;0
S3A_OL_1_EFR____20210425T092436_20210425T092736_20240603T054048_0180_071_093_2160_MAR_R_NT_004.SEN3;5acb0b76-4f4e-3596-a7a4-504d351dec03;S3A;OLCI;L2_THETIS_GRID_20210425_20210505.nc;5.473276849;2.096559422;0.383053787;LXP;25.04.2021;46.500283;6.660889;0.340060241;0
S3B_OL_1_EFR____20210425T102604_20210425T102904_20240527T031400_0179_051_336_2160_MAR_R_NT_004.SEN3;dd4a8b86-4e77-3bf4-b9a2-4824384eecbc;S3B;OLCI;L2_THETIS_GRID_20210425_20210505.nc;5.473276849;2.096559422;0.383053787;LXP;25.04.2021;46.500283;6.660889;0.339622642;0
S3B_OL_1_EFR____20210426T095953_20210426T100253_20240526T232234_0180_051_350_2160_MAR_R_NT_004.SEN3;e119161a-b76e-3734-9f3c-0c85a9972541;S3B;OLCI;L2_THETIS_GRID_20210425_20210505.nc;6.421722016;1.639402997;0.255290247;LXP;26.04.2021;46.500283;6.660889;1;0
S3B_OL_1_EFR____20210427T093342_20210427T093642_20240527T015351_0179_051_364_2160_MAR_R_NT_004.SEN3;50042083-a596-30a8-929c-4515c2b880d8;S3B;OLCI;L2_THETIS_GRID_20210425_20210505.nc;5.481681549;1.958011532;0.357191769;LXP;27.04.2021;46.500283;6.660889;0.081024096;0
S3A_OL_1_EFR____20210427T101313_20210427T101613_20240603T063803_0179_071_122_2160_MAR_R_NT_004.SEN3;99e68566-a27a-32b0-ab52-77d079447a6d;S3A;OLCI;L2_THETIS_GRID_20210425_20210505.nc;5.481681549;1.958011532;0.357191769;LXP;27.04.2021;46.500283;6.660889;0.081024096;0
S3A_OL_1_EFR____20210428T094703_20210428T095003_20240603T064040_0179_071_136_2160_MAR_R_NT_004.SEN3;f7511b92-1131-36db-847e-33787c61b614;S3A;OLCI;L2_THETIS_GRID_20210425_20210505.nc;5.253155025;1.319492501;0.251180956;LXP;28.04.2021;46.500283;6.660889;1;0
S3B_OL_1_EFR____20210429T102220_20210429T102520_20240526T220813_0179_052_008_2160_MAR_R_NT_004.SEN3;9fd5a1b6-6e7d-3f33-9ec0-b9892cc62c4e;S3B;OLCI;L2_THETIS_GRID_20210425_20210505.nc;5.530041505;0.939675063;0.169921883;LXP;29.04.2021;46.500283;6.660889;1;0
S3A_OL_1_EFR____20210429T092052_20210429T092352_20240603T064035_0179_071_150_2160_MAR_R_NT_004.SEN3;f1f01894-838f-385d-9657-8a08fb918eca;S3A;OLCI;L2_THETIS_GRID_20210425_20210505.nc;5.530041505;0.939675063;0.169921883;LXP;29.04.2021;46.500283;6.660889;1;0
S3B_OL_1_EFR____20210430T095609_20210430T095909_20240527T011501_0179_052_022_2160_MAR_R_NT_004.SEN3;2b343e61-6368-381b-9cdc-9b211ded8705;S3B;OLCI;L2_THETIS_GRID_20210425_20210505.nc;5.576630718;1.037502194;0.186044629;LXP;30.04.2021;46.500283;6.660889;1;0
S3A_OL_1_EFR____20210501T100929_20210501T101229_20240603T054437_0179_071_179_2160_MAR_R_NT_004.SEN3;21db5184-fd7f-3024-9873-843312b1bc77;S3A;OLCI;L2_THETIS_GRID_20210425_20210505.nc;4.954551657;0.829736988;0.167469641;LXP;01.05.2021;46.500283;6.660889;1;0
S3B_OL_1_EFR____20210501T092959_20210501T093259_20240526T220844_0179_052_036_2160_MAR_R_NT_004.SEN3;abb9bb9d-8ddf-354f-af11-8bf717428386;S3B;OLCI;L2_THETIS_GRID_20210425_20210505.nc;4.954551657;0.829736988;0.167469641;LXP;01.05.2021;46.500283;6.660889;1;0
S3A_OL_1_EFR____20210502T094319_20210502T094619_20240603T054812_0179_071_193_2160_MAR_R_NT_004.SEN3;938af721-bad0-3537-819b-8e3c0a65721a;S3A;OLCI;L2_THETIS_GRID_20210425_20210505.nc;3.880235248;1.033199644;0.266272424;LXP;02.05.2021;46.500283;6.660889;0.782680723;0
S3B_OL_1_EFR____20210503T101836_20210503T102136_20240527T003052_0179_052_065_2160_MAR_R_NT_004.SEN3;10e7e858-2625-32ca-bd9c-269a620fd0f3;S3B;OLCI;L2_THETIS_GRID_20210425_20210505.nc;2.546575205;0.847159124;0.332666054;LXP;03.05.2021;46.500283;6.660889;0.18810241;0
S3B_OL_1_EFR____20210504T095225_20210504T095525_20240527T024610_0179_052_079_2160_MAR_R_NT_004.SEN3;fc361b3c-6621-3b32-9c96-38355da75ba9;S3B;OLCI;L2_THETIS_GRID_20210425_20210505.nc;2.921835162;0.449221128;0.153746225;LXP;04.05.2021;46.500283;6.660889;1;0
S3A_OL_1_EFR____20210505T100545_20210505T100845_20240603T070602_0179_071_236_2160_MAR_R_NT_004.SEN3;13258794-7539-31a9-80c9-5fab8cbb40a8;S3A;OLCI;L2_THETIS_GRID_20210505_20210515.nc;1.60016864;0.38415817;0.240073552;LXP;05.05.2021;46.500283;6.660889;0.656475904;0
S3B_OL_1_EFR____20210505T092615_20210505T092915_20240527T003155_0179_052_093_2160_MAR_R_NT_004.SEN3;5678f379-a267-3add-bc3d-c2e01610fb2c;S3B;OLCI;L2_THETIS_GRID_20210505_20210515.nc;1.60016864;0.38415817;0.240073552;LXP;05.05.2021;46.500283;6.660889;0.656475904;0
S3A_OL_1_EFR____20210506T093934_20210506T094234_20240603T070709_0179_071_250_2160_MAR_R_NT_004.SEN3;b7a9471c-5729-344a-9ec1-9f065e091d96;S3A;OLCI;L2_THETIS_GRID_20210505_20210515.nc;2.802542077;0.206481084;0.073676355;LXP;06.05.2021;46.500283;6.660889;1;0
S3B_OL_1_EFR____20210507T101452_20210507T101752_20240527T015429_0179_052_122_2160_MAR_R_NT_004.SEN3;d41ef114-1e3b-3e8e-b4c5-a342f993c82a;S3B;OLCI;L2_THETIS_GRID_20210505_20210515.nc;1.95589431;0.324469561;0.165893197;LXP;07.05.2021;46.500283;6.660889;1;0
S3B_OL_1_EFR____20210508T094841_20210508T095141_20240526T230632_0179_052_136_2160_MAR_R_NT_004.SEN3;118c21f0-f2b7-343c-918d-c8d9d6253ef1;S3B;OLCI;L2_THETIS_GRID_20210505_20210515.nc;1.478243478;0.331296669;0.224115089;LXP;08.05.2021;46.500283;6.660889;0.715662651;0
S3A_OL_1_EFR____20210509T100201_20210509T100501_20240603T064115_0179_071_293_2160_MAR_R_NT_004.SEN3;6158cf01-513f-36e1-b9a7-721f2cb46d2b;S3A;OLCI;L2_THETIS_GRID_20210505_20210515.nc;1.661226321;0.389220837;0.234297297;LXP;09.05.2021;46.500283;6.660889;0.572138554;0
S3B_OL_1_EFR____20210509T092231_20210509T092531_20240527T015928_0179_052_150_2160_MAR_R_NT_004.SEN3;d6b39c3a-6d24-3b8f-b18a-22367106a204;S3B;OLCI;L2_THETIS_GRID_20210505_20210515.nc;1.661226321;0.389220837;0.234297297;LXP;09.05.2021;46.500283;6.660889;0.572138554;0
S3A_OL_1_EFR____20210510T093550_20210510T093850_20240603T064011_0179_071_307_2160_MAR_R_NT_004.SEN3;3b37ca83-01b8-3dac-b7cc-8ad7cb89247a;S3A;OLCI;L2_THETIS_GRID_20210505_20210515.nc;1.964330333;0.118779045;0.060467959;LXP;10.05.2021;46.500283;6.660889;1;0
S3B_OL_1_EFR____20210511T101108_20210511T101408_20240527T024528_0179_052_179_2160_MAR_R_NT_004.SEN3;9f40af2b-0d79-370d-9e9d-ec9fb8c540a4;S3B;OLCI;L2_THETIS_GRID_20210505_20210515.nc;2.107875443;0.204352927;0.096947344;LXP;11.05.2021;46.500283;6.660889;1;0
S3A_OL_1_EFR____20210512T102427_20210512T102727_20240603T073819_0179_071_336_2160_MAR_R_NT_004.SEN3;219462d5-3a94-317c-9fae-8288c9a9a9a5;S3A;OLCI;L2_THETIS_GRID_20210505_20210515.nc;1.835377352;0.395969826;0.215743006;LXP;12.05.2021;46.500283;6.660889;0.837951807;0
S3B_OL_1_EFR____20210512T094457_20210512T094757_20240527T003746_0179_052_193_2160_MAR_R_NT_004.SEN3;f4347aaf-2dd5-367d-bef1-f344edc3680f;S3B;OLCI;L2_THETIS_GRID_20210505_20210515.nc;1.835377352;0.395969826;0.215743006;LXP;12.05.2021;46.500283;6.660889;0.837951807;0
S3A_OL_1_EFR____20210513T095817_20210513T100117_20240603T074056_0179_071_350_2160_MAR_R_NT_004.SEN3;39ba08d8-f6d1-3e19-aba9-87b1dbf93898;S3A;OLCI;L2_THETIS_GRID_20210505_20210515.nc;1.941048598;0.327344636;0.168643194;LXP;13.05.2021;46.500283;6.660889;1;0
S3B_OL_1_EFR____20210513T091847_20210513T092147_20240527T023445_0179_052_207_2160_MAR_R_NT_004.SEN3;d9bb3276-b5f7-3d81-b381-2412945663ef;S3B;OLCI;L2_THETIS_GRID_20210505_20210515.nc;1.941048598;0.327344636;0.168643194;LXP;13.05.2021;46.500283;6.660889;1;0
S3A_OL_1_EFR____20210514T093206_20210514T093506_20240603T074142_0179_071_364_2160_MAR_R_NT_004.SEN3;6dc09da6-98a1-3967-ab16-eccc30f14f67;S3A;OLCI;L2_THETIS_GRID_20210505_20210515.nc;2.230661079;0.319246643;0.143117503;LXP;14.05.2021;46.500283;6.660889;1;0
S3B_OL_1_EFR____20210515T100724_20210515T101024_20240527T000134_0179_052_236_2160_MAR_R_NT_004.SEN3;9532450f-e37a-3c10-943a-750894e1ac0b;S3B;OLCI;L2_THETIS_GRID_20210515_20210525.nc;2.561633101;0.268497154;0.104814836;LXP;15.05.2021;46.500283;6.660889;1;0
S3A_OL_1_EFR____20210516T102043_20210516T102343_20240603T070839_0179_072_008_2160_MAR_R_NT_004.SEN3;8891fda5-b24c-37aa-b27f-09c06f56d78f;S3A;OLCI;L2_THETIS_GRID_20210515_20210525.nc;3.074430856;0.414662649;0.134874606;LXP;16.05.2021;46.500283;6.660889;1;0
S3B_OL_1_EFR____20210516T094113_20210516T094413_20240527T015215_0179_052_250_2160_MAR_R_NT_004.SEN3;63dcf550-fee4-3972-8456-fb27ba4a2900;S3B;OLCI;L2_THETIS_GRID_20210515_20210525.nc;3.074430856;0.414662649;0.134874606;LXP;16.05.2021;46.500283;6.660889;1;0
S3A_OL_1_EFR____20210517T095432_20210517T095732_20240603T072557_0179_072_022_2160_MAR_R_NT_004.SEN3;5df8bd9b-b22f-3b7a-b247-3952b624c33d;S3A;OLCI;L2_THETIS_GRID_20210515_20210525.nc;3.333994742;0.195702291;0.05869904;LXP;17.05.2021;46.500283;6.660889;0.97560241;0
S3A_OL_1_EFR____20210518T092821_20210518T093121_20240603T073335_0179_072_036_2160_MAR_R_NT_004.SEN3;89e1f40a-b1a9-3d53-8b43-d45119a44876;S3A;OLCI;L2_THETIS_GRID_20210515_20210525.nc;3.372026744;0.442672036;0.131277736;LXP;18.05.2021;46.500283;6.660889;0.365662651;0
S3B_OL_1_EFR____20210519T100340_20210519T100640_20240527T010942_0179_052_293_2160_MAR_R_NT_004.SEN3;002a3880-c7f2-3da7-8f73-a2c18a62121f;S3B;OLCI;L2_THETIS_GRID_20210515_20210525.nc;3.652178694;0.482541391;0.132124256;LXP;19.05.2021;46.500283;6.660889;1;0
S3A_OL_1_EFR____20210520T101659_20210520T101959_20240603T083528_0179_072_065_2160_MAR_R_NT_004.SEN3;c1b765b2-79d7-3253-a383-4e1cb58c289e;S3A;OLCI;L2_THETIS_GRID_20210515_20210525.nc;3.667602834;0.069647882;0.018990028;LXP;20.05.2021;46.500283;6.660889;0.135090361;0
S3B_OL_1_EFR____20210520T093729_20210520T094029_20240527T041305_0179_052_307_2160_MAR_R_NT_004.SEN3;4d3b8aeb-2c52-328f-8dfd-fa52862ca95b;S3B;OLCI;L2_THETIS_GRID_20210515_20210525.nc;3.667602834;0.069647882;0.018990028;LXP;20.05.2021;46.500283;6.660889;0.135090361;0
S3B_OL_1_EFR____20210527T095613_20210527T095913_20240527T042213_0179_053_022_2160_MAR_R_NT_004.SEN3;223f41e8-d0bf-3a38-a87f-08f2f33c0ed4;S3B;OLCI;L2_THETIS_GRID_20210525_20210604.nc;4.480680966;0.949688834;0.211951898;LXP;27.05.2021;46.500283;6.660889;0.984036145;0
S3A_OL_1_EFR____20210528T100929_20210528T101229_20240603T084724_0180_072_179_2160_MAR_R_NT_004.SEN3;afc16d5d-5de6-3220-8e39-ce51688b3c51;S3A;OLCI;L2_THETIS_GRID_20210525_20210604.nc;5.46385172;2.527953194;0.462668704;LXP;28.05.2021;46.500283;6.660889;0.002560241;0
S3B_OL_1_EFR____20210528T093002_20210528T093302_20240527T020011_0179_053_036_2160_MAR_R_NT_004.SEN3;4e00567f-4435-307d-b449-74d549b3e938;S3B;OLCI;L2_THETIS_GRID_20210525_20210604.nc;5.46385172;2.527953194;0.462668704;LXP;28.05.2021;46.500283;6.660889;0.002560241;0
S3A_OL_1_EFR____20210529T094318_20210529T094618_20240603T085142_0180_072_193_2160_MAR_R_NT_004.SEN3;ad67eb55-d056-3be0-87ae-8d4c7dbaf042;S3A;OLCI;L2_THETIS_GRID_20210525_20210604.nc;3.908417341;0.836970738;0.214145692;LXP;29.05.2021;46.500283;6.660889;0.021987952;0
S3B_OL_1_EFR____20210530T101840_20210530T102140_20240527T025658_0179_053_065_2160_MAR_R_NT_004.SEN3;e3303bce-10c7-31fb-a366-277ecfd9629b;S3B;OLCI;L2_THETIS_GRID_20210525_20210604.nc;3.526038556;0.769880475;0.218341479;LXP;30.05.2021;46.500283;6.660889;0.47560241;0
S3B_OL_1_EFR____20210531T095229_20210531T095529_20240527T003023_0179_053_079_2160_MAR_R_NT_004.SEN3;0f3f9228-ec68-37db-a6a5-0dd1b024f246;S3B;OLCI;L2_THETIS_GRID_20210525_20210604.nc;4.105580964;1.659535907;0.404214634;LXP;31.05.2021;46.500283;6.660889;0.007078313;0
S3A_OL_1_EFR____20210601T100544_20210601T100844_20240603T084050_0179_072_236_2160_MAR_R_NT_004.SEN3;f537f2fb-5fb7-3739-a6c5-9d20a8de2371;S3A;OLCI;L2_THETIS_GRID_20210525_20210604.nc;4.021160566;1.62153897;0.403251485;LXP;01.06.2021;46.500283;6.660889;0.004216867;0
S3B_OL_1_EFR____20210601T092619_20210601T092919_20240527T022845_0179_053_093_2160_MAR_R_NT_004.SEN3;4a1c7b40-b3f5-3c43-8972-82f755524428;S3B;OLCI;L2_THETIS_GRID_20210525_20210604.nc;4.021160566;1.62153897;0.403251485;LXP;01.06.2021;46.500283;6.660889;0.004216867;0
S3A_OL_1_EFR____20210602T093934_20210602T094234_20240603T084156_0179_072_250_2160_MAR_R_NT_004.SEN3;687797d7-534e-33e8-9e30-9553e461b8b5;S3A;OLCI;L2_THETIS_GRID_20210525_20210604.nc;4.194702934;0.816408735;0.194628499;LXP;02.06.2021;46.500283;6.660889;0.999096386;0
S3B_OL_1_EFR____20210603T101457_20210603T101757_20240527T035120_0179_053_122_2160_MAR_R_NT_004.SEN3;f8ed931a-359a-35f8-9830-b3047b5af937;S3B;OLCI;L2_THETIS_GRID_20210525_20210604.nc;7.296000075;1.900456553;0.26047924;LXP;03.06.2021;46.500283;6.660889;0.896084337;0
S3B_OL_1_EFR____20210604T094846_20210604T095146_20240527T020029_0179_053_136_2160_MAR_R_NT_004.SEN3;f5770f33-e4ad-3d84-9638-02db78cbca52;S3B;OLCI;L2_THETIS_GRID_20210604_20210614.nc;5.113573527;1.265079559;0.247396376;LXP;04.06.2021;46.500283;6.660889;0.40753012;0
S3B_OL_1_EFR____20210605T092235_20210605T092535_20240527T041842_0179_053_150_2160_MAR_R_NT_004.SEN3;a169fda8-5175-3cac-b694-42ffb8945e80;S3B;OLCI;L2_THETIS_GRID_20210604_20210614.nc;4.249890056;0.722581684;0.170023618;LXP;05.06.2021;46.500283;6.660889;0.368975904;0
S3A_OL_1_EFR____20210605T100201_20210605T100500_20240603T093222_0179_072_293_2160_MAR_R_NT_004.SEN3;ffc76917-f6d9-3c6b-83ba-293c57fdb682;S3A;OLCI;L2_THETIS_GRID_20210604_20210614.nc;4.249890056;0.722581684;0.170023618;LXP;05.06.2021;46.500283;6.660889;0.368975904;0
S3A_OL_1_EFR____20210606T093550_20210606T093850_20240603T093904_0179_072_307_2160_MAR_R_NT_004.SEN3;385f285c-1fdf-3bc4-99b0-83d80bc428b1;S3A;OLCI;L2_THETIS_GRID_20210604_20210614.nc;3.051499786;0.836893277;0.274256377;LXP;06.06.2021;46.500283;6.660889;0.648795181;0
S3B_OL_1_EFR____20210607T101113_20210607T101413_20240527T003820_0179_053_179_2160_MAR_R_NT_004.SEN3;15b1c555-5e5a-3604-9837-51c9338eaa31;S3B;OLCI;L2_THETIS_GRID_20210604_20210614.nc;2.418049391;0.491914258;0.20343433;LXP;07.06.2021;46.500283;6.660889;0.891415663;0
S3A_OL_1_EFR____20210608T102427_20210608T102727_20240603T084832_0179_072_336_2160_MAR_R_NT_004.SEN3;6e6b808b-87e5-39ee-8170-f4b3153b2b14;S3A;OLCI;L2_THETIS_GRID_20210604_20210614.nc;2.93919015;0.551606999;0.187673125;LXP;08.06.2021;46.500283;6.660889;0.998945783;0
S3B_OL_1_EFR____20210608T094502_20210608T094802_20240527T032626_0179_053_193_2160_MAR_R_NT_004.SEN3;1a23fa8f-580e-3091-b47c-ea0acbac004b;S3B;OLCI;L2_THETIS_GRID_20210604_20210614.nc;2.93919015;0.551606999;0.187673125;LXP;08.06.2021;46.500283;6.660889;0.998945783;0
S3A_OL_1_EFR____20210609T095817_20210609T100117_20240603T090428_0179_072_350_2160_MAR_R_NT_004.SEN3;6fd15880-6d0d-3b0d-82d9-6eb6d90cda3d;S3A;OLCI;L2_THETIS_GRID_20210604_20210614.nc;2.696482881;0.718519227;0.26646534;LXP;09.06.2021;46.500283;6.660889;1;0
S3B_OL_1_EFR____20210609T091851_20210609T092151_20240527T010257_0179_053_207_2160_MAR_R_NT_004.SEN3;381079df-5614-3565-85f7-cb6fc83a9a73;S3B;OLCI;L2_THETIS_GRID_20210604_20210614.nc;2.696482881;0.718519227;0.26646534;LXP;09.06.2021;46.500283;6.660889;1;0
S3A_OL_1_EFR____20210610T093206_20210610T093506_20240603T091150_0179_072_364_2160_MAR_R_NT_004.SEN3;5cf38d91-80c5-360b-aa51-38b1e2cceb55;S3A;OLCI;L2_THETIS_GRID_20210604_20210614.nc;2.471517105;0.6380066;0.258143712;LXP;10.06.2021;46.500283;6.660889;0.033885542;0
S3B_OL_1_EFR____20210611T100729_20210611T101029_20240527T021834_0179_053_236_2160_MAR_R_NT_004.SEN3;e4a24d67-5b15-3370-b28d-f81ec52b44aa;S3B;OLCI;L2_THETIS_GRID_20210604_20210614.nc;2.522927293;0.55042148;0.218167793;LXP;11.06.2021;46.500283;6.660889;0.003614458;0
S3A_OL_1_EFR____20210612T102043_20210612T102343_20240603T102741_0179_073_008_2160_MAR_R_NT_004.SEN3;ef4b0fe8-4232-3494-93d4-b84d05387bec;S3A;OLCI;L2_THETIS_GRID_20210604_20210614.nc;2.708734798;0.484504556;0.178867476;LXP;12.06.2021;46.500283;6.660889;0.210240964;0
S3B_OL_1_EFR____20210612T094118_20210612T094418_20240527T045754_0179_053_250_2160_MAR_R_NT_004.SEN3;20758a12-f5d8-35bb-bcb3-468544dccde7;S3B;OLCI;L2_THETIS_GRID_20210604_20210614.nc;2.708734798;0.484504556;0.178867476;LXP;12.06.2021;46.500283;6.660889;0.210240964;0
S3A_OL_1_EFR____20210613T095433_20210613T095733_20240603T104130_0179_073_022_2160_MAR_R_NT_004.SEN3;c4b4a57a-1698-3e9e-b6c5-bf2351c359bd;S3A;OLCI;L2_THETIS_GRID_20210604_20210614.nc;2.888157249;0.884012347;0.306081792;LXP;13.06.2021;46.500283;6.660889;0.00436747;0
S3A_OL_1_EFR____20210614T092822_20210614T093122_20240603T104206_0179_073_036_2160_MAR_R_NT_004.SEN3;ba1ad496-408e-38b3-ae34-6575523223e2;S3A;OLCI;L2_THETIS_GRID_20210614_20210624.nc;2.9102418;0.719163403;0.247114656;LXP;14.06.2021;46.500283;6.660889;0.017921687;0
S3B_OL_1_EFR____20210615T100345_20210615T100645_20240527T035423_0179_053_293_2160_MAR_R_NT_004.SEN3;a2cc1e06-749c-3197-a3d8-a953ab0ff93c;S3B;OLCI;L2_THETIS_GRID_20210614_20210624.nc;2.531957801;0.838417644;0.33113413;LXP;15.06.2021;46.500283;6.660889;0.337349398;0
S3A_OL_1_EFR____20210616T101659_20210616T101959_20240603T094228_0179_073_065_2160_MAR_R_NT_004.SEN3;9d43b59c-8668-3939-8d1b-c4d31576c927;S3A;OLCI;L2_THETIS_GRID_20210614_20210624.nc;3.568912089;2.232658629;0.625585213;LXP;16.06.2021;46.500283;6.660889;0.118524096;0
S3B_OL_1_EFR____20210616T093735_20210616T094035_20240527T014134_0179_053_307_2160_MAR_R_NT_004.SEN3;9bbea871-3cdf-33f9-9e12-5420ef7fb2de;S3B;OLCI;L2_THETIS_GRID_20210614_20210624.nc;3.568912089;2.232658629;0.625585213;LXP;16.06.2021;46.500283;6.660889;0.118524096;0
S3A_OL_1_EFR____20210617T095048_20210617T095348_20240603T094227_0179_073_079_2160_MAR_R_NT_004.SEN3;3ac38ecf-0896-30bd-aa06-d42804acb92d;S3A;OLCI;L2_THETIS_GRID_20210614_20210624.nc;3.388233139;1.17984496;0.348218352;LXP;17.06.2021;46.500283;6.660889;1;0
S3A_OL_1_EFR____20210618T092438_20210618T092738_20240603T094303_0179_073_093_2160_MAR_R_NT_004.SEN3;e29be7f8-373c-30d6-b2fa-9a380acb983e;S3A;OLCI;L2_THETIS_GRID_20210614_20210624.nc;3.454444496;1.260423831;0.364870193;LXP;18.06.2021;46.500283;6.660889;1;0
S3B_OL_1_EFR____20210618T102612_20210618T102912_20240527T030004_0179_053_336_2160_MAR_R_NT_004.SEN3;5fb9aba8-e601-3eda-99c0-cdc78b5bd017;S3B;OLCI;L2_THETIS_GRID_20210614_20210624.nc;3.454444496;1.260423831;0.364870193;LXP;18.06.2021;46.500283;6.660889;1;0
S3B_OL_1_EFR____20210619T100001_20210619T100301_20240527T044627_0179_053_350_2160_MAR_R_NT_004.SEN3;4ea86724-778e-3596-ae59-70e4f628627f;S3B;OLCI;L2_THETIS_GRID_20210614_20210624.nc;2.648597177;0.884189927;0.333833297;LXP;19.06.2021;46.500283;6.660889;1;0
S3B_OL_1_EFR____20210620T093351_20210620T093651_20240527T030958_0180_053_364_2160_MAR_R_NT_004.SEN3;ad919d82-a6a9-357a-bac1-f4769b86d617;S3B;OLCI;L2_THETIS_GRID_20210614_20210624.nc;3.202618446;1.598156997;0.499015735;LXP;20.06.2021;46.500283;6.660889;1;0
S3A_OL_1_EFR____20210620T101315_20210620T101615_20240603T104332_0179_073_122_2160_MAR_R_NT_004.SEN3;a338eaa1-8641-3c21-82c9-cce6262b9c5b;S3A;OLCI;L2_THETIS_GRID_20210614_20210624.nc;3.202618446;1.598156997;0.499015735;LXP;20.06.2021;46.500283;6.660889;1;0
S3A_OL_1_EFR____20210621T094704_20210621T095004_20240603T104326_0179_073_136_2160_MAR_R_NT_004.SEN3;77d16797-4908-3e7f-89b5-f3174be592d3;S3A;OLCI;L2_THETIS_GRID_20210614_20210624.nc;2.30440308;0.889385606;0.385950537;LXP;21.06.2021;46.500283;6.660889;0.010240964;0
S3A_OL_1_EFR____20210622T092053_20210622T092353_20240603T104712_0179_073_150_2160_MAR_R_NT_004.SEN3;bf32deea-a514-3a4e-b79e-9651bd5f8a35;S3A;OLCI;L2_THETIS_GRID_20210614_20210624.nc;1.86094841;0.612446685;0.329104601;LXP;22.06.2021;46.500283;6.660889;0.763554217;0
S3B_OL_1_EFR____20210622T102228_20210622T102528_20240527T041814_0180_054_008_2160_MAR_R_NT_004.SEN3;5978bdf7-1445-3d4a-b65f-0548f77fdfdb;S3B;OLCI;L2_THETIS_GRID_20210614_20210624.nc;1.86094841;0.612446685;0.329104601;LXP;22.06.2021;46.500283;6.660889;0.763554217;0
S3B_OL_1_EFR____20210623T095617_20210623T095917_20240527T020501_0179_054_022_2160_MAR_R_NT_004.SEN3;5dff4c0e-bd3c-37f9-b195-966265a4e583;S3B;OLCI;L2_THETIS_GRID_20210614_20210624.nc;2.284042416;1.258776205;0.551117701;LXP;23.06.2021;46.500283;6.660889;0.266415663;0
S3A_OL_1_EFR____20210624T100931_20210624T101231_20240603T102936_0179_073_179_2160_MAR_R_NT_004.SEN3;d04b4972-6840-3cf8-b749-91bfcdd84ce4;S3A;OLCI;L2_THETIS_GRID_20210624_20210704.nc;2.905262432;0.75807981;0.260933333;LXP;24.06.2021;46.500283;6.660889;0.906626506;0
S3B_OL_1_EFR____20210624T093007_20210624T093307_20240527T041623_0179_054_036_2160_MAR_R_NT_004.SEN3;2658980c-3a32-390e-a424-74a5fb37d75a;S3B;OLCI;L2_THETIS_GRID_20210624_20210704.nc;2.905262432;0.75807981;0.260933333;LXP;24.06.2021;46.500283;6.660889;0.906626506;0
S3A_OL_1_EFR____20210625T094320_20210625T094620_20240603T103511_0180_073_193_2160_MAR_R_NT_004.SEN3;868f4b3e-2277-3bee-8fd8-d11ef02abbf6;S3A;OLCI;L2_THETIS_GRID_20210624_20210704.nc;2.762458941;0.465206615;0.168403088;LXP;25.06.2021;46.500283;6.660889;0.967018072;0
S3B_OL_1_EFR____20210626T101844_20210626T102144_20240527T055424_0179_054_065_2160_MAR_R_NT_004.SEN3;57ba4252-c479-39de-b56c-d66c6081cdb9;S3B;OLCI;L2_THETIS_GRID_20210624_20210704.nc;3.854412364;0.771728258;0.200219433;LXP;26.06.2021;46.500283;6.660889;0.902710843;0
S3B_OL_1_EFR____20210627T095233_20210627T095533_20240527T032342_0179_054_079_2160_MAR_R_NT_004.SEN3;fedc47dd-0bc8-31fe-9b26-34fc7582d9b5;S3B;OLCI;L2_THETIS_GRID_20210624_20210704.nc;3.514573074;1.729585447;0.492118221;LXP;27.06.2021;46.500283;6.660889;1;0
S3A_OL_1_EFR____20210628T100547_20210628T100847_20240603T113334_0179_073_236_2160_MAR_R_NT_004.SEN3;b1f60cb9-1514-3b7c-aab4-e2d63cb8100f;S3A;OLCI;L2_THETIS_GRID_20210624_20210704.nc;3.612698917;1.499882286;0.415169467;LXP;28.06.2021;46.500283;6.660889;0.915813253;0
S3B_OL_1_EFR____20210628T092622_20210628T092922_20240527T055405_0179_054_093_2160_MAR_R_NT_004.SEN3;b2c6965f-f57a-34a1-92fa-3f7af48596b2;S3B;OLCI;L2_THETIS_GRID_20210624_20210704.nc;3.612698917;1.499882286;0.415169467;LXP;28.06.2021;46.500283;6.660889;0.915813253;0
S3A_OL_1_EFR____20210629T093936_20210629T094236_20240603T114514_0179_073_250_2160_MAR_R_NT_004.SEN3;56ecf648-dfc9-3de6-afa6-ac7faee3a127;S3A;OLCI;L2_THETIS_GRID_20210624_20210704.nc;4.268436602;1.339650903;0.313850486;LXP;29.06.2021;46.500283;6.660889;0.99246988;0
S3B_OL_1_EFR____20210630T101500_20210630T101800_20240527T021603_0179_054_122_2160_MAR_R_NT_004.SEN3;a0f1165d-82b7-3d91-8794-6cff27e69c28;S3B;OLCI;L2_THETIS_GRID_20210624_20210704.nc;2.834450222;0.695146988;0.24524932;LXP;30.06.2021;46.500283;6.660889;0.985240964;0
S3B_OL_1_EFR____20210701T094849_20210701T095149_20240527T044603_0179_054_136_2160_MAR_R_NT_004.SEN3;a3a19288-29d5-3cf1-aa77-d33f0e7ccc05;S3B;OLCI;L2_THETIS_GRID_20210624_20210704.nc;3.766494039;0.509267492;0.135209956;LXP;01.07.2021;46.500283;6.660889;0.991716867;0
S3A_OL_1_EFR____20210702T100202_20210702T100502_20240603T104832_0179_073_293_2160_MAR_R_NT_004.SEN3;549cbcc9-5a36-34a7-83bd-b63769dd7b00;S3A;OLCI;L2_THETIS_GRID_20210624_20210704.nc;3.354831936;0.906151438;0.270103378;LXP;02.07.2021;46.500283;6.660889;0.015662651;0
S3B_OL_1_EFR____20210702T092238_20210702T092538_20240527T021910_0179_054_150_2160_MAR_R_NT_004.SEN3;ef7e3d26-032c-376b-af23-95ded2a7fecf;S3B;OLCI;L2_THETIS_GRID_20210624_20210704.nc;3.354831936;0.906151438;0.270103378;LXP;02.07.2021;46.500283;6.660889;0.015662651;0
S3A_OL_1_EFR____20210703T093551_20210703T093851_20240603T110007_0179_073_307_2160_MAR_R_NT_004.SEN3;3bac591e-6d1f-316a-b214-de905151b4eb;S3A;OLCI;L2_THETIS_GRID_20210624_20210704.nc;2.753480215;0.402250245;0.146087937;LXP;03.07.2021;46.500283;6.660889;1;0
S3B_OL_1_EFR____20210704T101116_20210704T101416_20240527T034119_0179_054_179_2160_MAR_R_NT_004.SEN3;7c609655-c1a7-3fba-af57-d8753ba30329;S3B;OLCI;L2_THETIS_GRID_20210704_20210714.nc;2.847723209;0.40045524;0.140622951;LXP;04.07.2021;46.500283;6.660889;1;0
S3A_OL_1_EFR____20210705T102429_20210705T102729_20240603T120607_0179_073_336_2160_MAR_R_NT_004.SEN3;54cc2959-35c6-32d6-a81e-4fbaca57b895;S3A;OLCI;L2_THETIS_GRID_20210704_20210714.nc;2.145845096;0.236432011;0.110181304;LXP;05.07.2021;46.500283;6.660889;1;0
S3B_OL_1_EFR____20210705T094505_20210705T094805_20240527T061214_0179_054_193_2160_MAR_R_NT_004.SEN3;d5e924f5-ff2a-3adb-a37f-c18efeda5d45;S3B;OLCI;L2_THETIS_GRID_20210704_20210714.nc;2.145845096;0.236432011;0.110181304;LXP;05.07.2021;46.500283;6.660889;1;0
S3A_OL_1_EFR____20210706T095818_20210706T100118_20240603T121559_0179_073_350_2160_MAR_R_NT_004.SEN3;5f5da140-4f57-377a-b080-b18185e19ef0;S3A;OLCI;L2_THETIS_GRID_20210704_20210714.nc;2.257040164;0.158645574;0.070289212;LXP;06.07.2021;46.500283;6.660889;0.962951807;0
S3B_OL_1_EFR____20210706T091854_20210706T092154_20240527T034312_0179_054_207_2160_MAR_R_NT_004.SEN3;5460a748-03bf-36d1-b325-ee3766ef2748;S3B;OLCI;L2_THETIS_GRID_20210704_20210714.nc;2.257040164;0.158645574;0.070289212;LXP;06.07.2021;46.500283;6.660889;0.962951807;0
S3A_OL_1_EFR____20210707T093207_20210707T093507_20240603T123105_0180_073_364_2160_MAR_R_NT_004.SEN3;01ab71de-00d5-39ee-934e-0d0d21e8d453;S3A;OLCI;L2_THETIS_GRID_20210704_20210714.nc;2.119532791;0.197085787;0.092985486;LXP;07.07.2021;46.500283;6.660889;0.886746988;0
S3B_OL_1_EFR____20210708T100731_20210708T101031_20240527T045155_0179_054_236_2160_MAR_R_NT_004.SEN3;049e7003-5084-3bc5-b578-054f2ba898b2;S3B;OLCI;L2_THETIS_GRID_20210704_20210714.nc;2.395205555;0.273527261;0.114197823;LXP;08.07.2021;46.500283;6.660889;0.903463855;0
S3A_OL_1_EFR____20210709T102044_20210709T102344_20240603T114351_0179_074_008_2160_MAR_R_NT_004.SEN3;4c3981f0-394e-31ba-a26c-92918b25d7af;S3A;OLCI;L2_THETIS_GRID_20210704_20210714.nc;2.071387941;0.327436653;0.158075968;LXP;09.07.2021;46.500283;6.660889;0.502108434;0
S3B_OL_1_EFR____20210709T094120_20210709T094420_20240527T025038_0179_054_250_2160_MAR_R_NT_004.SEN3;ab1e9279-42e3-32e7-9a91-9e94ad20b587;S3B;OLCI;L2_THETIS_GRID_20210704_20210714.nc;2.071387941;0.327436653;0.158075968;LXP;09.07.2021;46.500283;6.660889;0.502108434;0
S3A_OL_1_EFR____20210710T095433_20210710T095733_20240603T114154_0179_074_022_2160_MAR_R_NT_004.SEN3;cba37ee7-01ff-3164-b546-b663ee273c8e;S3A;OLCI;L2_THETIS_GRID_20210704_20210714.nc;2.065562267;0.25165269;0.121832537;LXP;10.07.2021;46.500283;6.660889;0.603614458;0
S3A_OL_1_EFR____20210711T092822_20210711T093122_20240603T114438_0179_074_036_2160_MAR_R_NT_004.SEN3;42248327-677d-3796-96fb-e38326cbbcd6;S3A;OLCI;L2_THETIS_GRID_20210704_20210714.nc;1.8473724;0.393924761;0.213235166;LXP;11.07.2021;46.500283;6.660889;0.428915663;0
S3B_OL_1_EFR____20210712T100347_20210712T100647_20240527T061309_0179_054_293_2160_MAR_R_NT_004.SEN3;22f88ab0-c3b0-31f2-afc1-67c930e8a5a9;S3B;OLCI;L2_THETIS_GRID_20210704_20210714.nc;1.800408579;0.165272605;0.091797277;LXP;12.07.2021;46.500283;6.660889;1;0
S3A_OL_1_EFR____20210713T101659_20210713T101959_20240603T123934_0179_074_065_2160_MAR_R_NT_004.SEN3;1827be68-3220-3c88-a7a7-e15c5d863a2c;S3A;OLCI;L2_THETIS_GRID_20210704_20210714.nc;2.097942193;0.317388993;0.151285862;LXP;13.07.2021;46.500283;6.660889;1;0
S3B_OL_1_EFR____20210713T093736_20210713T094036_20240527T040947_0179_054_307_2160_MAR_R_NT_004.SEN3;2baeadba-0c25-3fed-81d2-31e7c2e26a13;S3B;OLCI;L2_THETIS_GRID_20210704_20210714.nc;2.097942193;0.317388993;0.151285862;LXP;13.07.2021;46.500283;6.660889;1;0
S3A_OL_1_EFR____20210714T095048_20210714T095348_20240603T124621_0179_074_079_2160_MAR_R_NT_004.SEN3;2825f2fb-fb7d-3272-a36d-8d796ae9bd23;S3A;OLCI;L2_THETIS_GRID_20210714_20210724.nc;1.990534133;0.234512685;0.117813948;LXP;14.07.2021;46.500283;6.660889;0.998644578;0
S3A_OL_1_EFR____20210715T092437_20210715T092737_20240603T122738_0179_074_093_2160_MAR_R_NT_004.SEN3;3b2f3350-f19a-3a21-97c8-561b986e1c94;S3A;OLCI;L2_THETIS_GRID_20210714_20210724.nc;1.89615099;0.221881367;0.117016719;LXP;15.07.2021;46.500283;6.660889;1;0
S3B_OL_1_EFR____20210715T102613_20210715T102913_20240527T052744_0179_054_336_2160_MAR_R_NT_004.SEN3;a43cb4e1-331f-3573-9777-99ce2eb00ffe;S3B;OLCI;L2_THETIS_GRID_20210714_20210724.nc;1.89615099;0.221881367;0.117016719;LXP;15.07.2021;46.500283;6.660889;1;0
S3B_OL_1_EFR____20210716T100002_20210716T100302_20240527T031200_0179_054_350_2160_MAR_R_NT_004.SEN3;4965958f-9b8e-3edf-b970-9cdb61abf7f6;S3B;OLCI;L2_THETIS_GRID_20210714_20210724.nc;1.983710273;0.292331753;0.147366153;LXP;16.07.2021;46.500283;6.660889;0.89246988;0
S3B_OL_1_EFR____20210717T093351_20210717T093651_20240527T055239_0179_054_364_2160_MAR_R_NT_004.SEN3;7d8f2309-8bab-372e-92fc-541c3c52e87d;S3B;OLCI;L2_THETIS_GRID_20210714_20210724.nc;1.782343646;0.250828303;0.140729485;LXP;17.07.2021;46.500283;6.660889;0.694126506;0
S3A_OL_1_EFR____20210717T101315_20210717T101615_20240603T115209_0179_074_122_2160_MAR_R_NT_004.SEN3;0d8f49da-3ebe-3469-aa2f-ace4653e5091;S3A;OLCI;L2_THETIS_GRID_20210714_20210724.nc;1.782343646;0.250828303;0.140729485;LXP;17.07.2021;46.500283;6.660889;0.694126506;0
S3A_OL_1_EFR____20210718T094704_20210718T095004_20240603T120744_0179_074_136_2160_MAR_R_NT_004.SEN3;bad4ee88-61ca-31d5-aefb-5e8208b8a87e;S3A;OLCI;L2_THETIS_GRID_20210714_20210724.nc;1.408132608;0.285728391;0.202912985;LXP;18.07.2021;46.500283;6.660889;0.014457831;0
S3A_OL_1_EFR____20210719T092053_20210719T092353_20240603T121237_0179_074_150_2160_MAR_R_NT_004.SEN3;6c1ff481-c6a7-3730-9c41-22eb51708232;S3A;OLCI;L2_THETIS_GRID_20210714_20210724.nc;1.682786207;0.145187235;0.086277885;LXP;19.07.2021;46.500283;6.660889;0.514759036;0
S3B_OL_1_EFR____20210719T102229_20210719T102529_20240527T073147_0179_055_008_2160_MAR_R_NT_004.SEN3;c0197c0d-4ab9-3f4e-b7de-da806a41f359;S3B;OLCI;L2_THETIS_GRID_20210714_20210724.nc;1.682786207;0.145187235;0.086277885;LXP;19.07.2021;46.500283;6.660889;0.514759036;0
S3B_OL_1_EFR____20210720T095618_20210720T095918_20240527T042700_0179_055_022_2160_MAR_R_NT_004.SEN3;f7333deb-90ef-36fe-ba7c-873e17f90eda;S3B;OLCI;L2_THETIS_GRID_20210714_20210724.nc;2.136972013;0.371420705;0.173807005;LXP;20.07.2021;46.500283;6.660889;0.004066265;0
S3B_OL_1_EFR____20210721T093007_20210721T093307_20240527T062308_0180_055_036_2160_MAR_R_NT_004.SEN3;6c20f74e-ee38-3888-811f-3869f6179e4b;S3B;OLCI;L2_THETIS_GRID_20210714_20210724.nc;2.333619279;0.390737483;0.167438402;LXP;21.07.2021;46.500283;6.660889;0.365210843;0
S3A_OL_1_EFR____20210721T100930_20210721T101230_20240603T133601_0179_074_179_2160_MAR_R_NT_004.SEN3;939ae3e3-702e-36b1-8747-505844d03317;S3A;OLCI;L2_THETIS_GRID_20210714_20210724.nc;2.333619279;0.390737483;0.167438402;LXP;21.07.2021;46.500283;6.660889;0.365210843;0
S3A_OL_1_EFR____20210722T094319_20210722T094619_20240603T134249_0179_074_193_2160_MAR_R_NT_004.SEN3;436196cd-10d6-3671-955c-e9e92414041c;S3A;OLCI;L2_THETIS_GRID_20210714_20210724.nc;2.322959509;0.405042221;0.174364736;LXP;22.07.2021;46.500283;6.660889;0.112801205;0
S3B_OL_1_EFR____20210723T101845_20210723T102145_20240527T032519_0180_055_065_2160_MAR_R_NT_004.SEN3;34b2d4d6-ae90-33a2-9df1-eec1b7f69e2b;S3B;OLCI;L2_THETIS_GRID_20210714_20210724.nc;2.119243725;0.405442477;0.1913147;LXP;23.07.2021;46.500283;6.660889;0.619578313;0
S3A_OL_1_EFR____20210811T092434_20210811T092734_20240603T140252_0179_075_093_2160_MAR_R_NT_004.SEN3;14c3b8a5-01da-3b89-8246-5aab543aa9c9;S3A;OLCI;L2_THETIS_GRID_20210803_20210813.nc;2.319483358;0.188597361;0.081310073;LXP;11.08.2021;46.500283;6.660889;0.212349398;0
S3B_OL_1_EFR____20210811T102615_20210811T102915_20240527T072846_0179_055_336_2160_MAR_R_NT_004.SEN3;c8682e99-de89-363d-875b-2898c7abfdc8;S3B;OLCI;L2_THETIS_GRID_20210803_20210813.nc;2.319483358;0.188597361;0.081310073;LXP;11.08.2021;46.500283;6.660889;0.211924528;0
S3B_OL_1_EFR____20210813T093353_20210813T093653_20240527T073047_0179_055_364_2160_MAR_R_NT_004.SEN3;613e4f0a-86eb-33dd-826f-4968d45b7306;S3B;OLCI;L2_THETIS_GRID_20210813_20210823.nc;2.017549037;0.588402027;0.291641995;LXP;13.08.2021;46.500283;6.660889;0.998945783;0
S3A_OL_1_EFR____20210813T101311_20210813T101611_20240603T151453_0179_075_122_2160_MAR_R_NT_004.SEN3;30e81b19-7537-345d-9ccf-bad617ae223d;S3A;OLCI;L2_THETIS_GRID_20210813_20210823.nc;2.017549037;0.588402027;0.291641995;LXP;13.08.2021;46.500283;6.660889;0.998945783;0
S3A_OL_1_EFR____20210817T100926_20210817T101226_20240603T145142_0179_075_179_2160_MAR_R_NT_004.SEN3;dadd398a-f0b9-3015-9275-fd0ef4552616;S3A;OLCI;L2_THETIS_GRID_20210813_20210823.nc;3.104062768;0.291560447;0.093928657;LXP;17.08.2021;46.500283;6.660889;0.973192771;0
S3B_OL_1_EFR____20210817T093009_20210817T093309_20240527T041521_0179_056_036_2160_MAR_R_NT_004.SEN3;82f32d1b-3213-3205-93d8-d9e611830315;S3B;OLCI;L2_THETIS_GRID_20210813_20210823.nc;3.104062768;0.291560447;0.093928657;LXP;17.08.2021;46.500283;6.660889;0.973192771;0
S3A_OL_1_EFR____20210818T094315_20210818T094615_20240603T145226_0179_075_193_2160_MAR_R_NT_004.SEN3;5d357cd9-a581-3ed3-84a5-d392c303f4ab;S3A;OLCI;L2_THETIS_GRID_20210813_20210823.nc;2.70713079;0.725881601;0.268136879;LXP;18.08.2021;46.500283;6.660889;0.046084337;0
S3B_OL_1_EFR____20210904T100348_20210904T100648_20240527T061127_0179_056_293_2160_MAR_R_NT_004.SEN3;f81f5824-6507-35e1-8673-f31d9494da1d;S3B;OLCI;L2_THETIS_GRID_20210902_20210912.nc;5.399276275;1.950761559;0.361300563;LXP;04.09.2021;46.500283;6.660889;0.578915663;0
S3A_OL_1_EFR____20210905T101654_20210905T101954_20240603T173758_0179_076_065_2160_MAR_R_NT_004.SEN3;2334f715-ce7b-3a61-99c2-bb54cf9b50a1;S3A;OLCI;L2_THETIS_GRID_20210902_20210912.nc;5.105205011;2.442240475;0.478382449;LXP;05.09.2021;46.500283;6.660889;0.002861446;0
S3B_OL_1_EFR____20210905T093737_20210905T094037_20240527T083457_0179_056_307_2160_MAR_R_NT_004.SEN3;6f27effb-c6fe-380d-a13b-dc71626adfe4;S3B;OLCI;L2_THETIS_GRID_20210902_20210912.nc;5.105205011;2.442240475;0.478382449;LXP;05.09.2021;46.500283;6.660889;0.002861446;0
S3A_OL_1_EFR____20210906T095043_20210906T095343_20240603T173648_0179_076_079_2160_MAR_R_NT_004.SEN3;c86ee4d6-31e4-3520-b119-d31dff524a36;S3A;OLCI;L2_THETIS_GRID_20210902_20210912.nc;4.445864803;2.299602455;0.517245251;LXP;06.09.2021;46.500283;6.660889;0.003313253;0
S3A_OL_1_EFR____20210907T092432_20210907T092732_20240603T173921_0179_076_093_2160_MAR_R_NT_004.SEN3;e8667fbd-8365-381a-b3fe-64f8186dacc6;S3A;OLCI;L2_THETIS_GRID_20210902_20210912.nc;3.562396342;1.305735643;0.366532951;LXP;07.09.2021;46.500283;6.660889;1;0
S3B_OL_1_EFR____20210907T102615_20210907T102915_20240527T054314_0179_056_336_2160_MAR_R_NT_004.SEN3;2c3df35b-ea22-3da7-9c69-5712c6d801de;S3B;OLCI;L2_THETIS_GRID_20210902_20210912.nc;3.562396342;1.305735643;0.366532951;LXP;07.09.2021;46.500283;6.660889;1;0
S3B_OL_1_EFR____20210908T100004_20210908T100304_20240527T074256_0179_056_350_2160_MAR_R_NT_004.SEN3;0fee63ab-357e-34bf-8293-f9296f3cb8c9;S3B;OLCI;L2_THETIS_GRID_20210902_20210912.nc;4.455982579;2.541781056;0.570419882;LXP;08.09.2021;46.500283;6.660889;0.894578313;0
S3B_OL_1_EFR____20210909T093353_20210909T093653_20240527T055315_0180_056_364_2160_MAR_R_NT_004.SEN3;75d67619-15ee-3cc1-8005-05284c75a4bd;S3B;OLCI;L2_THETIS_GRID_20210902_20210912.nc;2.989831737;1.482546684;0.495862916;LXP;09.09.2021;46.500283;6.660889;1;0
S3A_OL_1_EFR____20210909T101309_20210909T101609_20240603T162058_0179_076_122_2160_MAR_R_NT_004.SEN3;2af708dd-e29f-377e-bf2f-5697489ebee8;S3A;OLCI;L2_THETIS_GRID_20210902_20210912.nc;2.989831737;1.482546684;0.495862916;LXP;09.09.2021;46.500283;6.660889;1;0
S3A_OL_1_EFR____20210910T094658_20210910T094958_20240603T162014_0179_076_136_2160_MAR_R_NT_004.SEN3;f183b027-4139-3117-a290-c9673d0275c3;S3A;OLCI;L2_THETIS_GRID_20210902_20210912.nc;3.796500767;3.562197512;0.938284418;LXP;10.09.2021;46.500283;6.660889;1;0
S3A_OL_1_EFR____20210911T092048_20210911T092348_20240603T162211_0180_076_150_2160_MAR_R_NT_004.SEN3;e235f8ef-73a2-3620-9c66-c17be82527dd;S3A;OLCI;L2_THETIS_GRID_20210902_20210912.nc;4.176887656;1.62136873;0.388176284;LXP;11.09.2021;46.500283;6.660889;0.631174699;0
S3B_OL_1_EFR____20210911T102230_20210911T102530_20240527T065313_0179_057_008_2160_MAR_R_NT_004.SEN3;ccaa6504-ef5a-334c-b3f3-18e84d27e647;S3B;OLCI;L2_THETIS_GRID_20210902_20210912.nc;4.176887656;1.62136873;0.388176284;LXP;11.09.2021;46.500283;6.660889;0.631174699;0
S3B_OL_1_EFR____20210912T095619_20210912T095919_20240527T090127_0179_057_022_2160_MAR_R_NT_004.SEN3;2e0c7849-48a5-368d-ab00-97da84f554b7;S3B;OLCI;L2_THETIS_GRID_20210912_20210922.nc;2.344495743;0.545581732;0.232707495;LXP;12.09.2021;46.500283;6.660889;0.140210843;0
S3B_OL_1_EFR____20210913T093008_20210913T093308_20240527T070147_0179_057_036_2160_MAR_R_NT_004.SEN3;7eff3565-50b8-3ac0-b49e-338fb8686ab4;S3B;OLCI;L2_THETIS_GRID_20210912_20210922.nc;5.067682597;2.770930308;0.546784503;LXP;13.09.2021;46.500283;6.660889;0.020481928;0
S3A_OL_1_EFR____20210913T100925_20210913T101225_20240603T173804_0179_076_179_2160_MAR_R_NT_004.SEN3;7f7300da-0e3c-3787-800c-ed51433a8963;S3A;OLCI;L2_THETIS_GRID_20210912_20210922.nc;5.067682597;2.770930308;0.546784503;LXP;13.09.2021;46.500283;6.660889;0.020481928;0
S3A_OL_1_EFR____20210914T094315_20210914T094615_20240603T172945_0180_076_193_2160_MAR_R_NT_004.SEN3;3e741366-807c-3312-9ac1-f49ae8b047ad;S3A;OLCI;L2_THETIS_GRID_20210912_20210922.nc;5.194878373;2.325663537;0.447683924;LXP;14.09.2021;46.500283;6.660889;1;0
S3B_OL_1_EFR____20210915T101845_20210915T102145_20240527T075642_0179_057_065_2160_MAR_R_NT_004.SEN3;eabbc9f4-c576-3497-9466-23815382f116;S3B;OLCI;L2_THETIS_GRID_20210912_20210922.nc;3.01269647;1.465342758;0.486389111;LXP;15.09.2021;46.500283;6.660889;1;0
S3B_OL_1_EFR____20210916T095234_20210916T095534_20240527T060144_0179_057_079_2160_MAR_R_NT_004.SEN3;5b2f665f-3e91-361c-9b2c-19cdece6a957;S3B;OLCI;L2_THETIS_GRID_20210912_20210922.nc;2.988294166;0.414240656;0.13862111;LXP;16.09.2021;46.500283;6.660889;1;0
S3A_OL_1_EFR____20210917T100542_20210917T100842_20240603T162152_0179_076_236_2160_MAR_R_NT_004.SEN3;b0585d4d-b4e7-3bbe-8d85-ae0ab2987a2f;S3A;OLCI;L2_THETIS_GRID_20210912_20210922.nc;2.153334493;0.555675502;0.2580535;LXP;17.09.2021;46.500283;6.660889;0.390662651;0
S3B_OL_1_EFR____20210917T092623_20210917T092923_20240527T081547_0179_057_093_2160_MAR_R_NT_004.SEN3;aadc1946-f4c9-3399-b426-30cf14481a33;S3B;OLCI;L2_THETIS_GRID_20210912_20210922.nc;2.153334493;0.555675502;0.2580535;LXP;17.09.2021;46.500283;6.660889;0.390662651;0
S3A_OL_1_EFR____20210918T093931_20210918T094231_20240603T162211_0180_076_250_2160_MAR_R_NT_004.SEN3;fd684f03-3cee-3438-99ee-55dbd3a7d59f;S3A;OLCI;L2_THETIS_GRID_20210912_20210922.nc;1.935833395;0.281902706;0.145623434;LXP;18.09.2021;46.500283;6.660889;0.024849398;0
S3B_OL_1_EFR____20210919T101500_20210919T101800_20240527T092737_0180_057_122_2160_MAR_R_NT_004.SEN3;7fd9a7d2-175f-3567-a587-073e7b8eb13f;S3B;OLCI;L2_THETIS_GRID_20210912_20210922.nc;2.50378445;0.189142654;0.075542706;LXP;19.09.2021;46.500283;6.660889;1;0
S3B_OL_1_EFR____20210920T094849_20210920T095149_20240527T073210_0179_057_136_2160_MAR_R_NT_004.SEN3;abab32f6-8783-3b4c-8e8b-f16ec6b9c304;S3B;OLCI;L2_THETIS_GRID_20210912_20210922.nc;2.763600418;0.225159214;0.081473144;LXP;20.09.2021;46.500283;6.660889;1;0
S3A_OL_1_EFR____20210921T100158_20210921T100458_20240603T173915_0179_076_293_2160_MAR_R_NT_004.SEN3;2b2a8f3e-608c-3302-99cb-693e5e29939b;S3A;OLCI;L2_THETIS_GRID_20210912_20210922.nc;2.300006689;0.411955669;0.179110639;LXP;21.09.2021;46.500283;6.660889;0.627560241;0
S3B_OL_1_EFR____20210921T092238_20210921T092538_20240527T093910_0179_057_150_2160_MAR_R_NT_004.SEN3;c45e6ffd-c666-3fff-8b72-032d767eaeb0;S3B;OLCI;L2_THETIS_GRID_20210912_20210922.nc;2.300006689;0.411955669;0.179110639;LXP;21.09.2021;46.500283;6.660889;0.627560241;0
S3A_OL_1_EFR____20210922T093547_20210922T093847_20240603T173442_0179_076_307_2160_MAR_R_NT_004.SEN3;2325c930-477c-3268-810e-84b7fc60ed99;S3A;OLCI;L2_THETIS_GRID_20210922_20211002.nc;1.898605273;0.452540792;0.238354332;LXP;22.09.2021;46.500283;6.660889;0.708283133;0
S3B_OL_1_EFR____20211029T093732_20211029T094032_20240527T085807_0179_058_307_2160_MAR_R_NT_004.SEN3;b6f86470-7caa-3bb6-96f4-a1ae684745b2;S3B;OLCI;L2_THETIS_GRID_20211022_20211101.nc;2.538769122;0.37784109;0.148828457;LXP;29.10.2021;46.500283;6.660889;0.92123494;0
S3A_OL_1_EFR____20211029T101656_20211029T101956_20240604T030934_0179_078_065_2160_MAR_R_NT_004.SEN3;44e4053b-3df0-31b7-ae09-90a4f1c222e5;S3A;OLCI;L2_THETIS_GRID_20211022_20211101.nc;2.538769122;0.37784109;0.148828457;LXP;29.10.2021;46.500283;6.660889;0.92123494;0
S3B_OL_1_EFR____20211031T102610_20211031T102910_20240527T103432_0179_058_336_2160_MAR_R_NT_004.SEN3;86c5aa63-9c84-3230-8af6-7169f0937b38;S3B;OLCI;L2_THETIS_GRID_20211022_20211101.nc;2.370529686;0.198558942;0.083761424;LXP;31.10.2021;46.500283;6.660889;0.990943396;0
S3A_OL_1_EFR____20211031T092434_20211031T092734_20240604T030740_0179_078_093_2160_MAR_R_NT_004.SEN3;fc7fbd70-b23d-32ff-acf8-fdda49dcbde4;S3A;OLCI;L2_THETIS_GRID_20211022_20211101.nc;2.370529686;0.198558942;0.083761424;LXP;31.10.2021;46.500283;6.660889;0.990963855;0
S3B_OL_1_EFR____20211101T095959_20211101T100259_20240527T080741_0179_058_350_2160_MAR_R_NT_004.SEN3;7a95fc4f-04bb-3607-a835-9b73d55d184c;S3B;OLCI;L2_THETIS_GRID_20211101_20211111.nc;1.997980051;0.185624874;0.09290627;LXP;01.11.2021;46.500283;6.660889;1;0
S3A_OL_1_EFR____20211102T101311_20211102T101611_20240604T020937_0179_078_122_2160_MAR_R_NT_004.SEN3;97da9b91-6e7e-387b-ad3a-234973663a82;S3A;OLCI;L2_THETIS_GRID_20211101_20211111.nc;1.785667159;0.182295779;0.10208833;LXP;02.11.2021;46.500283;6.660889;0.970180723;0
S3B_OL_1_EFR____20211102T093348_20211102T093648_20240527T102046_0179_058_364_2160_MAR_R_NT_004.SEN3;9729fd6c-4142-30dd-a8e8-9cfa4997443f;S3B;OLCI;L2_THETIS_GRID_20211101_20211111.nc;1.785667159;0.182295779;0.10208833;LXP;02.11.2021;46.500283;6.660889;0.970180723;0
S3A_OL_1_EFR____20211103T094700_20211103T095000_20240604T020928_0179_078_136_2160_MAR_R_NT_004.SEN3;a6f9d94c-e647-3e41-9397-0097961426fa;S3A;OLCI;L2_THETIS_GRID_20211101_20211111.nc;1.766785057;0.215527963;0.121988785;LXP;03.11.2021;46.500283;6.660889;1;0
S3B_OL_1_EFR____20211104T102226_20211104T102526_20240527T111345_0179_059_008_2160_MAR_R_NT_004.SEN3;0e522d19-68ae-30b1-9b86-454ccacb88ea;S3B;OLCI;L2_THETIS_GRID_20211101_20211111.nc;1.761217564;0.146947844;0.083435373;LXP;04.11.2021;46.500283;6.660889;0.991716867;0
S3A_OL_1_EFR____20211104T092049_20211104T092349_20240604T021032_0180_078_150_2160_MAR_R_NT_004.SEN3;d6a32404-6ee8-351f-a6cb-0a6d0aa565cb;S3A;OLCI;L2_THETIS_GRID_20211101_20211111.nc;1.761217564;0.146947844;0.083435373;LXP;04.11.2021;46.500283;6.660889;0.991716867;0
S3B_OL_1_EFR____20211105T095615_20211105T095915_20240527T093209_0179_059_022_2160_MAR_R_NT_004.SEN3;c2c85329-1958-381c-855a-895c8088e001;S3B;OLCI;L2_THETIS_GRID_20211101_20211111.nc;1.561580253;0.072589776;0.046484819;LXP;05.11.2021;46.500283;6.660889;0.047590361;0
S3B_OL_1_EFR____20211106T093004_20211106T093304_20240527T114436_0179_059_036_2160_MAR_R_NT_004.SEN3;c3b51cbe-6f33-3e8c-8707-9f35623aea21;S3B;OLCI;L2_THETIS_GRID_20211101_20211111.nc;1.579728252;0.141479216;0.089559211;LXP;06.11.2021;46.500283;6.660889;0.367319277;0
S3A_OL_1_EFR____20211106T100927_20211106T101227_20240604T031011_0179_078_179_2160_MAR_R_NT_004.SEN3;e850e72f-bd53-3033-925e-9cdc853c6d7a;S3A;OLCI;L2_THETIS_GRID_20211101_20211111.nc;1.579728252;0.141479216;0.089559211;LXP;06.11.2021;46.500283;6.660889;0.367319277;0
S3A_OL_1_EFR____20211107T094316_20211107T094616_20240604T033443_0179_078_193_2160_MAR_R_NT_004.SEN3;c1e5ddf8-eb98-3342-b842-a24cb2fc60a3;S3A;OLCI;L2_THETIS_GRID_20211101_20211111.nc;1.507763466;0.125173542;0.083019349;LXP;07.11.2021;46.500283;6.660889;0.359939759;0
S3B_OL_1_EFR____20211108T101842_20211108T102142_20240527T082451_0180_059_065_2160_MAR_R_NT_004.SEN3;ccdbe7fc-44c1-3419-8433-5e085f26b493;S3B;OLCI;L2_THETIS_GRID_20211101_20211111.nc;1.384923917;0.099424755;0.07179077;LXP;08.11.2021;46.500283;6.660889;0.554668675;0
S3B_OL_1_EFR____20211109T095231_20211109T095531_20240527T105212_0179_059_079_2160_MAR_R_NT_004.SEN3;b75bdb6e-9707-392f-9625-18071e43ffcf;S3B;OLCI;L2_THETIS_GRID_20211101_20211111.nc;1.450678563;0.064091793;0.044180561;LXP;09.11.2021;46.500283;6.660889;0.87003012;0
S3A_OL_1_EFR____20220330T093551_20220330T093851_20240605T012718_0180_083_307_2160_MAR_R_NT_004.SEN3;d9beef49-7050-35e8-a9ab-29faa6845967;S3A;OLCI;L2_THETIS_GRID_20220321_20220331.nc;3.13247754;0.408242969;0.130325905;LXP;30.03.2022;46.500283;6.660889;1;0
S3B_OL_1_EFR____20220331T101112_20220331T101412_20240523T203257_0179_064_179_2160_MAR_R_NT_004.SEN3;7dd3d3cc-ca9e-31ff-a536-bce16487cf5a;S3B;OLCI;L2_THETIS_GRID_20220331_20220410.nc;3.563322176;0.475364062;0.133404738;LXP;31.03.2022;46.500283;6.660889;1;0
S3A_OL_1_EFR____20220401T102428_20220401T102728_20240605T021806_0180_083_336_2160_MAR_R_NT_004.SEN3;8f54eac7-2b11-3b4f-9d88-3de72a130cf1;S3A;OLCI;L2_THETIS_GRID_20220331_20220410.nc;3.005619164;0.248955527;0.08283003;LXP;01.04.2022;46.500283;6.660889;1;0
S3B_OL_1_EFR____20220401T094501_20220401T094801_20240523T192655_0179_064_193_2160_MAR_R_NT_004.SEN3;48ccc6fc-2a00-368e-aaca-3547d5303447;S3B;OLCI;L2_THETIS_GRID_20220331_20220410.nc;3.005619164;0.248955527;0.08283003;LXP;01.04.2022;46.500283;6.660889;1;0
S3A_OL_1_EFR____20220402T095817_20220402T100117_20240605T021754_0179_083_350_2160_MAR_R_NT_004.SEN3;d08e999e-b369-3ab8-bac3-3c79f864a388;S3A;OLCI;L2_THETIS_GRID_20220331_20220410.nc;2.153005963;0.292237758;0.135734765;LXP;02.04.2022;46.500283;6.660889;1;0
S3B_OL_1_EFR____20220402T091850_20220402T092150_20240523T203621_0179_064_207_2160_MAR_R_NT_004.SEN3;720f5bbb-934b-3e79-899f-f9f2025824db;S3B;OLCI;L2_THETIS_GRID_20220331_20220410.nc;2.153005963;0.292237758;0.135734765;LXP;02.04.2022;46.500283;6.660889;1;0
S3A_OL_1_EFR____20220403T093206_20220403T093506_20240605T021906_0180_083_364_2160_MAR_R_NT_004.SEN3;52187171-4c83-3eb2-b7fc-cee08374a85d;S3A;OLCI;L2_THETIS_GRID_20220331_20220410.nc;1.896714476;0.54795279;0.28889577;LXP;03.04.2022;46.500283;6.660889;0.925903614;0
S3B_OL_1_EFR____20220404T100727_20220404T101027_20240523T185322_0179_064_236_2160_MAR_R_NT_004.SEN3;d6830df0-7402-3385-b8b7-9e1fce94728d;S3B;OLCI;L2_THETIS_GRID_20220331_20220410.nc;1.905773904;0.496048811;0.260287335;LXP;04.04.2022;46.500283;6.660889;0.338253012;0
S3B_OL_1_EFR____20220405T094116_20220405T094416_20240523T200443_0179_064_250_2160_MAR_R_NT_004.SEN3;23ad6f98-aa49-3a5f-802c-132153eabb3e;S3B;OLCI;L2_THETIS_GRID_20220331_20220410.nc;1.818670209;0.694509846;0.381877837;LXP;05.04.2022;46.500283;6.660889;0.264457831;0
S3A_OL_1_EFR____20220405T102044_20220405T102344_20240605T013220_0179_084_008_2160_MAR_R_NT_004.SEN3;552c147b-0cde-3f6c-9fb8-813838b0164c;S3A;OLCI;L2_THETIS_GRID_20220331_20220410.nc;1.818670209;0.694509846;0.381877837;LXP;05.04.2022;46.500283;6.660889;0.264457831;0
S3A_OL_1_EFR____20220406T095433_20220406T095733_20240605T013507_0179_084_022_2160_MAR_R_NT_004.SEN3;5a4f2d5f-ba5a-34e1-9fce-6d80f2057ef1;S3A;OLCI;L2_THETIS_GRID_20220331_20220410.nc;2.584831509;0.785493911;0.303885924;LXP;06.04.2022;46.500283;6.660889;0.005421687;0
S3A_OL_1_EFR____20220407T092822_20220407T093122_20240605T014607_0179_084_036_2160_MAR_R_NT_004.SEN3;a37241b0-bf97-30f9-bc93-42064a094d58;S3A;OLCI;L2_THETIS_GRID_20220331_20220410.nc;1.680790033;0.6781588;0.403476215;LXP;07.04.2022;46.500283;6.660889;1;0
S3B_OL_1_EFR____20220408T100343_20220408T100643_20240523T193307_0179_064_293_2160_MAR_R_NT_004.SEN3;6ffbb900-2304-35c9-9cc8-561255c66aa0;S3B;OLCI;L2_THETIS_GRID_20220331_20220410.nc;1.042452538;0.073215586;0.070233976;LXP;08.04.2022;46.500283;6.660889;1;0
S3A_OL_1_EFR____20220409T101659_20220409T101959_20240605T023559_0179_084_065_2160_MAR_R_NT_004.SEN3;d0430201-e757-300c-aacd-a3841a1277b7;S3A;OLCI;L2_THETIS_GRID_20220331_20220410.nc;1.000886481;0.322167049;0.321881707;LXP;09.04.2022;46.500283;6.660889;0.788403614;0
S3B_OL_1_EFR____20220409T093733_20220409T094033_20240523T205051_0179_064_307_2160_MAR_R_NT_004.SEN3;3c11257c-c27c-35ba-a5e6-cf0521ecba19;S3B;OLCI;L2_THETIS_GRID_20220331_20220410.nc;1.000886481;0.322167049;0.321881707;LXP;09.04.2022;46.500283;6.660889;0.788403614;0
S3A_OL_1_EFR____20220410T095048_20220410T095348_20240605T024553_0179_084_079_2160_MAR_R_NT_004.SEN3;d6769022-77ff-38f0-8b70-bdf1cc0cbbd4;S3A;OLCI;L2_THETIS_GRID_20220410_20220420.nc;1.689921846;0.533755627;0.315846338;LXP;10.04.2022;46.500283;6.660889;0.006024096;0
S3B_OL_1_EFR____20220411T102610_20220411T102910_20240523T185601_0179_064_336_2160_MAR_R_NT_004.SEN3;ec1c3252-2b50-3b83-9333-7831a3792d35;S3B;OLCI;L2_THETIS_GRID_20220410_20220420.nc;1.869629456;0.456784989;0.24431846;LXP;11.04.2022;46.500283;6.660889;1;0
S3A_OL_1_EFR____20220411T092437_20220411T092737_20240605T030107_0179_084_093_2160_MAR_R_NT_004.SEN3;a3003625-c044-34d5-9923-4fadec981fc0;S3A;OLCI;L2_THETIS_GRID_20220410_20220420.nc;1.869629456;0.456784989;0.24431846;LXP;11.04.2022;46.500283;6.660889;1;0
S3B_OL_1_EFR____20220412T100000_20220412T100300_20240523T201704_0179_064_350_2160_MAR_R_NT_004.SEN3;c180082d-4f1e-3804-98e4-4ff978bc1138;S3B;OLCI;L2_THETIS_GRID_20220410_20220420.nc;1.889569702;0.415740008;0.22001835;LXP;12.04.2022;46.500283;6.660889;1;0
S3B_OL_1_EFR____20220413T093349_20220413T093649_20240523T190349_0179_064_364_2160_MAR_R_NT_004.SEN3;ff590c1d-d62d-3dee-9f5c-9c6fb34d6bd9;S3B;OLCI;L2_THETIS_GRID_20220410_20220420.nc;1.760346999;0.508471925;0.288847554;LXP;13.04.2022;46.500283;6.660889;1;0
S3A_OL_1_EFR____20220413T101314_20220413T101614_20240605T022708_0179_084_122_2160_MAR_R_NT_004.SEN3;0d8e5f9d-5f5d-3012-b4eb-be64454ae018;S3A;OLCI;L2_THETIS_GRID_20220410_20220420.nc;1.760346999;0.508471925;0.288847554;LXP;13.04.2022;46.500283;6.660889;1;0
S3A_OL_1_EFR____20220414T094703_20220414T095003_20240605T023124_0179_084_136_2160_MAR_R_NT_004.SEN3;12ca0faa-048c-36b8-b56a-450ae4309a1e;S3A;OLCI;L2_THETIS_GRID_20220410_20220420.nc;1.433294307;0.33156327;0.23132951;LXP;14.04.2022;46.500283;6.660889;0.430572289;0
S3A_OL_1_EFR____20220415T092053_20220415T092353_20240605T023314_0179_084_150_2160_MAR_R_NT_004.SEN3;0c41e307-8d09-34ae-9510-fd9f50fec32c;S3A;OLCI;L2_THETIS_GRID_20220410_20220420.nc;1.70059249;0.532239264;0.312972841;LXP;15.04.2022;46.500283;6.660889;0.99939759;0
S3B_OL_1_EFR____20220415T102227_20220415T102527_20240523T194041_0179_065_008_2160_MAR_R_NT_004.SEN3;400e7ba8-27f6-37a8-9b18-9086569f9bb1;S3B;OLCI;L2_THETIS_GRID_20220410_20220420.nc;1.70059249;0.532239264;0.312972841;LXP;15.04.2022;46.500283;6.660889;0.99939759;0
S3B_OL_1_EFR____20220416T095616_20220416T095916_20240523T210352_0179_065_022_2160_MAR_R_NT_004.SEN3;1eac74fb-dcea-3de2-8d2c-623b12f84897;S3B;OLCI;L2_THETIS_GRID_20220410_20220420.nc;1.035124674;0.033438453;0.032303793;LXP;16.04.2022;46.500283;6.660889;0.002409639;0
S3B_OL_1_EFR____20220417T093006_20220417T093306_20240523T194517_0179_065_036_2160_MAR_R_NT_004.SEN3;c7fdb808-a4d8-38c9-845d-a4f3e49ace45;S3B;OLCI;L2_THETIS_GRID_20220410_20220420.nc;1.130174784;0.341889949;0.302510686;LXP;17.04.2022;46.500283;6.660889;0.002409639;0
S3A_OL_1_EFR____20220417T100931_20220417T101231_20240605T032246_0179_084_179_2160_MAR_R_NT_004.SEN3;cc76e555-13b6-37a2-b68d-cb5395ff4ac1;S3A;OLCI;L2_THETIS_GRID_20220410_20220420.nc;1.130174784;0.341889949;0.302510686;LXP;17.04.2022;46.500283;6.660889;0.002409639;0
S3A_OL_1_EFR____20220418T094320_20220418T094620_20240605T032902_0180_084_193_2160_MAR_R_NT_004.SEN3;44b154a8-23d3-38db-bb3b-cf8d68c5997e;S3A;OLCI;L2_THETIS_GRID_20220410_20220420.nc;2.501678038;0.915778869;0.366065839;LXP;18.04.2022;46.500283;6.660889;0.043373494;0
S3B_OL_1_EFR____20220419T101843_20220419T102143_20240523T202606_0179_065_065_2160_MAR_R_NT_004.SEN3;6a651358-4257-3af6-aa25-aac5172659d3;S3B;OLCI;L2_THETIS_GRID_20220410_20220420.nc;2.267577407;0.514182434;0.226754082;LXP;19.04.2022;46.500283;6.660889;0.931626506;0
S3B_OL_1_EFR____20220420T095232_20220420T095532_20240523T191414_0179_065_079_2160_MAR_R_NT_004.SEN3;2b7bab8a-68c1-30b8-890d-60d4e41d1707;S3B;OLCI;L2_THETIS_GRID_20220420_20220430.nc;2.109008524;0.883287555;0.418816494;LXP;20.04.2022;46.500283;6.660889;1;0
S3B_OL_1_EFR____20220421T092622_20220421T092922_20240523T202859_0179_065_093_2160_MAR_R_NT_004.SEN3;d5e4396a-0677-30d5-8e49-929d42898804;S3B;OLCI;L2_THETIS_GRID_20220420_20220430.nc;3.262574138;0.9324042;0.285787897;LXP;21.04.2022;46.500283;6.660889;0.99246988;0
S3A_OL_1_EFR____20220421T100547_20220421T100847_20240605T030047_0179_084_236_2160_MAR_R_NT_004.SEN3;3734ae44-4e62-3962-aed7-bc4a686b5cfc;S3A;OLCI;L2_THETIS_GRID_20220420_20220430.nc;3.262574138;0.9324042;0.285787897;LXP;21.04.2022;46.500283;6.660889;0.99246988;0
S3A_OL_1_EFR____20220422T093937_20220422T094237_20240605T030137_0179_084_250_2160_MAR_R_NT_004.SEN3;16ef1b16-82d0-3023-b228-6d360c1c61b6;S3A;OLCI;L2_THETIS_GRID_20220420_20220430.nc;3.192075566;0.922068823;0.28886184;LXP;22.04.2022;46.500283;6.660889;1;0
S3B_OL_1_EFR____20220423T101459_20220423T101759_20240523T213509_0179_065_122_2160_MAR_R_NT_004.SEN3;373f136c-61b3-384c-b393-a18e321cd715;S3B;OLCI;L2_THETIS_GRID_20220420_20220430.nc;3.894126111;0.404780893;0.103946529;LXP;23.04.2022;46.500283;6.660889;1;0
S3B_OL_1_EFR____20220424T094848_20220424T095148_20240523T203935_0179_065_136_2160_MAR_R_NT_004.SEN3;b255575c-fb8c-37bd-9db7-0572321f3b89;S3B;OLCI;L2_THETIS_GRID_20220420_20220430.nc;2.694755192;0.279156208;0.103592419;LXP;24.04.2022;46.500283;6.660889;1;0
S3B_OL_1_EFR____20220425T092237_20220425T092537_20240523T215540_0179_065_150_2160_MAR_R_NT_004.SEN3;59a6a8b2-e47c-3b6a-b89c-8fc2915734e5;S3B;OLCI;L2_THETIS_GRID_20220420_20220430.nc;3.754572011;0.581714777;0.154935043;LXP;25.04.2022;46.500283;6.660889;0.999849398;0
S3A_OL_1_EFR____20220425T100204_20220425T100504_20240605T035020_0179_084_293_2160_MAR_R_NT_004.SEN3;706d59e1-f83e-3b1b-b8e9-2f60218779be;S3A;OLCI;L2_THETIS_GRID_20220420_20220430.nc;3.754572011;0.581714777;0.154935043;LXP;25.04.2022;46.500283;6.660889;0.999849398;0
S3A_OL_1_EFR____20220426T093553_20220426T093853_20240605T035032_0179_084_307_2160_MAR_R_NT_004.SEN3;f445ae96-5ba3-3c08-a758-095d2f414087;S3A;OLCI;L2_THETIS_GRID_20220420_20220430.nc;2.214160283;0.460809082;0.208119116;LXP;26.04.2022;46.500283;6.660889;0.957680723;0
S3B_OL_1_EFR____20220427T101115_20220427T101415_20240523T201938_0179_065_179_2160_MAR_R_NT_004.SEN3;0e90c22e-b289-3ce1-abb9-357a3f016aef;S3B;OLCI;L2_THETIS_GRID_20220420_20220430.nc;1.835250143;0.582548955;0.3174221;LXP;27.04.2022;46.500283;6.660889;0.003162651;0
S3A_OL_1_EFR____20220428T102430_20220428T102730_20240605T030838_0179_084_336_2160_MAR_R_NT_004.SEN3;97ec9f31-6276-340a-b57a-8eca6ce2f674;S3A;OLCI;L2_THETIS_GRID_20220420_20220430.nc;1.61932268;0.467895731;0.288945333;LXP;28.04.2022;46.500283;6.660889;0.374698795;0
S3B_OL_1_EFR____20220428T094504_20220428T094804_20240523T213214_0179_065_193_2160_MAR_R_NT_004.SEN3;b1d01566-cf7d-3946-a2b1-0260c8e66222;S3B;OLCI;L2_THETIS_GRID_20220420_20220430.nc;1.61932268;0.467895731;0.288945333;LXP;28.04.2022;46.500283;6.660889;0.374698795;0
S3B_OL_1_EFR____20220429T091854_20220429T092154_20240523T202413_0179_065_207_2160_MAR_R_NT_004.SEN3;232e458f-b501-3574-9d67-11b14d9938e4;S3B;OLCI;L2_THETIS_GRID_20220420_20220430.nc;1.333633279;0.358148971;0.268551315;LXP;29.04.2022;46.500283;6.660889;1;0
S3A_OL_1_EFR____20220429T095819_20220429T100119_20240605T030944_0179_084_350_2160_MAR_R_NT_004.SEN3;28c6481d-0af5-3730-a0b3-4df656269b34;S3A;OLCI;L2_THETIS_GRID_20220420_20220430.nc;1.333633279;0.358148971;0.268551315;LXP;29.04.2022;46.500283;6.660889;1;0
S3A_OL_1_EFR____20220430T093209_20220430T093509_20240605T031409_0179_084_364_2160_MAR_R_NT_004.SEN3;565dae69-52a0-301c-84d1-8cf80ffcf7d1;S3A;OLCI;L2_THETIS_GRID_20220430_20220510.nc;1.268365044;0.330658552;0.260696677;LXP;30.04.2022;46.500283;6.660889;0.240963855;0
S3B_OL_1_EFR____20220501T100732_20220501T101032_20240523T211229_0179_065_236_2160_MAR_R_NT_004.SEN3;e8cbe493-570c-35ad-9975-eb93d3595385;S3B;OLCI;L2_THETIS_GRID_20220430_20220510.nc;1.408048023;0.24364474;0.173037237;LXP;01.05.2022;46.500283;6.660889;0.009789157;0
S3B_OL_1_EFR____20220502T094121_20220502T094421_20240523T222508_0179_065_250_2160_MAR_R_NT_004.SEN3;7cb88fff-6572-3f28-93af-de7c1f79dbfa;S3B;OLCI;L2_THETIS_GRID_20220430_20220510.nc;1.478607287;0.4124524;0.278946549;LXP;02.05.2022;46.500283;6.660889;0.877560241;0
S3A_OL_1_EFR____20220502T102046_20220502T102346_20240605T041242_0179_085_008_2160_MAR_R_NT_004.SEN3;9c92d6a3-76eb-3480-8f0d-0488acd88229;S3A;OLCI;L2_THETIS_GRID_20220430_20220510.nc;1.478607287;0.4124524;0.278946549;LXP;02.05.2022;46.500283;6.660889;0.877560241;0
S3A_OL_1_EFR____20220503T095435_20220503T095735_20240605T041616_0179_085_022_2160_MAR_R_NT_004.SEN3;02bc14a0-d3c9-3860-a0b0-6697f6b98219;S3A;OLCI;L2_THETIS_GRID_20220430_20220510.nc;1.651816477;0.578416041;0.350169676;LXP;03.05.2022;46.500283;6.660889;0.204518072;0
S3A_OL_1_EFR____20220504T092824_20220504T093124_20240605T042325_0179_085_036_2160_MAR_R_NT_004.SEN3;5e49633a-2afc-364c-9af1-7d6e56f465b4;S3A;OLCI;L2_THETIS_GRID_20220430_20220510.nc;1.604385854;0.396902289;0.247385807;LXP;04.05.2022;46.500283;6.660889;0.962801205;0
S3B_OL_1_EFR____20220505T100349_20220505T100649_20240523T215602_0179_065_293_2160_MAR_R_NT_004.SEN3;69965164-848e-38d9-8549-d09432a3e911;S3B;OLCI;L2_THETIS_GRID_20220430_20220510.nc;1.926007762;0.323210115;0.167813506;LXP;05.05.2022;46.500283;6.660889;1;0
S3A_OL_1_EFR____20220506T101701_20220506T102001_20240605T035616_0179_085_065_2160_MAR_R_NT_004.SEN3;62c65ea6-a788-38a2-925c-7a91c185d673;S3A;OLCI;L2_THETIS_GRID_20220430_20220510.nc;2.383038411;0.577224006;0.242221864;LXP;06.05.2022;46.500283;6.660889;1;0
S3B_OL_1_EFR____20220506T093738_20220506T094038_20240523T205747_0179_065_307_2160_MAR_R_NT_004.SEN3;5db2991e-fd39-3382-a06a-2a2c422505fb;S3B;OLCI;L2_THETIS_GRID_20220430_20220510.nc;2.383038411;0.577224006;0.242221864;LXP;06.05.2022;46.500283;6.660889;1;0
S3A_OL_1_EFR____20220507T095050_20220507T095350_20240605T035814_0179_085_079_2160_MAR_R_NT_004.SEN3;766f8b86-dd11-3ffa-b1e5-9cf78c60a35c;S3A;OLCI;L2_THETIS_GRID_20220430_20220510.nc;2.979557493;0.585170995;0.196395269;LXP;07.05.2022;46.500283;6.660889;0.560993976;0
S3A_OL_1_EFR____20220508T092439_20220508T092739_20240605T040021_0179_085_093_2160_MAR_R_NT_004.SEN3;75db0d95-f33c-3731-bb8f-cd232af5c363;S3A;OLCI;L2_THETIS_GRID_20220430_20220510.nc;2.656853765;0.803800709;0.302538559;LXP;08.05.2022;46.500283;6.660889;0.999698795;0
S3B_OL_1_EFR____20220508T102616_20220508T102916_20240523T214149_0179_065_336_2160_MAR_R_NT_004.SEN3;b0c3c75c-6a98-3b5f-b834-ca1a2ea42457;S3B;OLCI;L2_THETIS_GRID_20220430_20220510.nc;2.656853765;0.803800709;0.302538559;LXP;08.05.2022;46.500283;6.660889;0.999698113;0
S3B_OL_1_EFR____20220509T100005_20220509T100305_20240523T225213_0179_065_350_2160_MAR_R_NT_004.SEN3;b41dfb04-39aa-37f5-9d43-35d205bd4d10;S3B;OLCI;L2_THETIS_GRID_20220430_20220510.nc;2.418344444;0.714066409;0.295270763;LXP;09.05.2022;46.500283;6.660889;0.434186747;0
S3A_OL_1_EFR____20220510T101316_20220510T101616_20240605T044407_0179_085_122_2160_MAR_R_NT_004.SEN3;11b0705c-1790-331e-afb2-bcb2e0c73d9f;S3A;OLCI;L2_THETIS_GRID_20220510_20220520.nc;2.331708201;0.656194279;0.281422126;LXP;10.05.2022;46.500283;6.660889;0.285240964;0
S3B_OL_1_EFR____20220510T093355_20220510T093655_20240523T215119_0179_065_364_2160_MAR_R_NT_004.SEN3;0f4e3b4e-7e71-3ec1-8c29-67ba64a3ca9d;S3B;OLCI;L2_THETIS_GRID_20220510_20220520.nc;2.331708201;0.656194279;0.281422126;LXP;10.05.2022;46.500283;6.660889;0.285240964;0
S3A_OL_1_EFR____20220511T094705_20220511T095005_20240605T044457_0179_085_136_2160_MAR_R_NT_004.SEN3;531d015e-e20f-315b-881e-054bb02bb625;S3A;OLCI;L2_THETIS_GRID_20220510_20220520.nc;2.798449888;0.895177188;0.31988323;LXP;11.05.2022;46.500283;6.660889;0.006174699;0
S3A_OL_1_EFR____20220512T092054_20220512T092354_20240605T044519_0179_085_150_2160_MAR_R_NT_004.SEN3;fd3b8227-e3f3-30ea-bdb9-928560425118;S3A;OLCI;L2_THETIS_GRID_20220510_20220520.nc;2.65175781;0.760390777;0.286749708;LXP;12.05.2022;46.500283;6.660889;0.947439759;0
S3B_OL_1_EFR____20220512T102232_20220512T102532_20240523T222742_0179_066_008_2160_MAR_R_NT_004.SEN3;9f32f571-eda7-3183-986b-427c62d39c53;S3B;OLCI;L2_THETIS_GRID_20220510_20220520.nc;2.65175781;0.760390777;0.286749708;LXP;12.05.2022;46.500283;6.660889;0.947439759;0
S3B_OL_1_EFR____20220513T095622_20220513T095922_20240523T211408_0180_066_022_2160_MAR_R_NT_004.SEN3;0b3f3c0b-6121-3234-86d5-a6437ca94064;S3B;OLCI;L2_THETIS_GRID_20220510_20220520.nc;3.973580698;0.400874133;0.10088486;LXP;13.05.2022;46.500283;6.660889;1;0
S3A_OL_1_EFR____20220514T100931_20220514T101231_20240605T042038_0179_085_179_2160_MAR_R_NT_004.SEN3;dc5fef8d-3e5a-3abf-8ec4-db511023a8ca;S3A;OLCI;L2_THETIS_GRID_20220510_20220520.nc;4.488838709;0.426310769;0.094971283;LXP;14.05.2022;46.500283;6.660889;0.137048193;0
S3B_OL_1_EFR____20220514T093011_20220514T093311_20240523T223307_0179_066_036_2160_MAR_R_NT_004.SEN3;fafeb985-4bb0-3ec3-8bd6-e69d8f3c35c9;S3B;OLCI;L2_THETIS_GRID_20220510_20220520.nc;4.488838709;0.426310769;0.094971283;LXP;14.05.2022;46.500283;6.660889;0.137048193;0
S3A_OL_1_EFR____20220515T094320_20220515T094620_20240605T042440_0179_085_193_2160_MAR_R_NT_004.SEN3;431d9878-2f8a-3ead-a154-d8b2aa8872ee;S3A;OLCI;L2_THETIS_GRID_20220510_20220520.nc;2.832945499;1.037668467;0.366286068;LXP;15.05.2022;46.500283;6.660889;0.996987952;0
S3B_OL_1_EFR____20220516T101849_20220516T102149_20240523T231115_0179_066_065_2160_MAR_R_NT_004.SEN3;19be139b-fad8-3b6f-935d-e526eade56ed;S3B;OLCI;L2_THETIS_GRID_20220510_20220520.nc;3.058808907;0.819563975;0.267935657;LXP;16.05.2022;46.500283;6.660889;1;0
S3B_OL_1_EFR____20220517T095238_20220517T095538_20240523T215651_0179_066_079_2160_MAR_R_NT_004.SEN3;c765e171-77ac-3f90-b028-1d1e1af93d0d;S3B;OLCI;L2_THETIS_GRID_20220510_20220520.nc;3.11843854;1.543697031;0.495022432;LXP;17.05.2022;46.500283;6.660889;1;0
S3A_OL_1_EFR____20220518T100546_20220518T100846_20240605T050706_0179_085_236_2160_MAR_R_NT_004.SEN3;ddf20840-c6aa-3424-9b42-32e4e88d585b;S3A;OLCI;L2_THETIS_GRID_20220510_20220520.nc;3.162557484;1.916052169;0.605855286;LXP;18.05.2022;46.500283;6.660889;0.003463855;0
S3B_OL_1_EFR____20220518T092627_20220518T092927_20240523T231553_0179_066_093_2160_MAR_R_NT_004.SEN3;781a1be3-c368-33af-aba6-18b221150bd6;S3B;OLCI;L2_THETIS_GRID_20220510_20220520.nc;3.162557484;1.916052169;0.605855286;LXP;18.05.2022;46.500283;6.660889;0.003463855;0
S3A_OL_1_EFR____20220519T093935_20220519T094235_20240605T051558_0179_085_250_2160_MAR_R_NT_004.SEN3;e4469582-816d-38ec-8508-bae514d5db9d;S3A;OLCI;L2_THETIS_GRID_20220510_20220520.nc;3.138463845;1.898132211;0.604796584;LXP;19.05.2022;46.500283;6.660889;1;0
S3B_OL_1_EFR____20220520T101504_20220520T101804_20240523T213117_0179_066_122_2160_MAR_R_NT_004.SEN3;185a9c36-eb17-39b0-a1f4-1855203ecca7;S3B;OLCI;L2_THETIS_GRID_20220520_20220530.nc;2.437368044;1.628095844;0.667972918;LXP;20.05.2022;46.500283;6.660889;0.689909639;0
S3B_OL_1_EFR____20220521T094853_20220521T095153_20240523T224142_0179_066_136_2160_MAR_R_NT_004.SEN3;cd7e8c71-2025-3a56-b5d1-28f6272cb718;S3B;OLCI;L2_THETIS_GRID_20220520_20220530.nc;4.023479803;1.566268267;0.389282001;LXP;21.05.2022;46.500283;6.660889;0.01746988;0
S3A_OL_1_EFR____20220522T100202_20220522T100502_20240605T043850_0179_085_293_2160_MAR_R_NT_004.SEN3;585624d6-ada5-343a-b46a-c60fa623a329;S3A;OLCI;L2_THETIS_GRID_20220520_20220530.nc;2.426610178;0.645211502;0.26589005;LXP;22.05.2022;46.500283;6.660889;1;0
S3B_OL_1_EFR____20220522T092242_20220522T092542_20240523T213340_0179_066_150_2160_MAR_R_NT_004.SEN3;9055449c-ec4c-3dd8-ae5e-aac391d4f854;S3B;OLCI;L2_THETIS_GRID_20220520_20220530.nc;2.426610178;0.645211502;0.26589005;LXP;22.05.2022;46.500283;6.660889;1;0
S3A_OL_1_EFR____20220523T093551_20220523T093851_20240605T044527_0180_085_307_2160_MAR_R_NT_004.SEN3;af03f515-3125-3398-a2db-fb695e8ed887;S3A;OLCI;L2_THETIS_GRID_20220520_20220530.nc;2.325622418;0.833161673;0.3582532;LXP;23.05.2022;46.500283;6.660889;1;0
S3B_OL_1_EFR____20220524T101120_20220524T101420_20240523T221134_0179_066_179_2160_MAR_R_NT_004.SEN3;b09bd6bf-74ea-3ad1-bb96-9fa92de00ef9;S3B;OLCI;L2_THETIS_GRID_20220520_20220530.nc;2.201568219;0.512609228;0.232838221;LXP;24.05.2022;46.500283;6.660889;1;0
S3A_OL_1_EFR____20220525T102429_20220525T102729_20240605T053443_0179_085_336_2160_MAR_R_NT_004.SEN3;0c0af9ac-14dc-31c4-842f-8ffa18963294;S3A;OLCI;L2_THETIS_GRID_20220520_20220530.nc;1.634630683;0.368630567;0.22551306;LXP;25.05.2022;46.500283;6.660889;0.731174699;0
S3B_OL_1_EFR____20220525T094509_20220525T094809_20240523T232057_0180_066_193_2160_MAR_R_NT_004.SEN3;8eda8bbf-990d-3004-9d17-b83e2380a4a1;S3B;OLCI;L2_THETIS_GRID_20220520_20220530.nc;1.634630683;0.368630567;0.22551306;LXP;25.05.2022;46.500283;6.660889;0.731174699;0
S3A_OL_1_EFR____20220526T095818_20220526T100118_20240605T054715_0179_085_350_2160_MAR_R_NT_004.SEN3;6516e90b-30c1-391e-a1b4-2d6653a172e8;S3A;OLCI;L2_THETIS_GRID_20220520_20220530.nc;1.353365937;0.255291583;0.188634556;LXP;26.05.2022;46.500283;6.660889;0.003614458;0
S3B_OL_1_EFR____20220526T091858_20220526T092158_20240523T221254_0179_066_207_2160_MAR_R_NT_004.SEN3;75f16442-f480-3023-a352-4fd1936fdc84;S3B;OLCI;L2_THETIS_GRID_20220520_20220530.nc;1.353365937;0.255291583;0.188634556;LXP;26.05.2022;46.500283;6.660889;0.003614458;0
S3A_OL_1_EFR____20220527T093207_20220527T093507_20240605T054938_0179_085_364_2160_MAR_R_NT_004.SEN3;a55c1532-8ee8-3a04-9ab1-02953b4c8a00;S3A;OLCI;L2_THETIS_GRID_20220520_20220530.nc;1.236842725;0.339573094;0.274548321;LXP;27.05.2022;46.500283;6.660889;0.010391566;0
S3B_OL_1_EFR____20220528T100736_20220528T101036_20240523T225034_0179_066_236_2160_MAR_R_NT_004.SEN3;b2b1f847-8409-3d3c-bb9e-d138a78f8d0f;S3B;OLCI;L2_THETIS_GRID_20220520_20220530.nc;1.237202127;0.347242444;0.280667513;LXP;28.05.2022;46.500283;6.660889;0.106475904;0
S3A_OL_1_EFR____20220529T102045_20220529T102345_20240605T052137_0179_086_008_2160_MAR_R_NT_004.SEN3;b7d041a1-9017-36a3-b679-d7f9d185af82;S3A;OLCI;L2_THETIS_GRID_20220520_20220530.nc;1.535800844;0.428947471;0.27929889;LXP;29.05.2022;46.500283;6.660889;0.910391566;0
S3B_OL_1_EFR____20220529T094126_20220529T094426_20240523T214027_0179_066_250_2160_MAR_R_NT_004.SEN3;669321e4-502f-3c85-a55e-888a6c6ad062;S3B;OLCI;L2_THETIS_GRID_20220520_20220530.nc;1.535800844;0.428947471;0.27929889;LXP;29.05.2022;46.500283;6.660889;0.910391566;0
S3A_OL_1_EFR____20220530T095434_20220530T095734_20240605T052211_0180_086_022_2160_MAR_R_NT_004.SEN3;3d4ed94b-9907-3734-8588-905dcc0992e7;S3A;OLCI;L2_THETIS_GRID_20220530_20220609.nc;1.608033909;0.280680278;0.174548731;LXP;30.05.2022;46.500283;6.660889;0.624849398;0
S3A_OL_1_EFR____20220531T092823_20220531T093123_20240605T052402_0179_086_036_2160_MAR_R_NT_004.SEN3;4590321a-17c3-3751-9990-df32cfda4334;S3A;OLCI;L2_THETIS_GRID_20220530_20220609.nc;1.683019835;0.286639889;0.17031284;LXP;31.05.2022;46.500283;6.660889;0.998343373;0
S3B_OL_1_EFR____20220601T100353_20220601T100653_20240523T233549_0179_066_293_2160_MAR_R_NT_004.SEN3;5db11163-ddce-3b06-995a-0f6496896932;S3B;OLCI;L2_THETIS_GRID_20220530_20220609.nc;1.630909857;0.221315069;0.135700369;LXP;01.06.2022;46.500283;6.660889;1;0
S3A_OL_1_EFR____20220602T101700_20220602T102000_20240605T060744_0179_086_065_2160_MAR_R_NT_004.SEN3;39b687fe-a2c9-3994-b525-72570af03b09;S3A;OLCI;L2_THETIS_GRID_20220530_20220609.nc;1.360188881;0.205574983;0.151137085;LXP;02.06.2022;46.500283;6.660889;0.998493976;0
S3B_OL_1_EFR____20220602T093742_20220602T094042_20240523T223407_0179_066_307_2160_MAR_R_NT_004.SEN3;50c40586-ce27-3e8b-8a21-d2a353692c40;S3B;OLCI;L2_THETIS_GRID_20220530_20220609.nc;1.360188881;0.205574983;0.151137085;LXP;02.06.2022;46.500283;6.660889;0.998493976;0
S3A_OL_1_EFR____20220603T095049_20220603T095349_20240605T061131_0179_086_079_2160_MAR_R_NT_004.SEN3;baf50d71-c188-3482-8094-c2b90b734e83;S3A;OLCI;L2_THETIS_GRID_20220530_20220609.nc;1.421837928;0.172822378;0.121548578;LXP;03.06.2022;46.500283;6.660889;0.99939759;0
S3B_OL_1_EFR____20220604T102620_20220604T102920_20240523T230821_0179_066_336_2160_MAR_R_NT_004.SEN3;88f2c78c-9d99-31f2-9abf-13d1e06173c1;S3B;OLCI;L2_THETIS_GRID_20220530_20220609.nc;1.174030663;0.153978517;0.131153744;LXP;04.06.2022;46.500283;6.660889;1;0
S3A_OL_1_EFR____20220604T092438_20220604T092738_20240605T061257_0180_086_093_2160_MAR_R_NT_004.SEN3;264639c5-d17f-3b8f-a592-d94f148d4993;S3A;OLCI;L2_THETIS_GRID_20220530_20220609.nc;1.174030663;0.153978517;0.131153744;LXP;04.06.2022;46.500283;6.660889;1;0
S3B_OL_1_EFR____20220605T100009_20220605T100309_20240523T222100_0179_066_350_2160_MAR_R_NT_004.SEN3;2e71906c-2f39-310a-acce-64804bd4a2cb;S3B;OLCI;L2_THETIS_GRID_20220530_20220609.nc;1.581640418;0.266499841;0.168495846;LXP;05.06.2022;46.500283;6.660889;1;0
S3A_OL_1_EFR____20220606T101315_20220606T101615_20240605T054140_0179_086_122_2160_MAR_R_NT_004.SEN3;f20de977-8be7-3031-b9ed-5b4d05d28909;S3A;OLCI;L2_THETIS_GRID_20220530_20220609.nc;1.414031543;0.308661934;0.218285041;LXP;06.06.2022;46.500283;6.660889;0.943524096;0
S3B_OL_1_EFR____20220606T093359_20220606T093659_20240523T232809_0180_066_364_2160_MAR_R_NT_004.SEN3;297c1d4e-7a59-3941-a249-d8e2bc2b6ff3;S3B;OLCI;L2_THETIS_GRID_20220530_20220609.nc;1.414031543;0.308661934;0.218285041;LXP;06.06.2022;46.500283;6.660889;0.943524096;0
S3A_OL_1_EFR____20220607T094704_20220607T095004_20240605T054635_0179_086_136_2160_MAR_R_NT_004.SEN3;215b2f24-12c0-3ade-8fb3-6d9cd1584c3a;S3A;OLCI;L2_THETIS_GRID_20220530_20220609.nc;1.77458851;0.322453883;0.181706284;LXP;07.06.2022;46.500283;6.660889;0.82936747;0
S3A_OL_1_EFR____20220608T092053_20220608T092353_20240605T054841_0179_086_150_2160_MAR_R_NT_004.SEN3;daccec76-fbe7-30e5-9e6d-a91b9fd5f167;S3A;OLCI;L2_THETIS_GRID_20220530_20220609.nc;;;;LXP;08.06.2022;46.500283;6.660889;1;0
S3B_OL_1_EFR____20220608T102236_20220608T102536_20240524T001535_0179_067_008_2160_MAR_R_NT_004.SEN3;8c725a2a-34b4-3060-81a7-826d40f8258f;S3B;OLCI;L2_THETIS_GRID_20220530_20220609.nc;;;;LXP;08.06.2022;46.500283;6.660889;1;0
S3B_OL_1_EFR____20220616T101508_20220616T101808_20240523T234544_0179_067_122_2160_MAR_R_NT_004.SEN3;c4b32db5-e9f9-31b2-a7b8-c2b997d58551;S3B;OLCI;L2_THETIS_GRID_20220609_20220619.nc;1.240385871;0.237835917;0.191743491;LXP;16.06.2022;46.500283;6.660889;0.722590361;0
S3B_OL_1_EFR____20220617T094857_20220617T095157_20240524T005537_0179_067_136_2160_MAR_R_NT_004.SEN3;9181df32-27f9-3a9f-8a36-606d752529a2;S3B;OLCI;L2_THETIS_GRID_20220609_20220619.nc;1.33808033;0.383952604;0.286942866;LXP;17.06.2022;46.500283;6.660889;1;0
S3A_OL_1_EFR____20220618T100201_20220618T100501_20240605T090517_0179_086_293_2160_MAR_R_NT_004.SEN3;1f3f657d-6325-33ac-9ff3-5d47a093b5ed;S3A;OLCI;L2_THETIS_GRID_20220609_20220619.nc;1.203951568;0.355136609;0.294975827;LXP;18.06.2022;46.500283;6.660889;0.675;0
S3B_OL_1_EFR____20220618T092246_20220618T092546_20240524T000323_0179_067_150_2160_MAR_R_NT_004.SEN3;c47ab47f-1457-3515-9bf7-9a9009185bda;S3B;OLCI;L2_THETIS_GRID_20220609_20220619.nc;1.203951568;0.355136609;0.294975827;LXP;18.06.2022;46.500283;6.660889;0.675;0
S3A_OL_1_EFR____20220619T093550_20220619T093850_20240605T090454_0179_086_307_2160_MAR_R_NT_004.SEN3;92a7d39d-a189-317c-9ac4-9e1a8e41976d;S3A;OLCI;L2_THETIS_GRID_20220619_20220629.nc;1.051730573;0.191235227;0.181829103;LXP;19.06.2022;46.500283;6.660889;1;0
S3B_OL_1_EFR____20220620T101124_20220620T101424_20240524T004111_0179_067_179_2160_MAR_R_NT_004.SEN3;55a1410a-16b7-3a71-83d0-204e64920b98;S3B;OLCI;L2_THETIS_GRID_20220619_20220629.nc;1.141940652;0.215328048;0.188563257;LXP;20.06.2022;46.500283;6.660889;0.510391566;0
S3A_OL_1_EFR____20220621T102428_20220621T102728_20240605T090349_0179_086_336_2160_MAR_R_NT_004.SEN3;8fbbf28b-ac8b-3299-8a68-5d3935973078;S3A;OLCI;L2_THETIS_GRID_20220619_20220629.nc;1.202649168;0.267653013;0.222552861;LXP;21.06.2022;46.500283;6.660889;1;0
S3B_OL_1_EFR____20220621T094513_20220621T094813_20240523T233129_0180_067_193_2160_MAR_R_NT_004.SEN3;e65b5dc8-544c-3828-8b34-abea18a3f35c;S3B;OLCI;L2_THETIS_GRID_20220619_20220629.nc;1.202649168;0.267653013;0.222552861;LXP;21.06.2022;46.500283;6.660889;1;0
S3A_OL_1_EFR____20220622T095817_20220622T100117_20240605T085542_0179_086_350_2160_MAR_R_NT_004.SEN3;52fa3c79-19c7-3972-ac54-434131dff384;S3A;OLCI;L2_THETIS_GRID_20220619_20220629.nc;1.303979686;0.246009165;0.188660274;LXP;22.06.2022;46.500283;6.660889;0.996385542;0
S3B_OL_1_EFR____20220622T091902_20220622T092202_20240524T005038_0179_067_207_2160_MAR_R_NT_004.SEN3;ec8c53ee-bb50-349e-9005-e98d4ea70670;S3B;OLCI;L2_THETIS_GRID_20220619_20220629.nc;1.303979686;0.246009165;0.188660274;LXP;22.06.2022;46.500283;6.660889;0.996385542;0
S3A_OL_1_EFR____20220623T093206_20220623T093506_20240605T085028_0179_086_364_2160_MAR_R_NT_004.SEN3;6cd2f7e1-97d0-392a-badd-eb9043539033;S3A;OLCI;L2_THETIS_GRID_20220619_20220629.nc;1.343337871;0.25126809;0.187047574;LXP;23.06.2022;46.500283;6.660889;0.670783133;0
S3B_OL_1_EFR____20220624T100739_20220624T101039_20240524T012942_0179_067_236_2160_MAR_R_NT_004.SEN3;5e51b01b-9cda-3edb-95e6-751c10da5f40;S3B;OLCI;L2_THETIS_GRID_20220619_20220629.nc;1.635660494;0.210192562;0.128506229;LXP;24.06.2022;46.500283;6.660889;1;0
S3B_OL_1_EFR____20220625T094128_20220625T094428_20240524T001837_0180_067_250_2160_MAR_R_NT_004.SEN3;45609bd0-c60c-3fc1-8ed4-17d0b31d415b;S3B;OLCI;L2_THETIS_GRID_20220619_20220629.nc;1.851823118;0.473451933;0.255668011;LXP;25.06.2022;46.500283;6.660889;0.919427711;0
S3A_OL_1_EFR____20220625T102043_20220625T102343_20240605T085628_0179_087_008_2160_MAR_R_NT_004.SEN3;d37413c5-5c15-30f6-9d97-f21f7a4768d0;S3A;OLCI;L2_THETIS_GRID_20220619_20220629.nc;1.851823118;0.473451933;0.255668011;LXP;25.06.2022;46.500283;6.660889;0.919427711;0
S3A_OL_1_EFR____20220626T095433_20220626T095733_20240605T090159_0179_087_022_2160_MAR_R_NT_004.SEN3;88fc22d1-6ad9-378c-ad97-f8822ce4679a;S3A;OLCI;L2_THETIS_GRID_20220619_20220629.nc;1.694502542;0.476215132;0.28103536;LXP;26.06.2022;46.500283;6.660889;0.073192771;0
S3A_OL_1_EFR____20220627T092822_20220627T093122_20240605T090657_0179_087_036_2160_MAR_R_NT_004.SEN3;6b32e493-bc71-3b35-af25-1564e7d93e93;S3A;OLCI;L2_THETIS_GRID_20220619_20220629.nc;2.408257979;0.650516125;0.270118954;LXP;27.06.2022;46.500283;6.660889;0.921987952;0
S3B_OL_1_EFR____20220628T100354_20220628T100654_20240523T235339_0179_067_293_2160_MAR_R_NT_004.SEN3;e2eb9ed7-e17c-3458-91c8-263a59cd92a0;S3B;OLCI;L2_THETIS_GRID_20220619_20220629.nc;2.267204641;0.331101679;0.146039609;LXP;28.06.2022;46.500283;6.660889;0.984036145;0
S3B_OL_1_EFR____20220629T093743_20220629T094043_20240524T010134_0179_067_307_2160_MAR_R_NT_004.SEN3;077d6010-020d-366b-8461-43c8a887373b;S3B;OLCI;L2_THETIS_GRID_20220629_20220709.nc;1.747023758;0.378410669;0.216603047;LXP;29.06.2022;46.500283;6.660889;0.12123494;0
S3A_OL_1_EFR____20220629T101659_20220629T101959_20240605T092807_0179_087_065_2160_MAR_R_NT_004.SEN3;85e26c25-50ce-336b-afff-5f1a1b24537d;S3A;OLCI;L2_THETIS_GRID_20220629_20220709.nc;1.747023758;0.378410669;0.216603047;LXP;29.06.2022;46.500283;6.660889;0.12123494;0
S3A_OL_1_EFR____20220630T095048_20220630T095348_20240605T093034_0179_087_079_2160_MAR_R_NT_004.SEN3;9fecbac5-9765-36e6-bc33-29cebc8c76fa;S3A;OLCI;L2_THETIS_GRID_20220629_20220709.nc;1.661007563;0.362569826;0.218283068;LXP;30.06.2022;46.500283;6.660889;0.224849398;0
S3B_OL_1_EFR____20220701T102621_20220701T102921_20240524T014127_0179_067_336_2160_MAR_R_NT_004.SEN3;8e97997c-9a94-3243-9428-cbabe9fe90e5;S3B;OLCI;L2_THETIS_GRID_20220629_20220709.nc;1.625397106;0.301472988;0.185476514;LXP;01.07.2022;46.500283;6.660889;0.990188679;0
S3A_OL_1_EFR____20220701T092437_20220701T092737_20240605T093532_0179_087_093_2160_MAR_R_NT_004.SEN3;4b635273-8d5c-3949-b731-b9496d289e96;S3A;OLCI;L2_THETIS_GRID_20220629_20220709.nc;1.625397106;0.301472988;0.185476514;LXP;01.07.2022;46.500283;6.660889;0.990210843;0
S3B_OL_1_EFR____20220702T100011_20220702T100311_20240524T003141_0179_067_350_2160_MAR_R_NT_004.SEN3;e69bb7a5-6b5d-3830-b860-6083e5ab15a5;S3B;OLCI;L2_THETIS_GRID_20220629_20220709.nc;1.283789777;0.271807761;0.211722952;LXP;02.07.2022;46.500283;6.660889;0.002861446;0
S3A_OL_1_EFR____20220703T101314_20220703T101614_20240605T094025_0179_087_122_2160_MAR_R_NT_004.SEN3;a87ec9d2-9cc3-3968-b9f2-73d618d12df9;S3A;OLCI;L2_THETIS_GRID_20220629_20220709.nc;1.168573236;0.152305972;0.130334982;LXP;03.07.2022;46.500283;6.660889;0.139909639;0
S3B_OL_1_EFR____20220703T093400_20220703T093700_20240524T014828_0179_067_364_2160_MAR_R_NT_004.SEN3;d901817b-758c-3ab8-8713-0fa890c894a0;S3B;OLCI;L2_THETIS_GRID_20220629_20220709.nc;1.168573236;0.152305972;0.130334982;LXP;03.07.2022;46.500283;6.660889;0.139909639;0
S3A_OL_1_EFR____20220704T094703_20220704T095003_20240605T094300_0180_087_136_2160_MAR_R_NT_004.SEN3;0963e3c7-db34-3ae9-b7e7-f58ad679aad8;S3A;OLCI;L2_THETIS_GRID_20220629_20220709.nc;1.198153335;0.178250241;0.148770809;LXP;04.07.2022;46.500283;6.660889;0.858433735;0
S3B_OL_1_EFR____20220705T102238_20220705T102538_20240524T000301_0179_068_008_2160_MAR_R_NT_004.SEN3;5dd4320c-98c4-3acb-aba1-2bfea00f44e1;S3B;OLCI;L2_THETIS_GRID_20220629_20220709.nc;1.194647834;0.245733928;0.205695705;LXP;05.07.2022;46.500283;6.660889;0.92936747;0
S3A_OL_1_EFR____20220705T092052_20220705T092352_20240605T094530_0179_087_150_2160_MAR_R_NT_004.SEN3;7f12c096-001e-30be-8e45-eece41d9bf2b;S3A;OLCI;L2_THETIS_GRID_20220629_20220709.nc;1.194647834;0.245733928;0.205695705;LXP;05.07.2022;46.500283;6.660889;0.92936747;0
S3B_OL_1_EFR____20220706T095627_20220706T095927_20240524T011603_0179_068_022_2160_MAR_R_NT_004.SEN3;aa3c95b9-c56f-3f4a-9978-710a36d6ff11;S3B;OLCI;L2_THETIS_GRID_20220629_20220709.nc;1.221142954;0.170616197;0.139718447;LXP;06.07.2022;46.500283;6.660889;0.003012048;0
S3B_OL_1_EFR____20220707T093016_20220707T093316_20240524T000458_0179_068_036_2160_MAR_R_NT_004.SEN3;b93917f8-8dc5-3177-a20d-4c7fbe7bb233;S3B;OLCI;L2_THETIS_GRID_20220629_20220709.nc;1.19094213;0.16109998;0.135271039;LXP;07.07.2022;46.500283;6.660889;0.016114458;0
S3A_OL_1_EFR____20220707T100929_20220707T101229_20240605T094913_0179_087_179_2160_MAR_R_NT_004.SEN3;7d73b8f4-acb6-309e-9168-0cd62f89a70b;S3A;OLCI;L2_THETIS_GRID_20220629_20220709.nc;1.19094213;0.16109998;0.135271039;LXP;07.07.2022;46.500283;6.660889;0.016114458;0
S3A_OL_1_EFR____20220708T094318_20220708T094618_20240605T095333_0179_087_193_2160_MAR_R_NT_004.SEN3;271d4f5c-d7b4-3a12-8419-8ae35a4a0d06;S3A;OLCI;L2_THETIS_GRID_20220629_20220709.nc;1.232887548;0.218016595;0.176834129;LXP;08.07.2022;46.500283;6.660889;0.003915663;0
S3B_OL_1_EFR____20220709T101854_20220709T102154_20240524T005008_0179_068_065_2160_MAR_R_NT_004.SEN3;d5989215-fd19-3d5c-9ef0-2853c241abad;S3B;OLCI;L2_THETIS_GRID_20220709_20220719.nc;1.309233686;0.24389265;0.186286568;LXP;09.07.2022;46.500283;6.660889;1;0
S3B_OL_1_EFR____20220710T095244_20220710T095544_20240524T015954_0179_068_079_2160_MAR_R_NT_004.SEN3;98ba4cc9-c913-3cab-9241-b57eb18a001f;S3B;OLCI;L2_THETIS_GRID_20220709_20220719.nc;1.642962727;0.370015706;0.225212477;LXP;10.07.2022;46.500283;6.660889;0.00496988;0
S3B_OL_1_EFR____20220711T092633_20220711T092933_20240524T005149_0179_068_093_2160_MAR_R_NT_004.SEN3;f9953bdb-f97f-3398-839a-84ff146b8740;S3B;OLCI;L2_THETIS_GRID_20220709_20220719.nc;1.460060205;0.218740551;0.149816117;LXP;11.07.2022;46.500283;6.660889;0.003162651;0
S3A_OL_1_EFR____20220711T100544_20220711T100844_20240605T100800_0179_087_236_2160_MAR_R_NT_004.SEN3;3d328f52-e292-31fa-9bbf-99300bed3ee2;S3A;OLCI;L2_THETIS_GRID_20220709_20220719.nc;1.460060205;0.218740551;0.149816117;LXP;11.07.2022;46.500283;6.660889;0.003162651;0
S3A_OL_1_EFR____20220712T093933_20220712T094233_20240605T100918_0179_087_250_2160_MAR_R_NT_004.SEN3;6ab84027-a7cc-391c-ab82-1818235fa7f3;S3A;OLCI;L2_THETIS_GRID_20220709_20220719.nc;1.189783089;0.223001455;0.187430345;LXP;12.07.2022;46.500283;6.660889;0.007831325;0
S3B_OL_1_EFR____20220713T101511_20220713T101811_20240524T013021_0179_068_122_2160_MAR_R_NT_004.SEN3;751de9f8-1e84-39d6-aa54-7a5e75ff9ba5;S3B;OLCI;L2_THETIS_GRID_20220709_20220719.nc;1.447110813;0.329976523;0.228024364;LXP;13.07.2022;46.500283;6.660889;0.077259036;0
S3B_OL_1_EFR____20220714T094900_20220714T095200_20240524T002146_0179_068_136_2160_MAR_R_NT_004.SEN3;5db65a77-7618-3018-b949-a860188ca05b;S3B;OLCI;L2_THETIS_GRID_20220709_20220719.nc;1.448425138;0.387276828;0.26737787;LXP;14.07.2022;46.500283;6.660889;0.011295181;0
S3A_OL_1_EFR____20220715T100159_20220715T100459_20240605T102104_0179_087_293_2160_MAR_R_NT_004.SEN3;672b6bde-9c41-39d6-ade7-3e5c49f6e652;S3A;OLCI;L2_THETIS_GRID_20220709_20220719.nc;1.363059042;0.305504934;0.224131842;LXP;15.07.2022;46.500283;6.660889;0.00376506;0
S3B_OL_1_EFR____20220715T092249_20220715T092549_20240524T013834_0179_068_150_2160_MAR_R_NT_004.SEN3;20763036-a95a-3b49-9c71-c65d445acd77;S3B;OLCI;L2_THETIS_GRID_20220709_20220719.nc;1.363059042;0.305504934;0.224131842;LXP;15.07.2022;46.500283;6.660889;0.00376506;0
S3A_OL_1_EFR____20220716T093548_20220716T093848_20240605T102834_0179_087_307_2160_MAR_R_NT_004.SEN3;b5fb4ec1-ba95-3a7d-8654-f335c6729d54;S3A;OLCI;L2_THETIS_GRID_20220709_20220719.nc;1.55902746;0.355768164;0.22819878;LXP;16.07.2022;46.500283;6.660889;0.036596386;0
S3B_OL_1_EFR____20220717T101127_20220717T101427_20240524T022116_0179_068_179_2160_MAR_R_NT_004.SEN3;facac095-c67e-3139-82f0-82b61bbc397c;S3B;OLCI;L2_THETIS_GRID_20220709_20220719.nc;1.647934212;0.278671871;0.16910376;LXP;17.07.2022;46.500283;6.660889;0.02876506;0
S3B_OL_1_EFR____20220718T094516_20220718T094816_20240524T011128_0179_068_193_2160_MAR_R_NT_004.SEN3;e7db9ceb-f575-309f-9c4c-2fad6e5360e5;S3B;OLCI;L2_THETIS_GRID_20220709_20220719.nc;1.702498261;0.351379915;0.206390763;LXP;18.07.2022;46.500283;6.660889;0.509939759;0
S3A_OL_1_EFR____20220718T102425_20220718T102725_20240605T103248_0179_087_336_2160_MAR_R_NT_004.SEN3;36f5a5ec-60f4-3199-91d2-f90d3b1b922d;S3A;OLCI;L2_THETIS_GRID_20220709_20220719.nc;1.702498261;0.351379915;0.206390763;LXP;18.07.2022;46.500283;6.660889;0.509939759;0
S3A_OL_1_EFR____20220719T095813_20220719T100113_20240605T103847_0179_087_350_2160_MAR_R_NT_004.SEN3;9c07f43a-7657-3e3e-a1d0-647661bae061;S3A;OLCI;L2_THETIS_GRID_20220719_20220729.nc;1.528935565;0.316563444;0.207048257;LXP;19.07.2022;46.500283;6.660889;0.007981928;0
S3B_OL_1_EFR____20220719T091905_20220719T092205_20240524T021958_0179_068_207_2160_MAR_R_NT_004.SEN3;05501bab-9db8-3bb6-a8d6-da86843f3eb4;S3B;OLCI;L2_THETIS_GRID_20220719_20220729.nc;1.528935565;0.316563444;0.207048257;LXP;19.07.2022;46.500283;6.660889;0.007981928;0
S3B_OL_1_EFR____20220725T100358_20220725T100658_20240524T015043_0180_068_293_2160_MAR_R_NT_004.SEN3;54d20181-d875-3999-a02e-0d1720a13312;S3B;OLCI;L2_THETIS_GRID_20220719_20220729.nc;1.829720808;0.314360667;0.171807997;LXP;25.07.2022;46.500283;6.660889;0.200903614;0
S3B_OL_1_EFR____20220726T093747_20220726T094047_20240524T025927_0179_068_307_2160_MAR_R_NT_004.SEN3;c7e9cd21-64f3-33d4-9dc5-f6be6bb511c2;S3B;OLCI;L2_THETIS_GRID_20220719_20220729.nc;1.790781283;0.382563107;0.213629163;LXP;26.07.2022;46.500283;6.660889;0.773945783;0
S3A_OL_1_EFR____20220726T101655_20220726T101955_20240605T104738_0179_088_065_2160_MAR_R_NT_004.SEN3;09f2d148-f63b-3f69-94cd-20b217452ed8;S3A;OLCI;L2_THETIS_GRID_20220719_20220729.nc;1.790781283;0.382563107;0.213629163;LXP;26.07.2022;46.500283;6.660889;0.773945783;0
S3A_OL_1_EFR____20220727T095044_20220727T095344_20240605T104729_0179_088_079_2160_MAR_R_NT_004.SEN3;1b9ab015-3fce-397b-9bf7-8dc174632d05;S3A;OLCI;L2_THETIS_GRID_20220719_20220729.nc;1.762646579;0.515071413;0.292214798;LXP;27.07.2022;46.500283;6.660889;0.422289157;0
S3B_OL_1_EFR____20220728T102624_20220728T102924_20240524T013145_0179_068_336_2160_MAR_R_NT_004.SEN3;7376060f-3322-3623-9f0e-253465dccd6b;S3B;OLCI;L2_THETIS_GRID_20220719_20220729.nc;1.871068513;0.434690598;0.232322117;LXP;28.07.2022;46.500283;6.660889;0.518339623;0
S3A_OL_1_EFR____20220728T092433_20220728T092733_20240605T104816_0179_088_093_2160_MAR_R_NT_004.SEN3;bacab10d-750c-3532-ab36-283311c13347;S3A;OLCI;L2_THETIS_GRID_20220719_20220729.nc;1.871068513;0.434690598;0.232322117;LXP;28.07.2022;46.500283;6.660889;0.518072289;0
S3B_OL_1_EFR____20220729T100013_20220729T100313_20240524T024319_0179_068_350_2160_MAR_R_NT_004.SEN3;4e5fd92e-f9aa-357b-b416-a6c2f666b37c;S3B;OLCI;L2_THETIS_GRID_20220729_20220808.nc;2.41903002;0.217515639;0.089918536;LXP;29.07.2022;46.500283;6.660889;1;0
S3B_OL_1_EFR____20220730T093402_20220730T093702_20240524T014054_0179_068_364_2160_MAR_R_NT_004.SEN3;93a553d4-349e-32fd-99eb-8d80a1840e9f;S3B;OLCI;L2_THETIS_GRID_20220729_20220808.nc;1.951480979;0.434573826;0.222689245;LXP;30.07.2022;46.500283;6.660889;0.102861446;0
S3A_OL_1_EFR____20220730T101311_20220730T101611_20240605T105051_0180_088_122_2160_MAR_R_NT_004.SEN3;68894f33-1676-384e-b044-533ecde433fd;S3A;OLCI;L2_THETIS_GRID_20220729_20220808.nc;1.951480979;0.434573826;0.222689245;LXP;30.07.2022;46.500283;6.660889;0.102861446;0
S3A_OL_1_EFR____20220731T094700_20220731T095000_20240605T105156_0179_088_136_2160_MAR_R_NT_004.SEN3;4d2efb22-15b8-3e14-ac14-6d7bd7bc1b00;S3A;OLCI;L2_THETIS_GRID_20220729_20220808.nc;1.865478223;0.344879909;0.184874797;LXP;31.07.2022;46.500283;6.660889;0.005722892;0
S3B_OL_1_EFR____20220801T102239_20220801T102539_20240524T022600_0179_069_008_2160_MAR_R_NT_004.SEN3;e3cad8a5-b7bb-3141-be1c-cfcb8ee139e5;S3B;OLCI;L2_THETIS_GRID_20220729_20220808.nc;1.869759398;0.327522843;0.175168443;LXP;01.08.2022;46.500283;6.660889;0.051957831;0
S3A_OL_1_EFR____20220801T092049_20220801T092349_20240605T105512_0179_088_150_2160_MAR_R_NT_004.SEN3;e2abfeb9-1e8b-3267-b7b3-8d66c9332edc;S3A;OLCI;L2_THETIS_GRID_20220729_20220808.nc;1.869759398;0.327522843;0.175168443;LXP;01.08.2022;46.500283;6.660889;0.051957831;0
S3B_OL_1_EFR____20220802T095628_20220802T095928_20240524T034305_0179_069_022_2160_MAR_R_NT_004.SEN3;c2f51296-e1b4-397c-b423-e8e18427b124;S3B;OLCI;L2_THETIS_GRID_20220729_20220808.nc;1.744144798;0.356806098;0.204573667;LXP;02.08.2022;46.500283;6.660889;0.003162651;0
S3A_OL_1_EFR____20220803T100926_20220803T101226_20240605T110358_0179_088_179_2160_MAR_R_NT_004.SEN3;43e62933-5620-3e84-8cf4-af800f4c4a9c;S3A;OLCI;L2_THETIS_GRID_20220729_20220808.nc;1.731529842;0.323722702;0.186957622;LXP;03.08.2022;46.500283;6.660889;0.001957831;0
S3B_OL_1_EFR____20220803T093017_20220803T093317_20240524T023128_0180_069_036_2160_MAR_R_NT_004.SEN3;a1e5c7df-f3f4-3eaf-95da-0af5ccb08af9;S3B;OLCI;L2_THETIS_GRID_20220729_20220808.nc;1.731529842;0.323722702;0.186957622;LXP;03.08.2022;46.500283;6.660889;0.001957831;0
S3A_OL_1_EFR____20220804T094315_20220804T094615_20240605T110755_0179_088_193_2160_MAR_R_NT_004.SEN3;1421993a-8ca1-3ab1-949c-4f196a5b1aeb;S3A;OLCI;L2_THETIS_GRID_20220729_20220808.nc;1.727591077;0.393436055;0.227736795;LXP;04.08.2022;46.500283;6.660889;0.057078313;0
S3B_OL_1_EFR____20220805T101854_20220805T102154_20240524T031815_0179_069_065_2160_MAR_R_NT_004.SEN3;c4c0a5a7-8ffa-3125-8992-3f3f6ec8c5e6;S3B;OLCI;L2_THETIS_GRID_20220729_20220808.nc;1.69701763;0.340273932;0.200512903;LXP;05.08.2022;46.500283;6.660889;0.593674699;0
S3B_OL_1_EFR____20220806T095243_20220806T095543_20240524T021244_0179_069_079_2160_MAR_R_NT_004.SEN3;38ab7189-7db2-3872-8e92-829781f2ae19;S3B;OLCI;L2_THETIS_GRID_20220729_20220808.nc;2.135103037;0.197515323;0.092508567;LXP;06.08.2022;46.500283;6.660889;0.507078313;0
S3B_OL_1_EFR____20220807T092632_20220807T092932_20240524T032225_0179_069_093_2160_MAR_R_NT_004.SEN3;7b7f622d-40ef-389e-b855-2629de4d1344;S3B;OLCI;L2_THETIS_GRID_20220729_20220808.nc;2.307778938;0.324267143;0.140510487;LXP;07.08.2022;46.500283;6.660889;0.873644578;0
S3A_OL_1_EFR____20220807T100541_20220807T100841_20240605T113604_0179_088_236_2160_MAR_R_NT_004.SEN3;65385247-b541-3c36-b86f-8da22bd1ed16;S3A;OLCI;L2_THETIS_GRID_20220729_20220808.nc;2.307778938;0.324267143;0.140510487;LXP;07.08.2022;46.500283;6.660889;0.873644578;0
S3A_OL_1_EFR____20220808T093930_20220808T094230_20240605T115215_0179_088_250_2160_MAR_R_NT_004.SEN3;591bc312-1602-30cc-83ac-084d97942ea1;S3A;OLCI;L2_THETIS_GRID_20220808_20220818.nc;2.266413433;0.195267871;0.086157216;LXP;08.08.2022;46.500283;6.660889;0.011596386;0
S3B_OL_1_EFR____20220809T101509_20220809T101809_20240524T040204_0179_069_122_2160_MAR_R_NT_004.SEN3;f5ac05e5-028a-3eea-94a6-daa52749204b;S3B;OLCI;L2_THETIS_GRID_20220808_20220818.nc;1.747827493;0.461956746;0.264303399;LXP;09.08.2022;46.500283;6.660889;0.051506024;0
S3B_OL_1_EFR____20220810T094859_20220810T095159_20240524T025338_0179_069_136_2160_MAR_R_NT_004.SEN3;993a8135-a78e-33fd-8256-5eb01eb0bcd7;S3B;OLCI;L2_THETIS_GRID_20220808_20220818.nc;1.952240385;0.352174079;0.180394833;LXP;10.08.2022;46.500283;6.660889;0.009939759;0
S3A_OL_1_EFR____20220811T100156_20220811T100456_20240605T115702_0179_088_293_2160_MAR_R_NT_004.SEN3;62704e7c-66e8-31f8-b3cf-bfce796ced79;S3A;OLCI;L2_THETIS_GRID_20220808_20220818.nc;1.923793433;0.257304535;0.133748526;LXP;11.08.2022;46.500283;6.660889;0.006174699;0
S3B_OL_1_EFR____20220811T092248_20220811T092548_20240524T040816_0179_069_150_2160_MAR_R_NT_004.SEN3;abaad6db-b2b0-31fe-b392-1e46e1657b0a;S3B;OLCI;L2_THETIS_GRID_20220808_20220818.nc;1.923793433;0.257304535;0.133748526;LXP;11.08.2022;46.500283;6.660889;0.006174699;0
S3A_OL_1_EFR____20220812T093545_20220812T093845_20240605T115736_0179_088_307_2160_MAR_R_NT_004.SEN3;4991f0d4-0b3e-3611-ba2a-a0386a849d87;S3A;OLCI;L2_THETIS_GRID_20220808_20220818.nc;1.848668632;0.310207694;0.167800594;LXP;12.08.2022;46.500283;6.660889;0.018222892;0
S3B_OL_1_EFR____20220813T101126_20220813T101426_20240524T022028_0179_069_179_2160_MAR_R_NT_004.SEN3;3e1f046a-d2f9-32a9-a161-6449468ef745;S3B;OLCI;L2_THETIS_GRID_20220808_20220818.nc;1.664761895;0.319505905;0.191922884;LXP;13.08.2022;46.500283;6.660889;0.003313253;0
S3A_OL_1_EFR____20220814T102422_20220814T102722_20240605T115738_0179_088_336_2160_MAR_R_NT_004.SEN3;b68b202e-159b-3499-b726-4ac3bbe79974;S3A;OLCI;L2_THETIS_GRID_20220808_20220818.nc;2.001041776;0.227039614;0.113460707;LXP;14.08.2022;46.500283;6.660889;1;0
S3B_OL_1_EFR____20220814T094515_20220814T094815_20240524T033259_0179_069_193_2160_MAR_R_NT_004.SEN3;728b1350-13fe-3d38-9a1c-2ba382336914;S3B;OLCI;L2_THETIS_GRID_20220808_20220818.nc;2.001041776;0.227039614;0.113460707;LXP;14.08.2022;46.500283;6.660889;1;0
S3A_OL_1_EFR____20220815T095811_20220815T100111_20240605T120019_0179_088_350_2160_MAR_R_NT_004.SEN3;156ee792-c43d-3eb7-8227-e93e4644a839;S3A;OLCI;L2_THETIS_GRID_20220808_20220818.nc;1.990881604;0.299617397;0.150494834;LXP;15.08.2022;46.500283;6.660889;0.902108434;0
S3B_OL_1_EFR____20220815T091904_20220815T092204_20240524T022319_0179_069_207_2160_MAR_R_NT_004.SEN3;ebb1d55b-c678-3cc3-80ad-35d591e2e598;S3B;OLCI;L2_THETIS_GRID_20220808_20220818.nc;1.990881604;0.299617397;0.150494834;LXP;15.08.2022;46.500283;6.660889;0.902108434;0
S3A_OL_1_EFR____20220816T093200_20220816T093500_20240605T120035_0179_088_364_2160_MAR_R_NT_004.SEN3;2236a660-d2d6-33b8-b4ba-f06ca14b14bb;S3A;OLCI;L2_THETIS_GRID_20220808_20220818.nc;1.975099548;0.507994001;0.257199189;LXP;16.08.2022;46.500283;6.660889;0.014307229;0
S3B_OL_1_EFR____20220817T100742_20220817T101042_20240524T030118_0179_069_236_2160_MAR_R_NT_004.SEN3;a1d222cc-1cbe-3af4-b19e-b9272be8aa79;S3B;OLCI;L2_THETIS_GRID_20220808_20220818.nc;1.940255194;0.13266523;0.068375145;LXP;17.08.2022;46.500283;6.660889;0.944879518;0
S3B_OL_1_EFR____20220818T094131_20220818T094431_20240524T042141_0180_069_250_2160_MAR_R_NT_004.SEN3;f71c2e8c-83d4-3d0c-9c20-a1d1d9bc989f;S3B;OLCI;L2_THETIS_GRID_20220818_20220828.nc;2.345104943;0.130644154;0.0557093;LXP;18.08.2022;46.500283;6.660889;1;0
S3A_OL_1_EFR____20220818T102037_20220818T102337_20240605T120234_0179_089_008_2160_MAR_R_NT_004.SEN3;48d089b4-f444-3730-97b3-806266266abe;S3A;OLCI;L2_THETIS_GRID_20220818_20220828.nc;2.345104943;0.130644154;0.0557093;LXP;18.08.2022;46.500283;6.660889;1;0
S3A_OL_1_EFR____20220819T095426_20220819T095726_20240605T120127_0179_089_022_2160_MAR_R_NT_004.SEN3;de6db1ba-080a-3682-8f7f-1c6c00405d28;S3A;OLCI;L2_THETIS_GRID_20220818_20220828.nc;2.263324591;0.233537419;0.103183353;LXP;19.08.2022;46.500283;6.660889;0.995180723;0
S3A_OL_1_EFR____20220820T092815_20220820T093115_20240605T120227_0179_089_036_2160_MAR_R_NT_004.SEN3;790a7155-2a95-3f23-8d20-185b4861eaea;S3A;OLCI;L2_THETIS_GRID_20220818_20220828.nc;2.102802657;0.450836553;0.214397938;LXP;20.08.2022;46.500283;6.660889;1;0
S3B_OL_1_EFR____20220821T100358_20220821T100658_20240524T034536_0180_069_293_2160_MAR_R_NT_004.SEN3;340d1bdf-1a03-3fc5-8747-4afe58259d87;S3B;OLCI;L2_THETIS_GRID_20220818_20220828.nc;2.31139257;0.216545842;0.09368631;LXP;21.08.2022;46.500283;6.660889;0.001807229;0
S3B_OL_1_EFR____20220822T093747_20220822T094047_20240524T024057_0179_069_307_2160_MAR_R_NT_004.SEN3;b4591e02-1b82-3f54-9738-29c09a67211d;S3B;OLCI;L2_THETIS_GRID_20220818_20220828.nc;2.138807085;0.203312031;0.095058611;LXP;22.08.2022;46.500283;6.660889;0.001807229;0
S3A_OL_1_EFR____20220822T101652_20220822T101952_20240605T120313_0179_089_065_2160_MAR_R_NT_004.SEN3;db90ab4b-fa75-3afd-97cd-238f0c571d6c;S3A;OLCI;L2_THETIS_GRID_20220818_20220828.nc;2.138807085;0.203312031;0.095058611;LXP;22.08.2022;46.500283;6.660889;0.001807229;0
S3A_OL_1_EFR____20220823T095041_20220823T095341_20240605T120307_0179_089_079_2160_MAR_R_NT_004.SEN3;dd9749d4-658b-3482-83d6-df3887cd3ba7;S3A;OLCI;L2_THETIS_GRID_20220818_20220828.nc;2.151498665;0.265157316;0.123243077;LXP;23.08.2022;46.500283;6.660889;0.002861446;0
S3B_OL_1_EFR____20220824T102624_20220824T102924_20240524T031153_0180_069_336_2160_MAR_R_NT_004.SEN3;6b93a6c0-5095-3cfc-9ca5-d7ec8ef83a4a;S3B;OLCI;L2_THETIS_GRID_20220818_20220828.nc;2.11301274;0.194460386;0.092029916;LXP;24.08.2022;46.500283;6.660889;1;0
S3A_OL_1_EFR____20220824T092429_20220824T092729_20240605T120351_0179_089_093_2160_MAR_R_NT_004.SEN3;5ca41f6d-4a30-3f45-8eaf-cae8d4a848d8;S3A;OLCI;L2_THETIS_GRID_20220818_20220828.nc;2.11301274;0.194460386;0.092029916;LXP;24.08.2022;46.500283;6.660889;1;0
S3B_OL_1_EFR____20220825T100013_20220825T100313_20240524T162547_0179_069_350_2160_MAR_R_NT_004.SEN3;65ff2fa8-7487-38c6-9375-bba309d726d2;S3B;OLCI;L2_THETIS_GRID_20220818_20220828.nc;2.008256673;0.366962435;0.18272686;LXP;25.08.2022;46.500283;6.660889;0.19623494;0
S3A_OL_1_EFR____20220826T101307_20220826T101607_20240605T122818_0179_089_122_2160_MAR_R_NT_004.SEN3;78c0557f-f998-3719-871d-9e8ea3fc1004;S3A;OLCI;L2_THETIS_GRID_20220818_20220828.nc;2.283357588;0.310567683;0.136013599;LXP;26.08.2022;46.500283;6.660889;1;0
S3B_OL_1_EFR____20220826T093402_20220826T093702_20240524T032359_0179_069_364_2160_MAR_R_NT_004.SEN3;9b87a6bf-ac70-3221-82b1-43515462e3ef;S3B;OLCI;L2_THETIS_GRID_20220818_20220828.nc;2.283357588;0.310567683;0.136013599;LXP;26.08.2022;46.500283;6.660889;1;0
S3A_OL_1_EFR____20220827T094656_20220827T094956_20240605T123545_0179_089_136_2160_MAR_R_NT_004.SEN3;26926c8f-2fa8-3c57-88c2-152961b80699;S3A;OLCI;L2_THETIS_GRID_20220818_20220828.nc;1.921864826;0.248132795;0.12911043;LXP;27.08.2022;46.500283;6.660889;0.010090361;0
S3B_OL_1_EFR____20220828T102240_20220828T102540_20240524T040140_0179_070_008_2160_MAR_R_NT_004.SEN3;755ca581-1ea4-3ecd-99d2-245390be7310;S3B;OLCI;L2_THETIS_GRID_20220828_20220907.nc;1.998387668;0.213786249;0.106979368;LXP;28.08.2022;46.500283;6.660889;0.990210843;0
S3A_OL_1_EFR____20220828T092046_20220828T092346_20240605T124008_0179_089_150_2160_MAR_R_NT_004.SEN3;f375ecd3-7161-32ff-86e9-1dd1c69a9ef9;S3A;OLCI;L2_THETIS_GRID_20220828_20220907.nc;1.998387668;0.213786249;0.106979368;LXP;28.08.2022;46.500283;6.660889;0.990210843;0
S3B_OL_1_EFR____20220829T095629_20220829T095929_20240524T025424_0179_070_022_2160_MAR_R_NT_004.SEN3;4d688954-8d1e-34f3-9062-dd6e251002a9;S3B;OLCI;L2_THETIS_GRID_20220828_20220907.nc;1.885715696;0.253184971;0.134264657;LXP;29.08.2022;46.500283;6.660889;0.019277108;0
S3B_OL_1_EFR____20220830T093018_20220830T093318_20240524T041016_0179_070_036_2160_MAR_R_NT_004.SEN3;8325aacb-b1cd-36b9-866c-96d1415ea7fe;S3B;OLCI;L2_THETIS_GRID_20220828_20220907.nc;1.728429039;0.382152338;0.221098078;LXP;30.08.2022;46.500283;6.660889;0.963704819;0
S3A_OL_1_EFR____20220830T100924_20220830T101224_20240605T125327_0179_089_179_2160_MAR_R_NT_004.SEN3;48531c5c-395f-331c-914f-8c406b80e1bf;S3A;OLCI;L2_THETIS_GRID_20220828_20220907.nc;1.728429039;0.382152338;0.221098078;LXP;30.08.2022;46.500283;6.660889;0.963704819;0
S3A_OL_1_EFR____20220831T094313_20220831T094613_20240605T125746_0179_089_193_2160_MAR_R_NT_004.SEN3;5aaf2e75-99f9-3d7f-91e3-a1e945b5635e;S3A;OLCI;L2_THETIS_GRID_20220828_20220907.nc;1.778824714;0.093560926;0.052597047;LXP;31.08.2022;46.500283;6.660889;0.006024096;0
S3B_OL_1_EFR____20220901T101855_20220901T102155_20240524T043900_0179_070_065_2160_MAR_R_NT_004.SEN3;c9cda08d-5e91-3086-8e25-beec68a02cfb;S3B;OLCI;L2_THETIS_GRID_20220828_20220907.nc;1.775484352;0.288496934;0.162489145;LXP;01.09.2022;46.500283;6.660889;0.744879518;0
S3B_OL_1_EFR____20220902T095244_20220902T095544_20240524T034315_0179_070_079_2160_MAR_R_NT_004.SEN3;61167d4a-eca6-3819-a415-950edf1533c0;S3B;OLCI;L2_THETIS_GRID_20220828_20220907.nc;1.831091485;0.174253772;0.095163881;LXP;02.09.2022;46.500283;6.660889;0.78373494;0
S3B_OL_1_EFR____20220903T092633_20220903T092933_20240524T044703_0179_070_093_2160_MAR_R_NT_004.SEN3;a9f6c958-6414-3ade-9f37-85974bda47b9;S3B;OLCI;L2_THETIS_GRID_20220828_20220907.nc;1.744010416;0.330871088;0.189718527;LXP;03.09.2022;46.500283;6.660889;0.981777108;0
S3A_OL_1_EFR____20220903T100540_20220903T100840_20240605T130322_0179_089_236_2160_MAR_R_NT_004.SEN3;1edefe5f-21db-3e03-9017-a7386afe42e4;S3A;OLCI;L2_THETIS_GRID_20220828_20220907.nc;1.744010416;0.330871088;0.189718527;LXP;03.09.2022;46.500283;6.660889;0.981777108;0
S3B_OL_1_EFR____20220913T100740_20220913T101040_20240524T052433_0179_070_236_2160_MAR_R_NT_004.SEN3;7c19cdfe-5c88-35d5-8949-1b267c0cc895;S3B;OLCI;L2_THETIS_GRID_20220907_20220917.nc;2.184864295;0.228423035;0.104547928;LXP;13.09.2022;46.500283;6.660889;0.9875;0
S3B_OL_1_EFR____20220921T100009_20220921T100309_20240524T043557_0179_070_350_2160_MAR_R_NT_004.SEN3;8bc1be04-f8c9-399e-a208-d014b7209b4c;S3B;OLCI;L2_THETIS_GRID_20220917_20220927.nc;1.995223721;0.127268032;0.063786347;LXP;21.09.2022;46.500283;6.660889;0.017620482;0
S3B_OL_1_EFR____20220922T093359_20220922T093659_20240524T054958_0179_070_364_2160_MAR_R_NT_004.SEN3;55380abc-ea5e-38fb-81b6-f37db9a406d5;S3B;OLCI;L2_THETIS_GRID_20220917_20220927.nc;2.25471883;0.445872351;0.197750755;LXP;22.09.2022;46.500283;6.660889;0.002409639;0
S3A_OL_1_EFR____20220922T101311_20220922T101611_20240605T134823_0179_090_122_2160_MAR_R_NT_004.SEN3;cce03ac3-3848-368a-8295-92c4f670f27e;S3A;OLCI;L2_THETIS_GRID_20220917_20220927.nc;2.25471883;0.445872351;0.197750755;LXP;22.09.2022;46.500283;6.660889;0.002409639;0
S3A_OL_1_EFR____20220923T094700_20220923T095000_20240605T135259_0179_090_136_2160_MAR_R_NT_004.SEN3;8e109172-7e55-3268-8aa8-cac4e951d5e8;S3A;OLCI;L2_THETIS_GRID_20220917_20220927.nc;2.146520947;0.254516905;0.118571825;LXP;23.09.2022;46.500283;6.660889;0.95873494;0
S3B_OL_1_EFR____20220924T102236_20220924T102536_20240524T061611_0179_071_008_2160_MAR_R_NT_004.SEN3;a3795679-a4f4-3f9f-820b-3168e3879652;S3B;OLCI;L2_THETIS_GRID_20220917_20220927.nc;2.416270862;0.402160191;0.166438373;LXP;24.09.2022;46.500283;6.660889;0.979216867;0
S3A_OL_1_EFR____20220924T092049_20220924T092349_20240605T135759_0179_090_150_2160_MAR_R_NT_004.SEN3;19025a90-3688-30ae-ab34-83b1b9da0470;S3A;OLCI;L2_THETIS_GRID_20220917_20220927.nc;2.416270862;0.402160191;0.166438373;LXP;24.09.2022;46.500283;6.660889;0.979216867;0
S3B_OL_1_EFR____20220925T095625_20220925T095925_20240524T051653_0179_071_022_2160_MAR_R_NT_004.SEN3;2b3060d4-6431-3ba9-985a-6d156f07988b;S3B;OLCI;L2_THETIS_GRID_20220917_20220927.nc;2.106257425;0.135261282;0.06421878;LXP;25.09.2022;46.500283;6.660889;0.965060241;0
S3B_OL_1_EFR____20220926T093014_20220926T093314_20240524T061917_0179_071_036_2160_MAR_R_NT_004.SEN3;ea2bc107-f162-3894-88cf-96938b86a546;S3B;OLCI;L2_THETIS_GRID_20220917_20220927.nc;2.234515531;0.408064048;0.182618578;LXP;26.09.2022;46.500283;6.660889;1;0
S3A_OL_1_EFR____20220926T100926_20220926T101226_20240605T140401_0179_090_179_2160_MAR_R_NT_004.SEN3;194d6d5c-7a11-3937-a30c-b2bca403f800;S3A;OLCI;L2_THETIS_GRID_20220917_20220927.nc;2.234515531;0.408064048;0.182618578;LXP;26.09.2022;46.500283;6.660889;1;0
S3A_OL_1_EFR____20220927T094315_20220927T094615_20240605T140649_0179_090_193_2160_MAR_R_NT_004.SEN3;88354457-7f92-34bf-b09c-487b91b5f31e;S3A;OLCI;L2_THETIS_GRID_20220927_20221007.nc;2.063061757;0.120001566;0.058166735;LXP;27.09.2022;46.500283;6.660889;0.999698795;0
S3B_OL_1_EFR____20220928T101851_20220928T102151_20240524T045227_0179_071_065_2160_MAR_R_NT_004.SEN3;afe5e74d-24c2-352a-be6a-5af92d511b18;S3B;OLCI;L2_THETIS_GRID_20220927_20221007.nc;2.051677783;0.056422754;0.027500787;LXP;28.09.2022;46.500283;6.660889;1;0
S3B_OL_1_EFR____20221006T101121_20221006T101421_20240524T062341_0179_071_179_2160_MAR_R_NT_004.SEN3;9a5a4e4f-f06e-3db3-8086-16e2d5e19c76;S3B;OLCI;L2_THETIS_GRID_20220927_20221007.nc;3.47846804;1.357635214;0.390296877;LXP;06.10.2022;46.500283;6.660889;0.046837349;0
S3B_OL_1_EFR____20221007T094510_20221007T094810_20240524T050517_0179_071_193_2160_MAR_R_NT_004.SEN3;2d8bcd51-5a77-3219-b258-2d803ba15168;S3B;OLCI;L2_THETIS_GRID_20221007_20221017.nc;3.673875843;0.485425628;0.132129024;LXP;07.10.2022;46.500283;6.660889;0.102108434;0
S3A_OL_1_EFR____20221007T102423_20221007T102723_20240605T143123_0179_090_336_2160_MAR_R_NT_004.SEN3;6d94ba43-9f4d-31fc-8f4f-a559af175653;S3A;OLCI;L2_THETIS_GRID_20221007_20221017.nc;3.673875843;0.485425628;0.132129024;LXP;07.10.2022;46.500283;6.660889;0.102108434;0
S3B_OL_1_EFR____20221008T091900_20221008T092200_20240524T062132_0179_071_207_2160_MAR_R_NT_004.SEN3;e9eed447-644d-3711-8549-6d936315ff9c;S3B;OLCI;L2_THETIS_GRID_20221007_20221017.nc;3.641530553;1.834830095;0.503862337;LXP;08.10.2022;46.500283;6.660889;1;0
S3A_OL_1_EFR____20221008T095812_20221008T100112_20240605T143345_0179_090_350_2160_MAR_R_NT_004.SEN3;d62f10dc-190c-3dcc-9b72-89f6b4ce04af;S3A;OLCI;L2_THETIS_GRID_20221007_20221017.nc;3.641530553;1.834830095;0.503862337;LXP;08.10.2022;46.500283;6.660889;1;0
S3A_OL_1_EFR____20221009T093201_20221009T093501_20240605T143612_0179_090_364_2160_MAR_R_NT_004.SEN3;b517c581-36e5-3f46-bd48-216915864a12;S3A;OLCI;L2_THETIS_GRID_20221007_20221017.nc;3.85886625;1.092518897;0.283119141;LXP;09.10.2022;46.500283;6.660889;1;0
S3B_OL_1_EFR____20221010T100738_20221010T101038_20240524T064928_0179_071_236_2160_MAR_R_NT_004.SEN3;99988daa-d505-35ca-80c1-85ecb4d927d0;S3B;OLCI;L2_THETIS_GRID_20221007_20221017.nc;4.448440828;2.253595792;0.506603522;LXP;10.10.2022;46.500283;6.660889;0.114457831;0
S3A_OL_1_EFR____20221011T102039_20221011T102339_20240605T144236_0179_091_008_2160_MAR_R_NT_004.SEN3;2752b38a-e5a6-33e8-a6ea-29cba6b6a12f;S3A;OLCI;L2_THETIS_GRID_20221007_20221017.nc;2.605605217;0.400553647;0.153727681;LXP;11.10.2022;46.500283;6.660889;0.142319277;0
S3B_OL_1_EFR____20221011T094127_20221011T094427_20240524T054801_0180_071_250_2160_MAR_R_NT_004.SEN3;cf8a88e3-7626-350c-a936-e771856e153e;S3B;OLCI;L2_THETIS_GRID_20221007_20221017.nc;2.605605217;0.400553647;0.153727681;LXP;11.10.2022;46.500283;6.660889;0.142319277;0
S3A_OL_1_EFR____20221012T095428_20221012T095728_20240605T144321_0179_091_022_2160_MAR_R_NT_004.SEN3;ec4f589b-30a4-34fa-8034-3012bf9723a1;S3A;OLCI;L2_THETIS_GRID_20221007_20221017.nc;2.470963689;0.430453029;0.174204514;LXP;12.10.2022;46.500283;6.660889;0.884337349;0
S3A_OL_1_EFR____20221013T092817_20221013T093117_20240605T144526_0179_091_036_2160_MAR_R_NT_004.SEN3;2ad57a6c-dd40-3ac3-a883-ada58ba48343;S3A;OLCI;L2_THETIS_GRID_20221007_20221017.nc;2.492405007;0.481432805;0.193159941;LXP;13.10.2022;46.500283;6.660889;1;0
S3B_OL_1_EFR____20221014T100354_20221014T100654_20240524T051808_0179_071_293_2160_MAR_R_NT_004.SEN3;37e28a0c-5902-3103-9b38-0a7ab047696e;S3B;OLCI;L2_THETIS_GRID_20221007_20221017.nc;2.631734375;0.692118276;0.262989412;LXP;14.10.2022;46.500283;6.660889;1;0
S3A_OL_1_EFR____20221015T101655_20221015T101955_20240605T145337_0179_091_065_2160_MAR_R_NT_004.SEN3;7517259f-2b63-3487-878b-ab62ecb9fe5c;S3A;OLCI;L2_THETIS_GRID_20221007_20221017.nc;2.463380062;0.562668308;0.228413113;LXP;15.10.2022;46.500283;6.660889;0.959789157;0
S3B_OL_1_EFR____20221015T093743_20221015T094043_20240524T062622_0179_071_307_2160_MAR_R_NT_004.SEN3;f120765a-3b85-3a4d-908b-6ea5d2864bdd;S3B;OLCI;L2_THETIS_GRID_20221007_20221017.nc;2.463380062;0.562668308;0.228413113;LXP;15.10.2022;46.500283;6.660889;0.959789157;0
S3A_OL_1_EFR____20221016T095044_20221016T095344_20240605T145656_0179_091_079_2160_MAR_R_NT_004.SEN3;5edd56c5-3c09-3b29-976e-0188ba4c536f;S3A;OLCI;L2_THETIS_GRID_20221007_20221017.nc;3.016719949;0.437644305;0.145072898;LXP;16.10.2022;46.500283;6.660889;0.020331325;0
S3A_OL_1_EFR____20221017T092433_20221017T092733_20240605T145900_0179_091_093_2160_MAR_R_NT_004.SEN3;e3ff47a8-db87-3cf9-985e-35808b5e8525;S3A;OLCI;L2_THETIS_GRID_20221017_20221027.nc;2.744944548;0.481103618;0.175268975;LXP;17.10.2022;46.500283;6.660889;0.295783133;0
S3B_OL_1_EFR____20221017T102620_20221017T102920_20240524T070830_0179_071_336_2160_MAR_R_NT_004.SEN3;a3002fb3-68bf-38ba-9b37-3813fd0d0f94;S3B;OLCI;L2_THETIS_GRID_20221017_20221027.nc;2.744944548;0.481103618;0.175268975;LXP;17.10.2022;46.500283;6.660889;0.294188679;0
S3B_OL_1_EFR____20221018T100009_20221018T100309_20240524T060736_0179_071_350_2160_MAR_R_NT_004.SEN3;ce16e524-e173-3359-9fde-31fa2d883f04;S3B;OLCI;L2_THETIS_GRID_20221017_20221027.nc;2.538123814;0.500689763;0.197267667;LXP;18.10.2022;46.500283;6.660889;0.048945783;0
S3B_OL_1_EFR____20221019T093358_20221019T093658_20240524T073054_0179_071_364_2160_MAR_R_NT_004.SEN3;ea8b6cb3-827d-3ef1-802d-0bc6adf9683c;S3B;OLCI;L2_THETIS_GRID_20221017_20221027.nc;2.495959256;0.302826794;0.121326818;LXP;19.10.2022;46.500283;6.660889;0.719578313;0
S3A_OL_1_EFR____20221019T101310_20221019T101610_20240605T150356_0179_091_122_2160_MAR_R_NT_004.SEN3;840321b2-607e-38f8-8bc8-b96b9d3cb119;S3A;OLCI;L2_THETIS_GRID_20221017_20221027.nc;2.495959256;0.302826794;0.121326818;LXP;19.10.2022;46.500283;6.660889;0.719578313;0
S3A_OL_1_EFR____20221020T094659_20221020T094959_20240605T150911_0179_091_136_2160_MAR_R_NT_004.SEN3;8f4d3b82-4415-3cc2-8666-4f3260d659ff;S3A;OLCI;L2_THETIS_GRID_20221017_20221027.nc;2.686387903;0.281605071;0.10482666;LXP;20.10.2022;46.500283;6.660889;1;0
S3A_OL_1_EFR____20221021T092048_20221021T092348_20240605T151231_0179_091_150_2160_MAR_R_NT_004.SEN3;74c15344-09af-38d0-9353-650852b7e314;S3A;OLCI;L2_THETIS_GRID_20221017_20221027.nc;2.940891624;0.336581032;0.114448635;LXP;21.10.2022;46.500283;6.660889;1;0
S3B_OL_1_EFR____20221021T102236_20221021T102536_20240524T060110_0179_072_008_2160_MAR_R_NT_004.SEN3;c32e559f-11e3-3ada-ac2f-86a6dcc6fd5a;S3B;OLCI;L2_THETIS_GRID_20221017_20221027.nc;2.940891624;0.336581032;0.114448635;LXP;21.10.2022;46.500283;6.660889;1;0
S3B_OL_1_EFR____20221022T095625_20221022T095925_20240524T072215_0180_072_022_2160_MAR_R_NT_004.SEN3;c36d0595-e41b-31f1-856b-88870a848949;S3B;OLCI;L2_THETIS_GRID_20221017_20221027.nc;2.876452288;0.297788805;0.103526419;LXP;22.10.2022;46.500283;6.660889;0.002409639;0
S3B_OL_1_EFR____20221023T093015_20221023T093315_20240524T062823_0179_072_036_2160_MAR_R_NT_004.SEN3;36b3c2d2-90b5-3a2c-a6b0-3de26eb4f6b2;S3B;OLCI;L2_THETIS_GRID_20221017_20221027.nc;2.672474992;0.443364138;0.165900201;LXP;23.10.2022;46.500283;6.660889;1;0
S3A_OL_1_EFR____20221023T100926_20221023T101226_20240605T152337_0179_091_179_2160_MAR_R_NT_004.SEN3;9c81d929-dca5-34bf-90e1-fa2608991a26;S3A;OLCI;L2_THETIS_GRID_20221017_20221027.nc;2.672474992;0.443364138;0.165900201;LXP;23.10.2022;46.500283;6.660889;1;0
S3A_OL_1_EFR____20221024T094315_20221024T094615_20240605T152834_0179_091_193_2160_MAR_R_NT_004.SEN3;1c156e63-f021-3f05-9643-73fe50593042;S3A;OLCI;L2_THETIS_GRID_20221017_20221027.nc;2.872665038;0.393484169;0.136975305;LXP;24.10.2022;46.500283;6.660889;1;0
S3B_OL_1_EFR____20221025T101853_20221025T102153_20240524T071331_0179_072_065_2160_MAR_R_NT_004.SEN3;12acf9ff-b927-3aff-b263-8d48ad6ac659;S3B;OLCI;L2_THETIS_GRID_20221017_20221027.nc;2.722411128;0.273616461;0.100505195;LXP;25.10.2022;46.500283;6.660889;0.480722892;0
S3B_OL_1_EFR____20221025T101853_20221025T102153_20221025T233811_0179_072_065_2160_PS2_O_NT_003.SEN3;33fed86b-8226-536e-ab83-a184327b39f6;S3B;OLCI;L2_THETIS_GRID_20221017_20221027.nc;2.722411128;0.273616461;0.100505195;LXP;25.10.2022;46.500283;6.660889;0.480722892;0
S3B_OL_1_EFR____20221026T095242_20221026T095542_20240524T080403_0179_072_079_2160_MAR_R_NT_004.SEN3;edffd4fe-cadc-3db7-a20a-b26c0c1e7abb;S3B;OLCI;L2_THETIS_GRID_20221017_20221027.nc;2.611676331;0.218390915;0.083620973;LXP;26.10.2022;46.500283;6.660889;0.099246988;0
S3B_OL_1_EFR____20221026T095242_20221026T095542_20221026T234146_0179_072_079_2160_PS2_O_NT_003.SEN3;7462ad08-4295-522a-8ea1-62b130f10572;S3B;OLCI;L2_THETIS_GRID_20221017_20221027.nc;2.611676331;0.218390915;0.083620973;LXP;26.10.2022;46.500283;6.660889;0.099246988;0
S3B_OL_1_EFR____20221027T092632_20221027T092932_20240524T071815_0179_072_093_2160_MAR_R_NT_004.SEN3;b176683f-a11d-3c06-af76-069b01416776;S3B;OLCI;L2_THETIS_GRID_20221027_20221106.nc;1.804796866;0.153949942;0.085300427;LXP;27.10.2022;46.500283;6.660889;0.096536145;0
S3A_OL_1_EFR____20221027T100541_20221027T100841_20240605T153937_0179_091_236_2160_MAR_R_NT_004.SEN3;38aecdee-edeb-3c6e-a763-dd4c449dcf74;S3A;OLCI;L2_THETIS_GRID_20221027_20221106.nc;1.804796866;0.153949942;0.085300427;LXP;27.10.2022;46.500283;6.660889;0.096536145;0
S3B_OL_1_EFR____20221027T092632_20221027T092932_20221027T210335_0179_072_093_2160_PS2_O_NT_003.SEN3;99c37142-41a5-569d-a58a-97b524cbb5d8;S3B;OLCI;L2_THETIS_GRID_20221027_20221106.nc;1.804796866;0.153949942;0.085300427;LXP;27.10.2022;46.500283;6.660889;0.096536145;0
S3A_OL_1_EFR____20221027T100541_20221027T100841_20221028T104604_0179_091_236_2160_PS1_O_NT_003.SEN3;b10f48ca-6ff3-5b5a-9ca1-7ee65b96eb40;S3A;OLCI;L2_THETIS_GRID_20221027_20221106.nc;1.804796866;0.153949942;0.085300427;LXP;27.10.2022;46.500283;6.660889;0.096536145;0
S3A_OL_1_EFR____20221028T093930_20221028T094230_20240605T154138_0179_091_250_2160_MAR_R_NT_004.SEN3;f1cecfa2-df10-3cd7-bb90-b5dda0ecb272;S3A;OLCI;L2_THETIS_GRID_20221027_20221106.nc;2.260064868;0.40147024;0.177636601;LXP;28.10.2022;46.500283;6.660889;1;0
S3A_OL_1_EFR____20221028T093930_20221028T094230_20221029T102103_0179_091_250_2160_PS1_O_NT_003.SEN3;6692bc7f-a7f0-57eb-932d-094abb491383;S3A;OLCI;L2_THETIS_GRID_20221027_20221106.nc;2.260064868;0.40147024;0.177636601;LXP;28.10.2022;46.500283;6.660889;1;0
S3B_OL_1_EFR____20221029T101510_20221029T101810_20240524T075530_0179_072_122_2160_MAR_R_NT_004.SEN3;686ab1a4-b002-36fd-b067-c24b435e151c;S3B;OLCI;L2_THETIS_GRID_20221027_20221106.nc;2.667834319;0.344287451;0.129051286;LXP;29.10.2022;46.500283;6.660889;1;0
S3B_OL_1_EFR____20221029T101510_20221029T101810_20221029T211841_0179_072_122_2160_PS2_O_NT_003.SEN3;6447a828-5925-52e7-88d1-2b5ba72b1f19;S3B;OLCI;L2_THETIS_GRID_20221027_20221106.nc;2.667834319;0.344287451;0.129051286;LXP;29.10.2022;46.500283;6.660889;1;0
S3B_OL_1_EFR____20221030T094859_20221030T095159_20240524T064806_0180_072_136_2160_MAR_R_NT_004.SEN3;3dbd5077-59be-3899-8eea-2a6106c7016d;S3B;OLCI;L2_THETIS_GRID_20221027_20221106.nc;2.670158298;0.2451873;0.091825005;LXP;30.10.2022;46.500283;6.660889;1;0
S3B_OL_1_EFR____20221030T094859_20221030T095159_20221030T233005_0179_072_136_2160_PS2_O_NT_003.SEN3;807fee70-5d4f-555b-a4b3-18883e69cc52;S3B;OLCI;L2_THETIS_GRID_20221027_20221106.nc;2.670158298;0.2451873;0.091825005;LXP;30.10.2022;46.500283;6.660889;1;0
S3B_OL_1_EFR____20221031T092248_20221031T092548_20240524T075724_0179_072_150_2160_MAR_R_NT_004.SEN3;380daf48-d5b5-335e-9a87-7425db5e2d25;S3B;OLCI;L2_THETIS_GRID_20221027_20221106.nc;2.841874896;0.507866534;0.178708266;LXP;31.10.2022;46.500283;6.660889;0.498795181;0
S3A_OL_1_EFR____20221031T100155_20221031T100455_20221101T104133_0180_091_293_2160_PS1_O_NT_003.SEN3;04464fc9-e79e-51df-9311-fb2235ff99a2;S3A;OLCI;L2_THETIS_GRID_20221027_20221106.nc;2.841874896;0.507866534;0.178708266;LXP;31.10.2022;46.500283;6.660889;0.498795181;0
S3A_OL_1_EFR____20221031T100155_20221031T100455_20240605T154834_0179_091_293_2160_MAR_R_NT_004.SEN3;2aaeb4b4-e669-378b-92b1-75c506b29f2a;S3A;OLCI;L2_THETIS_GRID_20221027_20221106.nc;2.841874896;0.507866534;0.178708266;LXP;31.10.2022;46.500283;6.660889;0.498795181;0
S3B_OL_1_EFR____20221031T092248_20221031T092548_20221031T211113_0179_072_150_2160_PS2_O_NT_003.SEN3;f76e0c09-e1f7-5e41-9430-145c6baafa6a;S3B;OLCI;L2_THETIS_GRID_20221027_20221106.nc;2.841874896;0.507866534;0.178708266;LXP;31.10.2022;46.500283;6.660889;0.498795181;0
S3A_OL_1_EFR____20221101T093545_20221101T093845_20221102T102122_0179_091_307_2160_PS1_O_NT_003.SEN3;330fc279-ed9b-59ce-9952-fa9bfc01929a;S3A;OLCI;L2_THETIS_GRID_20221027_20221106.nc;3.009075065;0.307056077;0.102043342;LXP;01.11.2022;46.500283;6.660889;1;0
S3A_OL_1_EFR____20221101T093545_20221101T093845_20240605T154753_0179_091_307_2160_MAR_R_NT_004.SEN3;081b55c4-ba46-3289-9146-1bfe94b3ee6d;S3A;OLCI;L2_THETIS_GRID_20221027_20221106.nc;3.009075065;0.307056077;0.102043342;LXP;01.11.2022;46.500283;6.660889;1;0
S3B_OL_1_EFR____20221102T101126_20221102T101426_20240524T084414_0179_072_179_2160_MAR_R_NT_004.SEN3;6df9900b-96db-3140-9a6d-6ac5374eaf90;S3B;OLCI;L2_THETIS_GRID_20221027_20221106.nc;3.25285282;0.420463934;0.129260055;LXP;02.11.2022;46.500283;6.660889;1;0
S3B_OL_1_EFR____20221102T101126_20221102T101426_20221102T233601_0179_072_179_2160_PS2_O_NT_003.SEN3;99720280-44ce-5bab-9811-a8848d21af8e;S3B;OLCI;L2_THETIS_GRID_20221027_20221106.nc;3.25285282;0.420463934;0.129260055;LXP;02.11.2022;46.500283;6.660889;1;0
S3A_OL_1_EFR____20221103T102422_20221103T102722_20240605T154931_0179_091_336_2160_MAR_R_NT_004.SEN3;d8f5e272-200c-3675-80a5-29b7b6696212;S3A;OLCI;L2_THETIS_GRID_20221027_20221106.nc;2.931361329;0.249591685;0.085145315;LXP;03.11.2022;46.500283;6.660889;1;0
S3B_OL_1_EFR____20221103T094515_20221103T094815_20240524T073619_0179_072_193_2160_MAR_R_NT_004.SEN3;cdf5596e-4f9d-3b5d-aede-e4984406eccc;S3B;OLCI;L2_THETIS_GRID_20221027_20221106.nc;2.931361329;0.249591685;0.085145315;LXP;03.11.2022;46.500283;6.660889;1;0
S3B_OL_1_EFR____20221104T091905_20221104T092205_20240524T084625_0179_072_207_2160_MAR_R_NT_004.SEN3;f2e134e2-1f8b-30ed-b468-022bce9dbe97;S3B;OLCI;L2_THETIS_GRID_20221027_20221106.nc;2.310470931;0.253387876;0.109669363;LXP;04.11.2022;46.500283;6.660889;1;0
S3A_OL_1_EFR____20221104T095811_20221104T100111_20240605T154857_0179_091_350_2160_MAR_R_NT_004.SEN3;7747320d-d84a-3e34-b55b-4fd526da2676;S3A;OLCI;L2_THETIS_GRID_20221027_20221106.nc;2.310470931;0.253387876;0.109669363;LXP;04.11.2022;46.500283;6.660889;1;0
S3A_OL_1_EFR____20221105T093200_20221105T093500_20240605T155000_0179_091_364_2160_MAR_R_NT_004.SEN3;b2f95f9e-90c8-381e-b8ff-ffeb67ca9b6a;S3A;OLCI;L2_THETIS_GRID_20221027_20221106.nc;2.267355118;0.242647958;0.107018065;LXP;05.11.2022;46.500283;6.660889;0.942018072;0
S3B_OL_1_EFR____20221106T100742_20221106T101042_20240524T071042_0179_072_236_2160_MAR_R_NT_004.SEN3;f9623d29-cdd1-3bc5-bf0b-a2b3b6edc096;S3B;OLCI;L2_THETIS_GRID_20221106_20221116.nc;2.692788823;0.174168817;0.064679716;LXP;06.11.2022;46.500283;6.660889;1;0
S3B_OL_1_EFR____20221107T094131_20221107T094431_20240524T081722_0179_072_250_2160_MAR_R_NT_004.SEN3;bf89379e-8a32-3119-94d0-21bcf170d44d;S3B;OLCI;L2_THETIS_GRID_20221106_20221116.nc;2.409140224;0.132111529;0.054837625;LXP;07.11.2022;46.500283;6.660889;0.251957831;0
S3A_OL_1_EFR____20221107T102038_20221107T102338_20240605T155129_0180_092_008_2160_MAR_R_NT_004.SEN3;e9b58033-4629-322a-a91b-669d4cd61f32;S3A;OLCI;L2_THETIS_GRID_20221106_20221116.nc;2.409140224;0.132111529;0.054837625;LXP;07.11.2022;46.500283;6.660889;0.251957831;0
S3A_OL_1_EFR____20221108T095427_20221108T095727_20240605T155356_0179_092_022_2160_MAR_R_NT_004.SEN3;e0a45448-dcb6-38c5-bc7b-eeaa8fce5b90;S3A;OLCI;L2_THETIS_GRID_20221106_20221116.nc;2.575678675;0.128812963;0.05001127;LXP;08.11.2022;46.500283;6.660889;0.81626506;0
S3A_OL_1_EFR____20221109T092816_20221109T093116_20240605T155752_0179_092_036_2160_MAR_R_NT_004.SEN3;e9c85733-7caa-3a50-a769-3a93f119526b;S3A;OLCI;L2_THETIS_GRID_20221106_20221116.nc;2.494308381;0.153394884;0.061497963;LXP;09.11.2022;46.500283;6.660889;1;0
S3B_OL_1_EFR____20221110T100358_20221110T100658_20240524T075753_0180_072_293_2160_MAR_R_NT_004.SEN3;137a8494-be89-35ba-b68c-2bc05b10d17b;S3B;OLCI;L2_THETIS_GRID_20221106_20221116.nc;2.319995061;0.168088335;0.072452023;LXP;10.11.2022;46.500283;6.660889;0.163554217;0
S3B_OL_1_EFR____20221111T093747_20221111T094047_20240524T090428_0179_072_307_2160_MAR_R_NT_004.SEN3;f1ddcca4-9986-3004-a4ce-c759c4ae52ca;S3B;OLCI;L2_THETIS_GRID_20221106_20221116.nc;2.3856217;0.162064035;0.067933669;LXP;11.11.2022;46.500283;6.660889;0.551355422;0
S3A_OL_1_EFR____20221111T101653_20221111T101953_20240605T160639_0179_092_065_2160_MAR_R_NT_004.SEN3;1f14f0e5-e183-3289-bfa5-44b093c93501;S3A;OLCI;L2_THETIS_GRID_20221106_20221116.nc;2.3856217;0.162064035;0.067933669;LXP;11.11.2022;46.500283;6.660889;0.551355422;0
S3A_OL_1_EFR____20221112T095042_20221112T095342_20240605T161048_0180_092_079_2160_MAR_R_NT_004.SEN3;93a4d070-11ac-3ff0-9d85-c040ab47ae50;S3A;OLCI;L2_THETIS_GRID_20221106_20221116.nc;2.256928785;0.09780282;0.043334473;LXP;12.11.2022;46.500283;6.660889;1;0
S3A_OL_1_EFR____20221113T092431_20221113T092731_20240605T161428_0179_092_093_2160_MAR_R_NT_004.SEN3;be00fc47-81f4-3a38-a261-5ed18f8d0ed7;S3A;OLCI;L2_THETIS_GRID_20221106_20221116.nc;2.285588134;0.118544811;0.051866217;LXP;13.11.2022;46.500283;6.660889;1;0
S3B_OL_1_EFR____20221113T102624_20221113T102924_20240524T071817_0180_072_336_2160_MAR_R_NT_004.SEN3;f9db853b-b6ea-3f00-b50c-6d0919eee7c4;S3B;OLCI;L2_THETIS_GRID_20221106_20221116.nc;2.285588134;0.118544811;0.051866217;LXP;13.11.2022;46.500283;6.660889;1;0
S3B_OL_1_EFR____20221114T100013_20221114T100313_20240524T083816_0179_072_350_2160_MAR_R_NT_004.SEN3;42d2ef6d-f948-3340-9f35-72419f254956;S3B;OLCI;L2_THETIS_GRID_20221106_20221116.nc;2.282740431;0.100961856;0.044228356;LXP;14.11.2022;46.500283;6.660889;1;0
S3B_OL_1_EFR____20221115T093402_20221115T093702_20240524T071946_0179_072_364_2160_MAR_R_NT_004.SEN3;db0bbd9e-16b1-350c-9934-ea88349c5a54;S3B;OLCI;L2_THETIS_GRID_20221106_20221116.nc;2.141221104;0.136496979;0.06374726;LXP;15.11.2022;46.500283;6.660889;1;0
S3A_OL_1_EFR____20221115T101308_20221115T101608_20240605T165043_0179_092_122_2160_MAR_R_NT_004.SEN3;dad7854c-9acf-3707-a479-b396b6aba2e5;S3A;OLCI;L2_THETIS_GRID_20221106_20221116.nc;2.141221104;0.136496979;0.06374726;LXP;15.11.2022;46.500283;6.660889;1;0
S3A_OL_1_EFR____20221116T094657_20221116T094957_20240605T170436_0179_092_136_2160_MAR_R_NT_004.SEN3;ea58f752-c3b5-375b-9725-58e247bf8417;S3A;OLCI;L2_THETIS_GRID_20221116_20221126.nc;2.321842854;0.212448522;0.091499957;LXP;16.11.2022;46.500283;6.660889;0.027560241;0
S3B_OL_1_EFR____20221117T102239_20221117T102539_20240524T075953_0179_073_008_2160_MAR_R_NT_004.SEN3;01f9e65b-1d35-3693-b7b4-655fc9e35025;S3B;OLCI;L2_THETIS_GRID_20221116_20221126.nc;2.198048872;0.374052921;0.170174979;LXP;17.11.2022;46.500283;6.660889;1;0
S3A_OL_1_EFR____20221117T092046_20221117T092346_20240605T170344_0179_092_150_2160_MAR_R_NT_004.SEN3;4bd086a9-1d45-3e8b-9a95-1fc0b3055880;S3A;OLCI;L2_THETIS_GRID_20221116_20221126.nc;2.198048872;0.374052921;0.170174979;LXP;17.11.2022;46.500283;6.660889;1;0
S3B_OL_1_EFR____20221118T095628_20221118T095928_20240524T091231_0179_073_022_2160_MAR_R_NT_004.SEN3;cc5cdf32-af87-32ae-8bb7-6a2734617e78;S3B;OLCI;L2_THETIS_GRID_20221116_20221126.nc;1.77235719;0.172624575;0.097398299;LXP;18.11.2022;46.500283;6.660889;0.674096386;0
S3B_OL_1_EFR____20221119T093017_20221119T093317_20240524T080008_0179_073_036_2160_MAR_R_NT_004.SEN3;61e9708d-5eef-3b1a-b1aa-4276020baefb;S3B;OLCI;L2_THETIS_GRID_20221116_20221126.nc;2.295340183;0.183352614;0.079880366;LXP;19.11.2022;46.500283;6.660889;0.834487952;0
S3A_OL_1_EFR____20221119T100922_20221119T101222_20240605T170630_0179_092_179_2160_MAR_R_NT_004.SEN3;78d8bba2-d3cc-376f-b892-cbd536373044;S3A;OLCI;L2_THETIS_GRID_20221116_20221126.nc;2.295340183;0.183352614;0.079880366;LXP;19.11.2022;46.500283;6.660889;0.834487952;0
S3A_OL_1_EFR____20221120T094311_20221120T094611_20240605T170441_0179_092_193_2160_MAR_R_NT_004.SEN3;fed51dc3-f354-3791-9ff7-a20d13c6c6c3;S3A;OLCI;L2_THETIS_GRID_20221116_20221126.nc;1.88250181;0.342022771;0.181685228;LXP;20.11.2022;46.500283;6.660889;0.156777108;0
S3B_OL_1_EFR____20221121T101854_20221121T102154_20240524T082901_0179_073_065_2160_MAR_R_NT_004.SEN3;e3af6e61-2394-3429-9669-9a5e90dd9636;S3B;OLCI;L2_THETIS_GRID_20221116_20221126.nc;1.746751928;0.156137789;0.0893875;LXP;21.11.2022;46.500283;6.660889;0.998644578;0
S3B_OL_1_EFR____20221122T095242_20221122T095542_20240524T073402_0179_073_079_2160_MAR_R_NT_004.SEN3;9de03af9-72ee-32cf-a434-91dfa81a6ffe;S3B;OLCI;L2_THETIS_GRID_20221116_20221126.nc;1.952697244;0.094997814;0.048649536;LXP;22.11.2022;46.500283;6.660889;0.998192771;0
S3B_OL_1_EFR____20221123T092632_20221123T092932_20240524T084424_0179_073_093_2160_MAR_R_NT_004.SEN3;33b84a92-04e2-36df-8b5e-0d72801b9338;S3B;OLCI;L2_THETIS_GRID_20221116_20221126.nc;2.03192027;0.123372358;0.060717125;LXP;23.11.2022;46.500283;6.660889;0.817771084;0
S3A_OL_1_EFR____20221123T100537_20221123T100837_20240605T170622_0179_092_236_2160_MAR_R_NT_004.SEN3;fa7ac6d0-5b3f-3352-a081-0a4b69fbc35c;S3A;OLCI;L2_THETIS_GRID_20221116_20221126.nc;2.03192027;0.123372358;0.060717125;LXP;23.11.2022;46.500283;6.660889;0.817771084;0
S3A_OL_1_EFR____20221124T093926_20221124T094226_20240605T170445_0179_092_250_2160_MAR_R_NT_004.SEN3;04424130-0637-379a-b4ed-55b053010782;S3A;OLCI;L2_THETIS_GRID_20221116_20221126.nc;1.899186373;0.111419393;0.058666908;LXP;24.11.2022;46.500283;6.660889;0.983584337;0
S3B_OL_1_EFR____20221125T101510_20221125T101810_20240524T090730_0179_073_122_2160_MAR_R_NT_004.SEN3;e8c3704c-2b83-3711-ae07-49df11fefc8c;S3B;OLCI;L2_THETIS_GRID_20221116_20221126.nc;2.210854036;0.111145162;0.050272501;LXP;25.11.2022;46.500283;6.660889;0.968373494;0
S3B_OL_1_EFR____20221126T094859_20221126T095159_20240524T081113_0179_073_136_2160_MAR_R_NT_004.SEN3;3aaa94c5-2e6a-3d9b-9c83-48dcaf2dbdb4;S3B;OLCI;L2_THETIS_GRID_20221126_20221206.nc;2.140531488;0.117846942;0.055054991;LXP;26.11.2022;46.500283;6.660889;0.027409639;0
S3B_OL_1_EFR____20221127T092248_20221127T092548_20240524T093432_0179_073_150_2160_MAR_R_NT_004.SEN3;ba544387-9f23-3f3f-804f-0d0438c9aa60;S3B;OLCI;L2_THETIS_GRID_20221126_20221206.nc;2.08721868;0.217478977;0.104195588;LXP;27.11.2022;46.500283;6.660889;1;0
S3A_OL_1_EFR____20221127T100153_20221127T100453_20240605T170816_0179_092_293_2160_MAR_R_NT_004.SEN3;02ef950f-321c-346c-9422-c4167cf1c662;S3A;OLCI;L2_THETIS_GRID_20221126_20221206.nc;2.08721868;0.217478977;0.104195588;LXP;27.11.2022;46.500283;6.660889;1;0
S3A_OL_1_EFR____20221128T093542_20221128T093842_20240605T170717_0179_092_307_2160_MAR_R_NT_004.SEN3;c566d128-8713-3b54-b6bd-6fefdc6852f4;S3A;OLCI;L2_THETIS_GRID_20221126_20221206.nc;2.068611358;0.173135083;0.083696284;LXP;28.11.2022;46.500283;6.660889;1;0
S3B_OL_1_EFR____20221129T101126_20221129T101426_20240524T075910_0179_073_179_2160_MAR_R_NT_004.SEN3;45c079a6-3114-365a-aaf0-83022205a972;S3B;OLCI;L2_THETIS_GRID_20221126_20221206.nc;1.881988926;0.14059258;0.074704255;LXP;29.11.2022;46.500283;6.660889;1;0
S3B_OL_1_EFR____20221130T094515_20221130T094815_20240524T090744_0179_073_193_2160_MAR_R_NT_004.SEN3;d1408636-516f-3bcc-802c-5544cafe295b;S3B;OLCI;L2_THETIS_GRID_20221126_20221206.nc;1.817326079;0.123194421;0.067788837;LXP;30.11.2022;46.500283;6.660889;0.974096386;0
S3A_OL_1_EFR____20221130T102419_20221130T102719_20240605T170931_0179_092_336_2160_MAR_R_NT_004.SEN3;d5155e9e-a1c8-36bd-9b96-67b2e8d6e681;S3A;OLCI;L2_THETIS_GRID_20221126_20221206.nc;1.817326079;0.123194421;0.067788837;LXP;30.11.2022;46.500283;6.660889;0.974096386;0
S3A_OL_1_EFR____20221201T095808_20221201T100108_20240605T170936_0179_092_350_2160_MAR_R_NT_004.SEN3;25f4d583-b9ee-33e4-a1cc-612460ee9587;S3A;OLCI;L2_THETIS_GRID_20221126_20221206.nc;1.65060634;0.141612968;0.085794513;LXP;01.12.2022;46.500283;6.660889;1;0
S3B_OL_1_EFR____20221201T091905_20221201T092205_20240524T080538_0179_073_207_2160_MAR_R_NT_004.SEN3;98e4178d-90ea-3bd6-a297-39e1aaa11f68;S3B;OLCI;L2_THETIS_GRID_20221126_20221206.nc;1.65060634;0.141612968;0.085794513;LXP;01.12.2022;46.500283;6.660889;1;0
S3A_OL_1_EFR____20221202T093157_20221202T093457_20240605T171004_0179_092_364_2160_MAR_R_NT_004.SEN3;6314b394-ab22-3184-afe4-cba914934061;S3A;OLCI;L2_THETIS_GRID_20221126_20221206.nc;1.733515121;0.168713518;0.097324515;LXP;02.12.2022;46.500283;6.660889;1;0
S3B_OL_1_EFR____20221203T100742_20221203T101042_20240524T091028_0179_073_236_2160_MAR_R_NT_004.SEN3;1c1a7309-f4d5-370c-ba9a-82ab8e40fde9;S3B;OLCI;L2_THETIS_GRID_20221126_20221206.nc;1.518939681;0.084257092;0.055470993;LXP;03.12.2022;46.500283;6.660889;1;0
S3B_OL_1_EFR____20221204T094131_20221204T094431_20240524T102629_0179_073_250_2160_MAR_R_NT_004.SEN3;9585cb8d-fadc-318f-afe7-985750c97302;S3B;OLCI;L2_THETIS_GRID_20221126_20221206.nc;1.467277067;0.116611866;0.079475014;LXP;04.12.2022;46.500283;6.660889;1;0
S3A_OL_1_EFR____20221204T102034_20221204T102334_20240605T173816_0179_093_008_2160_MAR_R_NT_004.SEN3;a11d5e76-8ee4-3176-a6f4-ece43972794e;S3A;OLCI;L2_THETIS_GRID_20221126_20221206.nc;1.467277067;0.116611866;0.079475014;LXP;04.12.2022;46.500283;6.660889;1;0
S3A_OL_1_EFR____20221205T095423_20221205T095723_20240605T174644_0179_093_022_2160_MAR_R_NT_004.SEN3;0393690a-1f4d-3493-a986-54442ad1baa4;S3A;OLCI;L2_THETIS_GRID_20221126_20221206.nc;1.087429535;0.131062116;0.120524698;LXP;05.12.2022;46.500283;6.660889;1;0
S3A_OL_1_EFR____20221206T092812_20221206T093112_20240605T175817_0179_093_036_2160_MAR_R_NT_004.SEN3;bda1562e-f82f-3dbd-8a3e-244ad23c3148;S3A;OLCI;L2_THETIS_GRID_20221206_20221216.nc;1.452646612;0.201515183;0.138722785;LXP;06.12.2022;46.500283;6.660889;0.998192771;0
S3B_OL_1_EFR____20221207T100358_20221207T100658_20240524T101846_0180_073_293_2160_MAR_R_NT_004.SEN3;2f057f3e-7a6e-3217-960b-172df0322291;S3B;OLCI;L2_THETIS_GRID_20221206_20221216.nc;1.417835209;0.102610653;0.072371353;LXP;07.12.2022;46.500283;6.660889;0.995783133;0
S3A_OL_1_EFR____20221208T101649_20221208T101949_20240605T180841_0180_093_065_2160_MAR_R_NT_004.SEN3;6339469e-8687-3771-95a6-90770505a78d;S3A;OLCI;L2_THETIS_GRID_20221206_20221216.nc;1.366324161;0.10111484;0.074005015;LXP;08.12.2022;46.500283;6.660889;0.470331325;0
S3B_OL_1_EFR____20221208T093747_20221208T094047_20240524T085057_0179_073_307_2160_MAR_R_NT_004.SEN3;7edc45ce-bff1-39a1-aa40-2b4acdc453ae;S3B;OLCI;L2_THETIS_GRID_20221206_20221216.nc;1.366324161;0.10111484;0.074005015;LXP;08.12.2022;46.500283;6.660889;0.470331325;0
S3A_OL_1_EFR____20221209T095039_20221209T095339_20240605T182947_0179_093_079_2160_MAR_R_NT_004.SEN3;be938115-688d-3dd3-9c14-f375c9f93509;S3A;OLCI;L2_THETIS_GRID_20221206_20221216.nc;1.510458441;0.101293373;0.067061344;LXP;09.12.2022;46.500283;6.660889;1;0
S3B_OL_1_EFR____20221210T102624_20221210T102924_20240524T093505_0179_073_336_2160_MAR_R_NT_004.SEN3;c05155cc-fc31-33f6-8041-4527b253767f;S3B;OLCI;L2_THETIS_GRID_20221206_20221216.nc;1.277936266;0.05982025;0.046810042;LXP;10.12.2022;46.500283;6.660889;1;0
S3A_OL_1_EFR____20221210T092428_20221210T092728_20240605T183229_0179_093_093_2160_MAR_R_NT_004.SEN3;f5bb7887-f0d9-3152-93f8-581aff8f3602;S3A;OLCI;L2_THETIS_GRID_20221206_20221216.nc;1.277936266;0.05982025;0.046810042;LXP;10.12.2022;46.500283;6.660889;1;0
S3B_OL_1_EFR____20221211T100013_20221211T100313_20240524T110940_0179_073_350_2160_MAR_R_NT_004.SEN3;00be4b6c-e812-30c6-a50f-2c264e3d293c;S3B;OLCI;L2_THETIS_GRID_20221206_20221216.nc;1.372651101;0.108678608;0.07917424;LXP;11.12.2022;46.500283;6.660889;0.212198795;0
S3B_OL_1_EFR____20221212T093402_20221212T093702_20240524T093730_0179_073_364_2160_MAR_R_NT_004.SEN3;a5a41e30-caba-3267-8dfb-a1d09c1236e0;S3B;OLCI;L2_THETIS_GRID_20221206_20221216.nc;1.359027387;0.109966072;0.080915273;LXP;12.12.2022;46.500283;6.660889;0.990210843;0
S3A_OL_1_EFR____20221212T101306_20221212T101606_20240605T183844_0179_093_122_2160_MAR_R_NT_004.SEN3;402e7d02-ea07-3b8b-b8f5-26966d6c1174;S3A;OLCI;L2_THETIS_GRID_20221206_20221216.nc;1.359027387;0.109966072;0.080915273;LXP;12.12.2022;46.500283;6.660889;0.990210843;0
S3A_OL_1_EFR____20221213T094655_20221213T094955_20240605T183825_0179_093_136_2160_MAR_R_NT_004.SEN3;89b90ca1-5637-32ba-aadf-68e395897a95;S3A;OLCI;L2_THETIS_GRID_20221206_20221216.nc;1.29326191;0.047035933;0.036369998;LXP;13.12.2022;46.500283;6.660889;1;0
S3A_OL_1_EFR____20221214T092044_20221214T092344_20240605T184102_0180_093_150_2160_MAR_R_NT_004.SEN3;a9c00dd9-4351-387f-b313-2ebec06d16c9;S3A;OLCI;L2_THETIS_GRID_20221206_20221216.nc;1.335067521;0.074161958;0.055549219;LXP;14.12.2022;46.500283;6.660889;1;0
S3B_OL_1_EFR____20221214T102240_20221214T102540_20240524T102623_0179_074_008_2160_MAR_R_NT_004.SEN3;bde82eb4-8b58-3458-b2df-43ffa3dc3b57;S3B;OLCI;L2_THETIS_GRID_20221206_20221216.nc;1.335067521;0.074161958;0.055549219;LXP;14.12.2022;46.500283;6.660889;1;0
S3B_OL_1_EFR____20221215T095628_20221215T095928_20240524T092950_0179_074_022_2160_MAR_R_NT_004.SEN3;c70fd7b6-36ca-3577-925e-18c2c089deb9;S3B;OLCI;L2_THETIS_GRID_20221206_20221216.nc;1.451071807;0.132681472;0.091436876;LXP;15.12.2022;46.500283;6.660889;1;0
S3A_OL_1_EFR____20221216T100922_20221216T101222_20240605T184119_0179_093_179_2160_MAR_R_NT_004.SEN3;d53106e6-2025-3cba-b1cf-88315d6e8acf;S3A;OLCI;L2_THETIS_GRID_20221216_20221226.nc;1.205502562;0.108456054;0.089967502;LXP;16.12.2022;46.500283;6.660889;1;0
S3B_OL_1_EFR____20221216T093017_20221216T093317_20240524T111105_0179_074_036_2160_MAR_R_NT_004.SEN3;510a1c86-db04-36c1-a674-c084f275af45;S3B;OLCI;L2_THETIS_GRID_20221216_20221226.nc;1.205502562;0.108456054;0.089967502;LXP;16.12.2022;46.500283;6.660889;1;0
S3A_OL_1_EFR____20221217T094311_20221217T094611_20240605T184039_0179_093_193_2160_MAR_R_NT_004.SEN3;8a45a180-e62c-38ea-a4e6-222bf70b1be7;S3A;OLCI;L2_THETIS_GRID_20221216_20221226.nc;1.092145688;0.057085833;0.05226943;LXP;17.12.2022;46.500283;6.660889;1;0
S3B_OL_1_EFR____20221218T101854_20221218T102154_20240524T114833_0179_074_065_2160_MAR_R_NT_004.SEN3;8d3f115a-f973-3ccb-a3ed-7a19be358914;S3B;OLCI;L2_THETIS_GRID_20221216_20221226.nc;1.211830562;0.058604697;0.048360471;LXP;18.12.2022;46.500283;6.660889;1;0
S3B_OL_1_EFR____20221219T095243_20221219T095543_20240524T102600_0180_074_079_2160_MAR_R_NT_004.SEN3;67dc26c3-d91c-3fb2-9bdd-a7a6b140caf3;S3B;OLCI;L2_THETIS_GRID_20221216_20221226.nc;1.228013857;0.10224282;0.083258686;LXP;19.12.2022;46.500283;6.660889;1;0
S3B_OL_1_EFR____20221220T092632_20221220T092932_20240524T114903_0179_074_093_2160_MAR_R_NT_004.SEN3;3bc6de0a-ecab-30ab-9b21-be7fa0e3b253;S3B;OLCI;L2_THETIS_GRID_20221216_20221226.nc;1.211164222;0.084483075;0.069753608;LXP;20.12.2022;46.500283;6.660889;0.362198795;0
S3A_OL_1_EFR____20221220T100538_20221220T100838_20240605T184124_0179_093_236_2160_MAR_R_NT_004.SEN3;5e81b010-c989-3b5a-829c-fdd38c1fa04d;S3A;OLCI;L2_THETIS_GRID_20221216_20221226.nc;1.211164222;0.084483075;0.069753608;LXP;20.12.2022;46.500283;6.660889;0.362198795;0
S3A_OL_1_EFR____20221221T093927_20221221T094227_20240605T184129_0179_093_250_2160_MAR_R_NT_004.SEN3;2d83603a-80ca-319c-a51a-9c56a2caf0dd;S3A;OLCI;L2_THETIS_GRID_20221216_20221226.nc;1.299244057;0.080090506;0.061643927;LXP;21.12.2022;46.500283;6.660889;1;0
S3B_OL_1_EFR____20221222T101509_20221222T101809_20240524T093115_0179_074_122_2160_MAR_R_NT_004.SEN3;b23397c9-ef46-398c-8cf5-50d5ff8d295b;S3B;OLCI;L2_THETIS_GRID_20221216_20221226.nc;1.049644524;0.139554842;0.132954385;LXP;22.12.2022;46.500283;6.660889;1;0
S3B_OL_1_EFR____20221223T094858_20221223T095158_20240524T110958_0179_074_136_2160_MAR_R_NT_004.SEN3;e793bafd-c2ba-31de-9e52-6d2e0b4f89e2;S3B;OLCI;L2_THETIS_GRID_20221216_20221226.nc;1.173608464;0.096105933;0.081889264;LXP;23.12.2022;46.500283;6.660889;1;0
S3A_OL_1_EFR____20221224T100153_20221224T100453_20240605T184405_0180_093_293_2160_MAR_R_NT_004.SEN3;7166f0eb-166e-3c47-8563-2fd51e9a12af;S3A;OLCI;L2_THETIS_GRID_20221216_20221226.nc;1.32583489;0.131356071;0.09907423;LXP;24.12.2022;46.500283;6.660889;1;0
S3B_OL_1_EFR____20221224T092248_20221224T092548_20240524T093356_0179_074_150_2160_MAR_R_NT_004.SEN3;c1e9f409-086a-325d-8476-f4e0945324df;S3B;OLCI;L2_THETIS_GRID_20221216_20221226.nc;1.32583489;0.131356071;0.09907423;LXP;24.12.2022;46.500283;6.660889;1;0
S3A_OL_1_EFR____20221225T093542_20221225T093842_20240605T184516_0179_093_307_2160_MAR_R_NT_004.SEN3;cbd6c9fe-1d19-35dc-b1d5-9558524d961b;S3A;OLCI;L2_THETIS_GRID_20221216_20221226.nc;1.437859414;0.091297331;0.063495312;LXP;25.12.2022;46.500283;6.660889;1;0
S3B_OL_1_EFR____20221226T101125_20221226T101425_20240524T100149_0179_074_179_2160_MAR_R_NT_004.SEN3;24e8a754-5a61-3854-875e-c7a1c878cc21;S3B;OLCI;L2_THETIS_GRID_20221226_20230105.nc;1.180762695;0.046143855;0.039079702;LXP;26.12.2022;46.500283;6.660889;1;0
S3B_OL_1_EFR____20221227T094514_20221227T094814_20240524T114900_0179_074_193_2160_MAR_R_NT_004.SEN3;103b8be6-7ac1-3d42-a37e-3dafe9d747c0;S3B;OLCI;L2_THETIS_GRID_20221226_20230105.nc;1.300884584;0.123180817;0.094690042;LXP;27.12.2022;46.500283;6.660889;0.527108434;0
S3A_OL_1_EFR____20221227T102419_20221227T102719_20240605T190229_0179_093_336_2160_MAR_R_NT_004.SEN3;48f15935-d691-37af-93fe-02dc8e6d0dc7;S3A;OLCI;L2_THETIS_GRID_20221226_20230105.nc;1.300884584;0.123180817;0.094690042;LXP;27.12.2022;46.500283;6.660889;0.527108434;0
S3B_OL_1_EFR____20221228T091903_20221228T092203_20240524T102409_0179_074_207_2160_MAR_R_NT_004.SEN3;041a2371-bb31-3183-9f33-c7abfb6a3120;S3B;OLCI;L2_THETIS_GRID_20221226_20230105.nc;1.230635398;0.117927539;0.095826546;LXP;28.12.2022;46.500283;6.660889;0.975301205;0
S3A_OL_1_EFR____20221228T095808_20221228T100108_20240605T194459_0179_093_350_2160_MAR_R_NT_004.SEN3;4cbc8505-542b-343f-9070-2d64b059e9dd;S3A;OLCI;L2_THETIS_GRID_20221226_20230105.nc;1.230635398;0.117927539;0.095826546;LXP;28.12.2022;46.500283;6.660889;0.975301205;0
S3A_OL_1_EFR____20221229T093158_20221229T093458_20240605T195111_0179_093_364_2160_MAR_R_NT_004.SEN3;6629c306-1b6f-3ea8-8660-0366b6639b53;S3A;OLCI;L2_THETIS_GRID_20221226_20230105.nc;1.221035254;0.085391007;0.069933285;LXP;29.12.2022;46.500283;6.660889;1;0
S3B_OL_1_EFR____20221230T100740_20221230T101040_20240524T110832_0180_074_236_2160_MAR_R_NT_004.SEN3;51a223a6-b4f7-3728-b04c-194b0986b231;S3B;OLCI;L2_THETIS_GRID_20221226_20230105.nc;1.407691229;0.125405817;0.089086167;LXP;30.12.2022;46.500283;6.660889;1;0
S3B_OL_1_EFR____20221231T094129_20221231T094429_20240524T093414_0180_074_250_2160_MAR_R_NT_004.SEN3;2bcd0ca2-6b60-3f59-b6d8-aef4f44cbd5f;S3B;OLCI;L2_THETIS_GRID_20221226_20230105.nc;1.286279087;0.069223052;0.05381651;LXP;31.12.2022;46.500283;6.660889;1;0
S3A_OL_1_EFR____20221231T102036_20221231T102336_20240605T200341_0180_094_008_2160_MAR_R_NT_004.SEN3;5353857a-48e0-30b3-9d2b-c9fd91eedfb4;S3A;OLCI;L2_THETIS_GRID_20221226_20230105.nc;1.286279087;0.069223052;0.05381651;LXP;31.12.2022;46.500283;6.660889;1;0
S3A_OL_1_EFR____20230101T095425_20230101T095725_20240605T200809_0180_094_022_2160_MAR_R_NT_004.SEN3;65871fc6-49bc-3eda-a79a-b3c43124bc43;S3A;OLCI;L2_THETIS_GRID_20221226_20230105.nc;1.180762695;0.046143855;0.039079702;LXP;01.01.2023;46.500283;6.660889;1;0
S3A_OL_1_EFR____20230102T092814_20230102T093114_20240605T200726_0179_094_036_2160_MAR_R_NT_004.SEN3;97da68d0-0ee4-3bc9-8307-6fa5edd7a853;S3A;OLCI;L2_THETIS_GRID_20221226_20230105.nc;1.300884584;0.123180817;0.094690042;LXP;02.01.2023;46.500283;6.660889;1;0
S3B_OL_1_EFR____20230103T100356_20230103T100656_20240527T131350_0179_074_293_2160_MAR_R_NT_004.SEN3;ad362c7b-df3d-3188-8f79-715d02cd3820;S3B;OLCI;L2_THETIS_GRID_20221226_20230105.nc;1.230635398;0.117927539;0.095826546;LXP;03.01.2023;46.500283;6.660889;1;0
S3A_OL_1_EFR____20230104T101652_20230104T101952_20240605T200606_0179_094_065_2160_MAR_R_NT_004.SEN3;ab68b5c3-a4eb-322e-b8db-a0c4d80cbb61;S3A;OLCI;L2_THETIS_GRID_20221226_20230105.nc;1.221035254;0.085391007;0.069933285;LXP;04.01.2023;46.500283;6.660889;1;0
S3B_OL_1_EFR____20230104T093744_20230104T094044_20240527T110209_0179_074_307_2160_MAR_R_NT_004.SEN3;d21fb707-674f-3900-b211-61e9d891ef43;S3B;OLCI;L2_THETIS_GRID_20221226_20230105.nc;1.221035254;0.085391007;0.069933285;LXP;04.01.2023;46.500283;6.660889;1;0
S3A_OL_1_EFR____20230105T095041_20230105T095341_20240605T200748_0179_094_079_2160_MAR_R_NT_004.SEN3;6b1ebbc4-a646-32fe-8f08-df14505d2a31;S3A;OLCI;L2_THETIS_GRID_20230105_20230115.nc;1.318045659;0.18898035;0.143379214;LXP;05.01.2023;46.500283;6.660889;1;0
S3B_OL_1_EFR____20230106T102621_20230106T102921_20240527T124903_0180_074_336_2160_MAR_R_NT_004.SEN3;86c9ec5a-f277-3a45-86e8-38c80054b6df;S3B;OLCI;L2_THETIS_GRID_20230105_20230115.nc;1.367032268;0.054773252;0.040067271;LXP;06.01.2023;46.500283;6.660889;0.99954717;0
S3A_OL_1_EFR____20230106T092431_20230106T092731_20240605T200856_0179_094_093_2160_MAR_R_NT_004.SEN3;d2e4e322-7881-3822-8ec1-53f14a0196f1;S3A;OLCI;L2_THETIS_GRID_20230105_20230115.nc;1.367032268;0.054773252;0.040067271;LXP;06.01.2023;46.500283;6.660889;0.999246988;0
S3B_OL_1_EFR____20230118T101506_20230118T101806_20240527T114818_0180_075_122_2160_MAR_R_NT_004.SEN3;53847b53-9920-3923-8d8b-3de113f902c3;S3B;OLCI;L2_THETIS_GRID_20230115_20230125.nc;1.077092512;0.064528318;0.059909727;LXP;18.01.2023;46.500283;6.660889;1;0
S3B_OL_1_EFR____20230119T094855_20230119T095155_20240527T144511_0179_075_136_2160_MAR_R_NT_004.SEN3;9a22db5a-aa4a-383f-ad62-ab99fe372fe1;S3B;OLCI;L2_THETIS_GRID_20230115_20230125.nc;1.126097668;0.086146484;0.076500011;LXP;19.01.2023;46.500283;6.660889;0.233885542;0
S3A_OL_1_EFR____20230120T100155_20230120T100455_20240605T212851_0179_094_293_2160_MAR_R_NT_004.SEN3;c70e09c8-0ae6-3cc6-9c8b-1116fb13d890;S3A;OLCI;L2_THETIS_GRID_20230115_20230125.nc;1.167196728;0.063547585;0.054444622;LXP;20.01.2023;46.500283;6.660889;0.86189759;0
S3B_OL_1_EFR____20230120T092244_20230120T092544_20240527T120111_0179_075_150_2160_MAR_R_NT_004.SEN3;9356b47c-0b99-353b-809f-f444c8bebb5b;S3B;OLCI;L2_THETIS_GRID_20230115_20230125.nc;1.167196728;0.063547585;0.054444622;LXP;20.01.2023;46.500283;6.660889;0.86189759;0
S3A_OL_1_EFR____20230121T093545_20230121T093845_20240605T212819_0179_094_307_2160_MAR_R_NT_004.SEN3;aab3690a-5131-3c71-87d3-3a984bded425;S3A;OLCI;L2_THETIS_GRID_20230115_20230125.nc;1.069720977;0.085127919;0.079579555;LXP;21.01.2023;46.500283;6.660889;0.876054217;0
S3B_OL_1_EFR____20230122T101121_20230122T101421_20240527T125415_0179_075_179_2160_MAR_R_NT_004.SEN3;32d57108-54d4-3066-b407-87ab9f58e9b1;S3B;OLCI;L2_THETIS_GRID_20230115_20230125.nc;1.092239704;0.058026491;0.05312615;LXP;22.01.2023;46.500283;6.660889;0.786144578;0
S3B_OL_1_EFR____20230123T094509_20230123T094809_20240527T163736_0179_075_193_2160_MAR_R_NT_004.SEN3;5b23b2bb-ba68-3529-be56-7112b9589515;S3B;OLCI;L2_THETIS_GRID_20230115_20230125.nc;1.10537381;0.060993591;0.055179154;LXP;23.01.2023;46.500283;6.660889;0.996987952;0
S3A_OL_1_EFR____20230123T102423_20230123T102723_20240605T212833_0179_094_336_2160_MAR_R_NT_004.SEN3;09981458-659a-3802-8a4b-7161f6a2575d;S3A;OLCI;L2_THETIS_GRID_20230115_20230125.nc;1.10537381;0.060993591;0.055179154;LXP;23.01.2023;46.500283;6.660889;0.996987952;0
S3B_OL_1_EFR____20230124T091859_20230124T092159_20240527T131030_0179_075_207_2160_MAR_R_NT_004.SEN3;3eb0ccb8-5f60-34a5-8bdd-179bddba3b24;S3B;OLCI;L2_THETIS_GRID_20230115_20230125.nc;1.07291244;0.085748465;0.079921214;LXP;24.01.2023;46.500283;6.660889;0.766566265;0
S3A_OL_1_EFR____20230124T095812_20230124T100112_20240605T212246_0179_094_350_2160_MAR_R_NT_004.SEN3;e4b8445f-ef6c-3049-a4a3-464b3414133a;S3A;OLCI;L2_THETIS_GRID_20230115_20230125.nc;1.07291244;0.085748465;0.079921214;LXP;24.01.2023;46.500283;6.660889;0.766566265;0
S3A_OL_1_EFR____20230125T093201_20230125T093501_20240605T212800_0179_094_364_2160_MAR_R_NT_004.SEN3;8d582a25-0c30-3c9b-a4fe-5ed1fd38bfde;S3A;OLCI;L2_THETIS_GRID_20230125_20230204.nc;1.097185712;0.098296773;0.089589913;LXP;25.01.2023;46.500283;6.660889;1;0
S3B_OL_1_EFR____20230126T100737_20230126T101037_20240527T155423_0180_075_236_2160_MAR_R_NT_004.SEN3;39e6bb8a-f5da-32e0-b12f-77275f2a9b70;S3B;OLCI;L2_THETIS_GRID_20230125_20230204.nc;1.134148428;0.057449693;0.050654475;LXP;26.01.2023;46.500283;6.660889;1;0
S3A_OL_1_EFR____20230127T102039_20230127T102339_20240605T212714_0179_095_008_2160_MAR_R_NT_004.SEN3;1ecd5318-44ab-3bfd-a331-864f8b7c4208;S3A;OLCI;L2_THETIS_GRID_20230125_20230204.nc;1.079267435;0.047286143;0.043813184;LXP;27.01.2023;46.500283;6.660889;0.99939759;0
S3B_OL_1_EFR____20230127T094127_20230127T094427_20240527T124113_0179_075_250_2160_MAR_R_NT_004.SEN3;03340bdc-313a-31c7-be6d-f48da0f382b7;S3B;OLCI;L2_THETIS_GRID_20230125_20230204.nc;1.079267435;0.047286143;0.043813184;LXP;27.01.2023;46.500283;6.660889;0.99939759;0
S3A_OL_1_EFR____20230128T095428_20230128T095728_20240605T212827_0179_095_022_2160_MAR_R_NT_004.SEN3;bfaa03f5-bced-34c9-a441-9121dce629fc;S3A;OLCI;L2_THETIS_GRID_20230125_20230204.nc;1.066727588;0.061543918;0.057694128;LXP;28.01.2023;46.500283;6.660889;0.992620482;0
S3A_OL_1_EFR____20230129T092817_20230129T093117_20240605T212617_0179_095_036_2160_MAR_R_NT_004.SEN3;c0296010-224c-3db6-9c99-b3161e926d29;S3A;OLCI;L2_THETIS_GRID_20230125_20230204.nc;1.101684271;0.053439106;0.048506734;LXP;29.01.2023;46.500283;6.660889;1;0
S3B_OL_1_EFR____20230130T100354_20230130T100654_20240527T165729_0179_075_293_2160_MAR_R_NT_004.SEN3;1b49bc1a-dd7c-35b6-acf2-1a81ad525640;S3B;OLCI;L2_THETIS_GRID_20230125_20230204.nc;1.046860929;0.100793306;0.096281467;LXP;30.01.2023;46.500283;6.660889;1;0
S3B_OL_1_EFR____20230131T093744_20230131T094044_20240527T142038_0179_075_307_2160_MAR_R_NT_004.SEN3;d96c66ff-54bf-36f9-9f6a-12f4358114f6;S3B;OLCI;L2_THETIS_GRID_20230125_20230204.nc;1.065817188;0.089028185;0.083530446;LXP;31.01.2023;46.500283;6.660889;0.131475904;0
S3A_OL_1_EFR____20230131T101655_20230131T101955_20240605T212846_0179_095_065_2160_MAR_R_NT_004.SEN3;67fbaf02-db74-362f-8619-8edc516a53b6;S3A;OLCI;L2_THETIS_GRID_20230125_20230204.nc;1.065817188;0.089028185;0.083530446;LXP;31.01.2023;46.500283;6.660889;0.131475904;0
S3A_OL_1_EFR____20230201T095044_20230201T095344_20240605T212853_0179_095_079_2160_MAR_R_NT_004.SEN3;bd635bcf-e39e-38c5-809e-2d99b0f6faf5;S3A;OLCI;L2_THETIS_GRID_20230125_20230204.nc;1.163502404;0.139053908;0.119513211;LXP;01.02.2023;46.500283;6.660889;0.828162651;0
S3B_OL_1_EFR____20230202T102622_20230202T102922_20240527T163815_0179_075_336_2160_MAR_R_NT_004.SEN3;cfe46af5-d444-3976-bfc4-954b6052ee9c;S3B;OLCI;L2_THETIS_GRID_20230125_20230204.nc;1.13577854;0.054654912;0.048121099;LXP;02.02.2023;46.500283;6.660889;0.218566038;0
S3A_OL_1_EFR____20230202T092433_20230202T092733_20240605T212842_0179_095_093_2160_MAR_R_NT_004.SEN3;756942be-c919-368d-9ae6-f5a7152c8137;S3A;OLCI;L2_THETIS_GRID_20230125_20230204.nc;1.13577854;0.054654912;0.048121099;LXP;02.02.2023;46.500283;6.660889;0.220331325;0
S3B_OL_1_EFR____20230203T100011_20230203T100311_20240527T124747_0179_075_350_2160_MAR_R_NT_004.SEN3;f007f1a1-3238-3958-a3da-7df84dfc31e0;S3B;OLCI;L2_THETIS_GRID_20230125_20230204.nc;1.087040021;0.047421462;0.043624394;LXP;03.02.2023;46.500283;6.660889;0.150903614;0
S3B_OL_1_EFR____20230204T093400_20230204T093700_20240527T163344_0179_075_364_2160_MAR_R_NT_004.SEN3;81c58ad0-3a32-3fbb-9f49-351005ad1968;S3B;OLCI;L2_THETIS_GRID_20230204_20230214.nc;1.438830893;0.134536893;0.093504312;LXP;04.02.2023;46.500283;6.660889;0.873493976;0
S3A_OL_1_EFR____20230204T101311_20230204T101611_20240605T214024_0179_095_122_2160_MAR_R_NT_004.SEN3;f4981600-47fd-3576-a30d-cc43cc7d3511;S3A;OLCI;L2_THETIS_GRID_20230204_20230214.nc;1.438830893;0.134536893;0.093504312;LXP;04.02.2023;46.500283;6.660889;0.873493976;0
S3A_OL_1_EFR____20230205T094700_20230205T095000_20240605T215519_0179_095_136_2160_MAR_R_NT_004.SEN3;85653eee-6a66-3b17-8f66-e39c56f40eeb;S3A;OLCI;L2_THETIS_GRID_20230204_20230214.nc;1.257176692;0.231734284;0.184329129;LXP;05.02.2023;46.500283;6.660889;0.327710843;0
S3A_OL_1_EFR____20230206T092049_20230206T092349_20240605T222849_0179_095_150_2160_MAR_R_NT_004.SEN3;f4237aaf-a66b-34fe-82c0-d4a615210b3a;S3A;OLCI;L2_THETIS_GRID_20230204_20230214.nc;1.154019125;0.103092446;0.089333394;LXP;06.02.2023;46.500283;6.660889;0.909036145;0
S3B_OL_1_EFR____20230206T102238_20230206T102538_20240527T181317_0179_076_008_2160_MAR_R_NT_004.SEN3;1f5d37e2-6baa-39b8-95c5-a060ab046b7e;S3B;OLCI;L2_THETIS_GRID_20230204_20230214.nc;1.154019125;0.103092446;0.089333394;LXP;06.02.2023;46.500283;6.660889;0.909036145;0
S3B_OL_1_EFR____20230207T095628_20230207T095928_20240527T144759_0179_076_022_2160_MAR_R_NT_004.SEN3;1b742062-3633-3881-b6ea-993728056a35;S3B;OLCI;L2_THETIS_GRID_20230204_20230214.nc;1.110991224;0.144024379;0.129635929;LXP;07.02.2023;46.500283;6.660889;0.002861446;0
S3A_OL_1_EFR____20230208T100926_20230208T101226_20240605T224604_0179_095_179_2160_MAR_R_NT_004.SEN3;9d20c425-3d90-38f8-b30c-20abc48cc960;S3A;OLCI;L2_THETIS_GRID_20230204_20230214.nc;1.219307699;0.105859302;0.086819186;LXP;08.02.2023;46.500283;6.660889;0.981174699;0
S3B_OL_1_EFR____20230208T093017_20230208T093317_20240527T181431_0179_076_036_2160_MAR_R_NT_004.SEN3;f332ed7b-36d7-3e22-a57f-ff3b7771b26f;S3B;OLCI;L2_THETIS_GRID_20230204_20230214.nc;1.219307699;0.105859302;0.086819186;LXP;08.02.2023;46.500283;6.660889;0.981174699;0
S3A_OL_1_EFR____20230209T094315_20230209T094615_20240605T225127_0179_095_193_2160_MAR_R_NT_004.SEN3;cb45de22-1db9-3f52-bac9-dbf4f2efbfed;S3A;OLCI;L2_THETIS_GRID_20230204_20230214.nc;1.038673193;0.125617786;0.120940626;LXP;09.02.2023;46.500283;6.660889;0.974548193;0
S3B_OL_1_EFR____20230210T101854_20230210T102154_20240527T125108_0179_076_065_2160_MAR_R_NT_004.SEN3;91fc918a-8d6d-3e5a-ae10-c7a5aa7a5b28;S3B;OLCI;L2_THETIS_GRID_20230204_20230214.nc;1.228527756;0.172534729;0.140440237;LXP;10.02.2023;46.500283;6.660889;0.199849398;0
S3B_OL_1_EFR____20230211T095243_20230211T095543_20240527T163151_0179_076_079_2160_MAR_R_NT_004.SEN3;d206af5c-1665-37a3-903b-bb2a13b4cf76;S3B;OLCI;L2_THETIS_GRID_20230204_20230214.nc;1.255360966;0.151844909;0.12095717;LXP;11.02.2023;46.500283;6.660889;1;0
S3A_OL_1_EFR____20230212T100540_20230212T100840_20240605T225126_0179_095_236_2160_MAR_R_NT_004.SEN3;b8d418f9-7332-33c2-982d-a03e1dee5aac;S3A;OLCI;L2_THETIS_GRID_20230204_20230214.nc;1.385288805;0.183220227;0.132261393;LXP;12.02.2023;46.500283;6.660889;0.005421687;0
S3B_OL_1_EFR____20230212T092632_20230212T092932_20240527T125149_0179_076_093_2160_MAR_R_NT_004.SEN3;22ca705c-abd5-3522-9b23-3c2e3a9d68f5;S3B;OLCI;L2_THETIS_GRID_20230204_20230214.nc;1.385288805;0.183220227;0.132261393;LXP;12.02.2023;46.500283;6.660889;0.005421687;0
S3A_OL_1_EFR____20230213T093929_20230213T094229_20240605T225126_0179_095_250_2160_MAR_R_NT_004.SEN3;f5f3f655-fa70-3c2e-904f-40e85a26eae8;S3A;OLCI;L2_THETIS_GRID_20230204_20230214.nc;1.117445704;0.118842251;0.1063517;LXP;13.02.2023;46.500283;6.660889;0.924849398;0
S3B_OL_1_EFR____20230214T101509_20230214T101809_20240527T144427_0179_076_122_2160_MAR_R_NT_004.SEN3;fd763bef-1766-39b8-9d67-6162a3f5bfc9;S3B;OLCI;L2_THETIS_GRID_20230214_20230224.nc;1.091107615;0.107614677;0.098628838;LXP;14.02.2023;46.500283;6.660889;0.301957831;0
S3B_OL_1_EFR____20230216T092247_20230216T092547_20240527T144653_0180_076_150_2160_MAR_R_NT_004.SEN3;58346841-c3ce-3a0d-b655-03089839d723;S3B;OLCI;L2_THETIS_GRID_20230214_20230224.nc;1.341838359;0.304330298;0.226801012;LXP;16.02.2023;46.500283;6.660889;0.00376506;0
S3A_OL_1_EFR____20230216T100154_20230216T100454_20240605T224946_0179_095_293_2160_MAR_R_NT_004.SEN3;d7ce8e1d-cea8-34c8-ab05-f3496f6f98f2;S3A;OLCI;L2_THETIS_GRID_20230214_20230224.nc;1.341838359;0.304330298;0.226801012;LXP;16.02.2023;46.500283;6.660889;0.00376506;0
S3A_OL_1_EFR____20230217T093543_20230217T093843_20240605T224934_0179_095_307_2160_MAR_R_NT_004.SEN3;f9f4cb3c-b2df-3284-bd06-628b62b67c76;S3A;OLCI;L2_THETIS_GRID_20230214_20230224.nc;1.998520343;0.360886356;0.180576774;LXP;17.02.2023;46.500283;6.660889;1;0
S3B_OL_1_EFR____20230218T101125_20230218T101425_20240527T163258_0179_076_179_2160_MAR_R_NT_004.SEN3;f7028b58-3a72-3daa-88f6-c13b0ea305e6;S3B;OLCI;L2_THETIS_GRID_20230214_20230224.nc;1.449960608;0.38128467;0.262962089;LXP;18.02.2023;46.500283;6.660889;1;0
S3B_OL_1_EFR____20230219T094514_20230219T094814_20240527T125430_0179_076_193_2160_MAR_R_NT_004.SEN3;9ad5aebe-e862-34dc-81f4-0761a2acb949;S3B;OLCI;L2_THETIS_GRID_20230214_20230224.nc;2.494993109;0.461993393;0.185168204;LXP;19.02.2023;46.500283;6.660889;0.003012048;0
S3A_OL_1_EFR____20230219T102421_20230219T102721_20240605T224930_0179_095_336_2160_MAR_R_NT_004.SEN3;c7f52e60-3ae4-3ceb-8e11-3f8853c8be57;S3A;OLCI;L2_THETIS_GRID_20230214_20230224.nc;2.494993109;0.461993393;0.185168204;LXP;19.02.2023;46.500283;6.660889;0.003012048;0
S3A_OL_1_EFR____20230220T095810_20230220T100110_20240605T225157_0179_095_350_2160_MAR_R_NT_004.SEN3;e8d321ce-e5aa-3d90-be3a-baf719dc1320;S3A;OLCI;L2_THETIS_GRID_20230214_20230224.nc;3.72202917;0.510574956;0.137176506;LXP;20.02.2023;46.500283;6.660889;0.051506024;0
S3B_OL_1_EFR____20230220T091903_20230220T092203_20240527T162035_0179_076_207_2160_MAR_R_NT_004.SEN3;d6adeb2f-3a6d-3d56-b2d9-42b5e44bd0c5;S3B;OLCI;L2_THETIS_GRID_20230214_20230224.nc;3.72202917;0.510574956;0.137176506;LXP;20.02.2023;46.500283;6.660889;0.051506024;0
S3A_OL_1_EFR____20230221T093159_20230221T093459_20240605T225151_0179_095_364_2160_MAR_R_NT_004.SEN3;f98da762-869d-3d35-b786-7a25232c9989;S3A;OLCI;L2_THETIS_GRID_20230214_20230224.nc;4.568471095;0.418392159;0.091582534;LXP;21.02.2023;46.500283;6.660889;0.927560241;0
S3B_OL_1_EFR____20230222T100741_20230222T101041_20240527T182642_0179_076_236_2160_MAR_R_NT_004.SEN3;421a4098-b890-30c8-b373-5e143744782d;S3B;OLCI;L2_THETIS_GRID_20230214_20230224.nc;5.343612387;0.761085903;0.1424291;LXP;22.02.2023;46.500283;6.660889;1;0
S3B_OL_1_EFR____20230223T094130_20230223T094430_20240527T144727_0179_076_250_2160_MAR_R_NT_004.SEN3;79238728-be8d-3461-8d62-1bfe2d1112ed;S3B;OLCI;L2_THETIS_GRID_20230214_20230224.nc;4.192056923;0.794170205;0.189446427;LXP;23.02.2023;46.500283;6.660889;1;0
S3A_OL_1_EFR____20230223T102037_20230223T102337_20240605T225227_0179_096_008_2160_MAR_R_NT_004.SEN3;eab6ae61-22fd-3df1-b93f-5f31e34ddf07;S3A;OLCI;L2_THETIS_GRID_20230214_20230224.nc;4.192056923;0.794170205;0.189446427;LXP;23.02.2023;46.500283;6.660889;1;0
S3A_OL_1_EFR____20230224T095426_20230224T095726_20240605T231247_0179_096_022_2160_MAR_R_NT_004.SEN3;b3254f0b-1c7a-39e2-9698-a64baf865dab;S3A;OLCI;L2_THETIS_GRID_20230224_20230306.nc;3.488847463;0.633103697;0.181464998;LXP;24.02.2023;46.500283;6.660889;0.990813253;0
S3A_OL_1_EFR____20230225T092815_20230225T093115_20240605T232747_0180_096_036_2160_MAR_R_NT_004.SEN3;30b5813a-d9d2-3859-aeb4-0bf9929b7704;S3A;OLCI;L2_THETIS_GRID_20230224_20230306.nc;1.244469274;0.266233958;0.213933733;LXP;25.02.2023;46.500283;6.660889;1;0
S3B_OL_1_EFR____20230226T100357_20230226T100657_20240527T135725_0179_076_293_2160_MAR_R_NT_004.SEN3;208f42d6-cd14-3310-af2f-795ee3bb4f43;S3B;OLCI;L2_THETIS_GRID_20230224_20230306.nc;1.223271113;0.159036579;0.130009266;LXP;26.02.2023;46.500283;6.660889;0.843524096;0
S3B_OL_1_EFR____20230227T093746_20230227T094046_20240527T163442_0179_076_307_2160_MAR_R_NT_004.SEN3;6c9c18b4-1d3a-31b5-8784-5da4d50e0fb5;S3B;OLCI;L2_THETIS_GRID_20230224_20230306.nc;1.277158855;0.200911572;0.157311341;LXP;27.02.2023;46.500283;6.660889;0.964457831;0
S3A_OL_1_EFR____20230227T101652_20230227T101952_20240605T234709_0179_096_065_2160_MAR_R_NT_004.SEN3;af439f76-4d03-3ddc-88c6-40ee68eb55f4;S3A;OLCI;L2_THETIS_GRID_20230224_20230306.nc;1.277158855;0.200911572;0.157311341;LXP;27.02.2023;46.500283;6.660889;0.964457831;0
S3A_OL_1_EFR____20230228T095041_20230228T095341_20240606T000444_0180_096_079_2160_MAR_R_NT_004.SEN3;aba22fba-cea0-3d26-8939-92cbbd221cec;S3A;OLCI;L2_THETIS_GRID_20230224_20230306.nc;1.261029963;0.178785542;0.141777394;LXP;28.02.2023;46.500283;6.660889;0.983885542;0
S3B_OL_1_EFR____20230301T102623_20230301T102923_20240527T183604_0179_076_336_2160_MAR_R_NT_004.SEN3;b6c051e0-557b-3af5-bd0d-218f59348c68;S3B;OLCI;L2_THETIS_GRID_20230224_20230306.nc;1.276719437;0.112234479;0.087908491;LXP;01.03.2023;46.500283;6.660889;1;0
S3A_OL_1_EFR____20230301T092429_20230301T092729_20240606T001827_0179_096_093_2160_MAR_R_NT_004.SEN3;51d7c5d2-933c-3cad-8093-b481eb63ed14;S3A;OLCI;L2_THETIS_GRID_20230224_20230306.nc;1.276719437;0.112234479;0.087908491;LXP;01.03.2023;46.500283;6.660889;1;0
S3B_OL_1_EFR____20230302T100012_20230302T100312_20240527T162229_0179_076_350_2160_MAR_R_NT_004.SEN3;1bcead9a-934c-313d-9fb8-ccc938ecc9a7;S3B;OLCI;L2_THETIS_GRID_20230224_20230306.nc;1.216693936;0.165935331;0.136382147;LXP;02.03.2023;46.500283;6.660889;1;0
S3B_OL_1_EFR____20230303T093401_20230303T093701_20240527T184914_0180_076_364_2160_MAR_R_NT_004.SEN3;d0f9a7de-e2c0-3cfc-9a10-d5327e4552ae;S3B;OLCI;L2_THETIS_GRID_20230224_20230306.nc;1.253009503;0.18068476;0.144200631;LXP;03.03.2023;46.500283;6.660889;1;0
S3A_OL_1_EFR____20230303T101308_20230303T101608_20240606T002002_0180_096_122_2160_MAR_R_NT_004.SEN3;ddea7c2d-bb69-32c0-9fb9-c56987171c79;S3A;OLCI;L2_THETIS_GRID_20230224_20230306.nc;1.253009503;0.18068476;0.144200631;LXP;03.03.2023;46.500283;6.660889;1;0
S3A_OL_1_EFR____20230304T094657_20230304T094957_20240606T001820_0179_096_136_2160_MAR_R_NT_004.SEN3;98e9e9e9-1a63-3d78-ae7d-cdf00697663d;S3A;OLCI;L2_THETIS_GRID_20230224_20230306.nc;1.186540566;0.209544321;0.176601059;LXP;04.03.2023;46.500283;6.660889;1;0
S3B_OL_1_EFR____20230305T102237_20230305T102537_20240527T144219_0179_077_008_2160_MAR_R_NT_004.SEN3;b407c8d1-e469-3ec0-a927-ce45b6c93a5e;S3B;OLCI;L2_THETIS_GRID_20230224_20230306.nc;1.180261419;0.221151075;0.187374654;LXP;05.03.2023;46.500283;6.660889;0.999849398;0
S3A_OL_1_EFR____20230305T092046_20230305T092346_20240606T001918_0179_096_150_2160_MAR_R_NT_004.SEN3;f30722a0-bfc9-3912-bc67-f965b0316d52;S3A;OLCI;L2_THETIS_GRID_20230224_20230306.nc;1.180261419;0.221151075;0.187374654;LXP;05.03.2023;46.500283;6.660889;0.999849398;0
S3B_OL_1_EFR____20230306T095626_20230306T095926_20240527T183127_0179_077_022_2160_MAR_R_NT_004.SEN3;df25d12f-7ef4-392d-8268-932b1a51a5fd;S3B;OLCI;L2_THETIS_GRID_20230306_20230316.nc;1.276369024;0.205664095;0.161132158;LXP;06.03.2023;46.500283;6.660889;0.976355422;0
S3B_OL_1_EFR____20230307T093015_20230307T093315_20240527T143932_0180_077_036_2160_MAR_R_NT_004.SEN3;92fb67a1-47c3-3f8f-8977-23f90e3ab012;S3B;OLCI;L2_THETIS_GRID_20230306_20230316.nc;1.15311131;0.216274284;0.187557162;LXP;07.03.2023;46.500283;6.660889;0.963554217;0
S3A_OL_1_EFR____20230307T100924_20230307T101224_20240606T002030_0179_096_179_2160_MAR_R_NT_004.SEN3;428bdba7-6954-3f3d-a6f2-fbdb87e58e5e;S3A;OLCI;L2_THETIS_GRID_20230306_20230316.nc;1.15311131;0.216274284;0.187557162;LXP;07.03.2023;46.500283;6.660889;0.963554217;0
S3A_OL_1_EFR____20230308T094313_20230308T094613_20240606T002020_0179_096_193_2160_MAR_R_NT_004.SEN3;1463d8f6-a95f-318d-9c48-480cf372ae1d;S3A;OLCI;L2_THETIS_GRID_20230306_20230316.nc;1.195784005;0.160282533;0.134039703;LXP;08.03.2023;46.500283;6.660889;1;0
S3B_OL_1_EFR____20230309T101853_20230309T102153_20240527T163633_0179_077_065_2160_MAR_R_NT_004.SEN3;4c890f44-3d46-3899-9768-f96e7a0b9df2;S3B;OLCI;L2_THETIS_GRID_20230306_20230316.nc;0.982138437;0.156413466;0.159258064;LXP;09.03.2023;46.500283;6.660889;0.166716867;0
S3B_OL_1_EFR____20230310T095242_20230310T095542_20240527T202010_0179_077_079_2160_MAR_R_NT_004.SEN3;31112c74-213a-3625-8323-3378a8868e84;S3B;OLCI;L2_THETIS_GRID_20230306_20230316.nc;0.927796102;0.108439052;0.116878107;LXP;10.03.2023;46.500283;6.660889;1;0
S3A_OL_1_EFR____20230311T100540_20230311T100840_20240606T001923_0179_096_236_2160_MAR_R_NT_004.SEN3;56aa9fa4-cd3e-3bf8-8e2b-e16dcadcfe0b;S3A;OLCI;L2_THETIS_GRID_20230306_20230316.nc;0.958961062;0.121929836;0.127147848;LXP;11.03.2023;46.500283;6.660889;1;0
S3B_OL_1_EFR____20230311T092631_20230311T092931_20240527T163854_0179_077_093_2160_MAR_R_NT_004.SEN3;9374b79c-ccbd-3c6d-8c91-21cf187116af;S3B;OLCI;L2_THETIS_GRID_20230306_20230316.nc;0.958961062;0.121929836;0.127147848;LXP;11.03.2023;46.500283;6.660889;1;0
S3A_OL_1_EFR____20230312T093929_20230312T094229_20240606T002024_0179_096_250_2160_MAR_R_NT_004.SEN3;54774065-17c0-356e-9df1-014d6563ecfb;S3A;OLCI;L2_THETIS_GRID_20230306_20230316.nc;1.255772026;0.175231008;0.139540461;LXP;12.03.2023;46.500283;6.660889;0.859638554;0
S3B_OL_1_EFR____20230313T101509_20230313T101809_20240527T182534_0179_077_122_2160_MAR_R_NT_004.SEN3;c55d295b-8f41-3582-9d51-c791b88e6b86;S3B;OLCI;L2_THETIS_GRID_20230306_20230316.nc;1.49221851;0.236688927;0.158615461;LXP;13.03.2023;46.500283;6.660889;0.906777108;0
S3B_OL_1_EFR____20230314T094858_20230314T095158_20240527T144631_0179_077_136_2160_MAR_R_NT_004.SEN3;e09cc366-7e65-3c7a-bc1a-37a28bb5d701;S3B;OLCI;L2_THETIS_GRID_20230306_20230316.nc;1.104448181;0.143942453;0.130329748;LXP;14.03.2023;46.500283;6.660889;1;0
S3B_OL_1_EFR____20230315T092247_20230315T092547_20240527T182312_0179_077_150_2160_MAR_R_NT_004.SEN3;869fb43d-4eed-3577-ad37-914114913242;S3B;OLCI;L2_THETIS_GRID_20230306_20230316.nc;0.973117672;0.129749553;0.133333878;LXP;15.03.2023;46.500283;6.660889;0.360843373;0
S3A_OL_1_EFR____20230315T100155_20230315T100455_20240606T002138_0179_096_293_2160_MAR_R_NT_004.SEN3;665cf602-0247-3167-b65c-5945d80d952b;S3A;OLCI;L2_THETIS_GRID_20230306_20230316.nc;0.973117672;0.129749553;0.133333878;LXP;15.03.2023;46.500283;6.660889;0.360843373;0
S3A_OL_1_EFR____20230316T093545_20230316T093845_20240606T002220_0179_096_307_2160_MAR_R_NT_004.SEN3;f6b4858c-9e22-3724-99ac-0e32c2a93714;S3A;OLCI;L2_THETIS_GRID_20230316_20230326.nc;1.588752199;0.201119816;0.126589796;LXP;16.03.2023;46.500283;6.660889;1;0
S3B_OL_1_EFR____20230317T101125_20230317T101425_20240527T202106_0180_077_179_2160_MAR_R_NT_004.SEN3;1c876005-38fe-3434-a072-a7d507b08e74;S3B;OLCI;L2_THETIS_GRID_20230316_20230326.nc;2.44560105;0.732885578;0.299675034;LXP;17.03.2023;46.500283;6.660889;1;0
S3B_OL_1_EFR____20230318T094514_20230318T094814_20240527T164012_0179_077_193_2160_MAR_R_NT_004.SEN3;46e2bca2-5513-3050-aae7-89f1c3eab911;S3B;OLCI;L2_THETIS_GRID_20230316_20230326.nc;2.395506857;0.422298145;0.176287596;LXP;18.03.2023;46.500283;6.660889;0.871987952;0
S3A_OL_1_EFR____20230318T102423_20230318T102723_20240606T004404_0180_096_336_2160_MAR_R_NT_004.SEN3;0220d84d-c622-3177-8b62-e96a1de9bbf0;S3A;OLCI;L2_THETIS_GRID_20230316_20230326.nc;2.395506857;0.422298145;0.176287596;LXP;18.03.2023;46.500283;6.660889;0.871987952;0
S3B_OL_1_EFR____20230319T091902_20230319T092202_20240527T202116_0179_077_207_2160_MAR_R_NT_004.SEN3;4e867891-6666-38fc-9084-073e7e0a4186;S3B;OLCI;L2_THETIS_GRID_20230316_20230326.nc;3.324844928;0.614535093;0.184831205;LXP;19.03.2023;46.500283;6.660889;1;0
S3A_OL_1_EFR____20230319T095813_20230319T100113_20240606T005904_0179_096_350_2160_MAR_R_NT_004.SEN3;f3abfb43-70b6-3681-937a-10d5e09db884;S3A;OLCI;L2_THETIS_GRID_20230316_20230326.nc;3.324844928;0.614535093;0.184831205;LXP;19.03.2023;46.500283;6.660889;1;0
S3A_OL_1_EFR____20230320T093202_20230320T093502_20240606T013117_0179_096_364_2160_MAR_R_NT_004.SEN3;4c96ca71-99e5-3fe8-a8ec-b0eb5facd011;S3A;OLCI;L2_THETIS_GRID_20230316_20230326.nc;3.767888867;1.070433284;0.284093646;LXP;20.03.2023;46.500283;6.660889;0.478614458;0
S3B_OL_1_EFR____20230321T100740_20230321T101040_20240527T144808_0179_077_236_2160_MAR_R_NT_004.SEN3;600782a8-b23d-3e1a-9f72-d7b9662fd017;S3B;OLCI;L2_THETIS_GRID_20230316_20230326.nc;5.334967941;1.616186123;0.30294205;LXP;21.03.2023;46.500283;6.660889;1;0
S3A_OL_1_EFR____20230322T102041_20230322T102341_20240606T014722_0179_097_008_2160_MAR_R_NT_004.SEN3;f3b974a8-663b-3e48-89e0-4a390b9aaf7a;S3A;OLCI;L2_THETIS_GRID_20230316_20230326.nc;5.567715123;0.758178376;0.13617406;LXP;22.03.2023;46.500283;6.660889;0.26746988;0
S3B_OL_1_EFR____20230322T094128_20230322T094428_20240527T182444_0179_077_250_2160_MAR_R_NT_004.SEN3;d49a674b-00fa-3fa9-8c20-9d5d1fd471cd;S3B;OLCI;L2_THETIS_GRID_20230316_20230326.nc;5.567715123;0.758178376;0.13617406;LXP;22.03.2023;46.500283;6.660889;0.26746988;0
S3A_OL_1_EFR____20230323T095430_20230323T095730_20240606T014657_0179_097_022_2160_MAR_R_NT_004.SEN3;29108d89-66e5-3a98-b15e-c41de3257ce2;S3A;OLCI;L2_THETIS_GRID_20230316_20230326.nc;4.873083724;1.172452574;0.240597667;LXP;23.03.2023;46.500283;6.660889;1;0
S3A_OL_1_EFR____20230324T092819_20230324T093119_20240606T014752_0179_097_036_2160_MAR_R_NT_004.SEN3;518dc837-188e-37a3-90e8-67846316e20e;S3A;OLCI;L2_THETIS_GRID_20230316_20230326.nc;5.682562239;0.726194949;0.127793576;LXP;24.03.2023;46.500283;6.660889;1;0
S3B_OL_1_EFR____20230325T100355_20230325T100655_20240527T175754_0179_077_293_2160_MAR_R_NT_004.SEN3;4192a70d-ccc4-3d46-9bb4-b540ef28fa46;S3B;OLCI;L2_THETIS_GRID_20230316_20230326.nc;2.416609188;1.429010433;0.591328726;LXP;25.03.2023;46.500283;6.660889;1;0
S3B_OL_1_EFR____20230326T093744_20230326T094044_20240527T202037_0179_077_307_2160_MAR_R_NT_004.SEN3;b5e39549-49b6-3ed0-baec-d4c6c0fb4813;S3B;OLCI;L2_THETIS_GRID_20230326_20230405.nc;1.561663678;0.78399085;0.50202285;LXP;26.03.2023;46.500283;6.660889;1;0
S3A_OL_1_EFR____20230326T101657_20230326T101957_20240606T015030_0179_097_065_2160_MAR_R_NT_004.SEN3;80013090-bb0c-36c4-ba91-a7384368395d;S3A;OLCI;L2_THETIS_GRID_20230326_20230405.nc;1.561663678;0.78399085;0.50202285;LXP;26.03.2023;46.500283;6.660889;1;0
S3A_OL_1_EFR____20230327T095046_20230327T095346_20240606T015038_0179_097_079_2160_MAR_R_NT_004.SEN3;ccc73c83-bb2c-3828-abe8-bb62af71953d;S3A;OLCI;L2_THETIS_GRID_20230326_20230405.nc;0.877347601;0.136627332;0.155727709;LXP;27.03.2023;46.500283;6.660889;0.884337349;0
S3B_OL_1_EFR____20230328T102622_20230328T102922_20240527T163132_0179_077_336_2160_MAR_R_NT_004.SEN3;de1368f3-0eac-30ec-849c-a76744333abe;S3B;OLCI;L2_THETIS_GRID_20230326_20230405.nc;3.417001127;1.701929912;0.498077071;LXP;28.03.2023;46.500283;6.660889;1;0
S3A_OL_1_EFR____20230328T092436_20230328T092736_20240606T015039_0180_097_093_2160_MAR_R_NT_004.SEN3;785132ef-6546-31c5-a9f3-ba1c2ab9b113;S3A;OLCI;L2_THETIS_GRID_20230326_20230405.nc;3.417001127;1.701929912;0.498077071;LXP;28.03.2023;46.500283;6.660889;1;0
S3B_OL_1_EFR____20230329T100011_20230329T100311_20240527T202115_0179_077_350_2160_MAR_R_NT_004.SEN3;5956ca92-df10-3a36-a667-18c5f0e8427b;S3B;OLCI;L2_THETIS_GRID_20230326_20230405.nc;4.666898581;0.45275079;0.097013205;LXP;29.03.2023;46.500283;6.660889;1;0
S3A_OL_1_EFR____20230330T101313_20230330T101613_20240606T014908_0179_097_122_2160_MAR_R_NT_004.SEN3;fb7d748f-867b-33f6-9738-f908a431485e;S3A;OLCI;L2_THETIS_GRID_20230326_20230405.nc;3.956444036;0.365478547;0.092375513;LXP;30.03.2023;46.500283;6.660889;1;0
S3B_OL_1_EFR____20230330T093400_20230330T093700_20240527T163330_0179_077_364_2160_MAR_R_NT_004.SEN3;447670e8-bfd2-3772-8332-88d8769858f3;S3B;OLCI;L2_THETIS_GRID_20230326_20230405.nc;3.956444036;0.365478547;0.092375513;LXP;30.03.2023;46.500283;6.660889;1;0
S3A_OL_1_EFR____20230331T094702_20230331T095002_20240606T015034_0179_097_136_2160_MAR_R_NT_004.SEN3;034838bb-c5ba-3c29-8833-ae4ff770ec31;S3A;OLCI;L2_THETIS_GRID_20230326_20230405.nc;3.197421216;0.456892306;0.142893999;LXP;31.03.2023;46.500283;6.660889;0.997590361;0
S3A_OL_1_EFR____20230401T092051_20230401T092351_20240606T014859_0179_097_150_2160_MAR_R_NT_004.SEN3;5ab8397f-28a9-389c-846e-6fb618b22f49;S3A;OLCI;L2_THETIS_GRID_20230326_20230405.nc;2.075531137;0.199509919;0.096124754;LXP;01.04.2023;46.500283;6.660889;0.997740964;0
S3B_OL_1_EFR____20230401T102237_20230401T102537_20240527T183147_0180_078_008_2160_MAR_R_NT_004.SEN3;beeb8d27-52de-3e1a-8b35-1cdf375b8fec;S3B;OLCI;L2_THETIS_GRID_20230326_20230405.nc;2.075531137;0.199509919;0.096124754;LXP;01.04.2023;46.500283;6.660889;0.997740964;0
S3B_OL_1_EFR____20230402T095626_20230402T095926_20240527T215402_0179_078_022_2160_MAR_R_NT_004.SEN3;4dc938e8-3d8b-3e3f-8964-f9c6eb3236de;S3B;OLCI;L2_THETIS_GRID_20230326_20230405.nc;2.253755924;0.626465387;0.277965054;LXP;02.04.2023;46.500283;6.660889;1;0
S3A_OL_1_EFR____20230403T100928_20230403T101228_20240606T015107_0179_097_179_2160_MAR_R_NT_004.SEN3;2acb9554-15f0-3b15-98a9-0b3c81b00cc2;S3A;OLCI;L2_THETIS_GRID_20230326_20230405.nc;2.2712832;0.381561923;0.167993988;LXP;03.04.2023;46.500283;6.660889;0.797590361;0
S3B_OL_1_EFR____20230403T093014_20230403T093314_20240527T182244_0179_078_036_2160_MAR_R_NT_004.SEN3;393c8e10-be33-3a21-b727-484809a2a99d;S3B;OLCI;L2_THETIS_GRID_20230326_20230405.nc;2.2712832;0.381561923;0.167993988;LXP;03.04.2023;46.500283;6.660889;0.797590361;0
S3A_OL_1_EFR____20230404T094317_20230404T094617_20240606T015110_0179_097_193_2160_MAR_R_NT_004.SEN3;fa432853-a50b-3cdb-8c29-86909e00cffd;S3A;OLCI;L2_THETIS_GRID_20230326_20230405.nc;2.474602004;0.483996311;0.195585516;LXP;04.04.2023;46.500283;6.660889;0.089909639;0
S3B_OL_1_EFR____20230405T101851_20230405T102151_20240527T200216_0180_078_065_2160_MAR_R_NT_004.SEN3;2f743090-088a-34f6-9a7a-b56c37323679;S3B;OLCI;L2_THETIS_GRID_20230405_20230415.nc;2.355801984;0.537810105;0.228291727;LXP;05.04.2023;46.500283;6.660889;0.014608434;0
S3B_OL_1_EFR____20230406T095241_20230406T095541_20240527T163803_0179_078_079_2160_MAR_R_NT_004.SEN3;4ec9cca9-54b0-3d91-956a-9e81211ba0fa;S3B;OLCI;L2_THETIS_GRID_20230405_20230415.nc;2.297930451;0.479057673;0.20847353;LXP;06.04.2023;46.500283;6.660889;0.999698795;0
S3A_OL_1_EFR____20230407T100544_20230407T100844_20240606T021206_0180_097_236_2160_MAR_R_NT_004.SEN3;18b67d8f-b79d-3bf9-8beb-586c9a7c1c03;S3A;OLCI;L2_THETIS_GRID_20230405_20230415.nc;3.0050349;0.864298482;0.287616787;LXP;07.04.2023;46.500283;6.660889;0.999849398;0
S3B_OL_1_EFR____20230407T092630_20230407T092930_20240527T201314_0179_078_093_2160_MAR_R_NT_004.SEN3;ac7f89fc-aaf5-375e-96a2-9d868bfecc87;S3B;OLCI;L2_THETIS_GRID_20230405_20230415.nc;3.0050349;0.864298482;0.287616787;LXP;07.04.2023;46.500283;6.660889;0.999849398;0
S3A_OL_1_EFR____20230408T093934_20230408T094234_20240606T022045_0179_097_250_2160_MAR_R_NT_004.SEN3;31948d88-519c-3987-97a6-ddb434ed86af;S3A;OLCI;L2_THETIS_GRID_20230405_20230415.nc;2.938198128;0.729558658;0.248301383;LXP;08.04.2023;46.500283;6.660889;0.096084337;0
S3B_OL_1_EFR____20230409T101508_20230409T101808_20240527T214854_0179_078_122_2160_MAR_R_NT_004.SEN3;c5ca733a-cfe8-38b6-bd39-9ea6ac8bf2ab;S3B;OLCI;L2_THETIS_GRID_20230405_20230415.nc;3.74599825;0.761567032;0.203301492;LXP;09.04.2023;46.500283;6.660889;0.005873494;0
S3B_OL_1_EFR____20230410T094857_20230410T095157_20240527T182854_0179_078_136_2160_MAR_R_NT_004.SEN3;f73387d6-da28-3277-8f7a-1eea5b9ae8e5;S3B;OLCI;L2_THETIS_GRID_20230405_20230415.nc;4.175672809;0.810285818;0.194049164;LXP;10.04.2023;46.500283;6.660889;0.909337349;0
S3B_OL_1_EFR____20230411T092247_20230411T092547_20240527T210009_0179_078_150_2160_MAR_R_NT_004.SEN3;cb165b9a-f83a-38ef-977a-bef30f8a895a;S3B;OLCI;L2_THETIS_GRID_20230405_20230415.nc;3.246726299;0.8529398;0.262707639;LXP;11.04.2023;46.500283;6.660889;1;0
S3A_OL_1_EFR____20230411T100201_20230411T100501_20240606T031651_0179_097_293_2160_MAR_R_NT_004.SEN3;0140b0cd-b2ac-33f5-8179-81e632d77a31;S3A;OLCI;L2_THETIS_GRID_20230405_20230415.nc;3.246726299;0.8529398;0.262707639;LXP;11.04.2023;46.500283;6.660889;1;0
S3A_OL_1_EFR____20230412T093550_20230412T093850_20240606T031409_0180_097_307_2160_MAR_R_NT_004.SEN3;bfa518bd-e603-3779-bf8b-8e50aa72e242;S3A;OLCI;L2_THETIS_GRID_20230405_20230415.nc;3.036594531;0.700057363;0.230540283;LXP;12.04.2023;46.500283;6.660889;1;0
S3B_OL_1_EFR____20230413T101125_20230413T101425_20240527T163818_0179_078_179_2160_MAR_R_NT_004.SEN3;324d0ea0-b9f1-3239-a522-2b9190194967;S3B;OLCI;L2_THETIS_GRID_20230405_20230415.nc;1.868413985;0.460942592;0.246702602;LXP;13.04.2023;46.500283;6.660889;0.992620482;0
S3B_OL_1_EFR____20230414T094514_20230414T094814_20240527T202123_0179_078_193_2160_MAR_R_NT_004.SEN3;57c49281-cc15-3f39-8740-b7956d655174;S3B;OLCI;L2_THETIS_GRID_20230405_20230415.nc;2.618968173;1.320619174;0.504251708;LXP;14.04.2023;46.500283;6.660889;0.135692771;0
S3A_OL_1_EFR____20230414T102428_20230414T102728_20240606T031942_0179_097_336_2160_MAR_R_NT_004.SEN3;4a7d49ed-8908-3809-ab6d-a0225d6c19fd;S3A;OLCI;L2_THETIS_GRID_20230405_20230415.nc;2.618968173;1.320619174;0.504251708;LXP;14.04.2023;46.500283;6.660889;0.135692771;0
S3B_OL_1_EFR____20230415T091903_20230415T092203_20240527T164149_0179_078_207_2160_MAR_R_NT_004.SEN3;7bf05966-e342-3699-be5a-4b5ba418adc9;S3B;OLCI;L2_THETIS_GRID_20230415_20230425.nc;8.683753543;1.939683535;0.223369252;LXP;15.04.2023;46.500283;6.660889;1;0
S3A_OL_1_EFR____20230415T095817_20230415T100117_20240606T031457_0180_097_350_2160_MAR_R_NT_004.SEN3;75445946-c51e-399c-bba7-319127490fd0;S3A;OLCI;L2_THETIS_GRID_20230415_20230425.nc;8.683753543;1.939683535;0.223369252;LXP;15.04.2023;46.500283;6.660889;1;0
S3A_OL_1_EFR____20230416T093206_20230416T093506_20240606T031938_0179_097_364_2160_MAR_R_NT_004.SEN3;dc824ee3-0535-3f79-a9c0-a91a70bb8473;S3A;OLCI;L2_THETIS_GRID_20230415_20230425.nc;11.85860352;1.255612929;0.105882023;LXP;16.04.2023;46.500283;6.660889;1;0
S3B_OL_1_EFR____20230417T100741_20230417T101041_20240527T183736_0179_078_236_2160_MAR_R_NT_004.SEN3;3cd9721b-d48f-3767-826f-d3885fdab06b;S3B;OLCI;L2_THETIS_GRID_20230415_20230425.nc;9.41064396;2.350991644;0.249822611;LXP;17.04.2023;46.500283;6.660889;0.659789157;0
S3B_OL_1_EFR____20230418T094130_20230418T094430_20240527T215701_0179_078_250_2160_MAR_R_NT_004.SEN3;e78d10c4-fe83-3a17-be1a-bd94282fdcda;S3B;OLCI;L2_THETIS_GRID_20230415_20230425.nc;7.224018732;1.65674856;0.229338907;LXP;18.04.2023;46.500283;6.660889;0.105722892;0
S3A_OL_1_EFR____20230418T102043_20230418T102343_20240606T031842_0179_098_008_2160_MAR_R_NT_004.SEN3;62e497f3-7315-395b-9cfc-ee8f89b1f250;S3A;OLCI;L2_THETIS_GRID_20230415_20230425.nc;7.224018732;1.65674856;0.229338907;LXP;18.04.2023;46.500283;6.660889;0.105722892;0
S3A_OL_1_EFR____20230420T092821_20230420T093121_20240606T031741_0179_098_036_2160_MAR_R_NT_004.SEN3;2b65518f-9d20-378b-b539-2f74d8593c78;S3A;OLCI;L2_THETIS_GRID_20230415_20230425.nc;8.941269159;0.760008589;0.085000079;LXP;20.04.2023;46.500283;6.660889;1;0
S3B_OL_1_EFR____20230421T100356_20230421T100656_20240527T212946_0179_078_293_2160_MAR_R_NT_004.SEN3;312671aa-cd39-36a7-a31b-7a0b8b3759ce;S3B;OLCI;L2_THETIS_GRID_20230415_20230425.nc;8.348735699;1.307157202;0.156569479;LXP;21.04.2023;46.500283;6.660889;1;0
S3B_OL_1_EFR____20230422T093746_20230422T094046_20240527T182932_0179_078_307_2160_MAR_R_NT_004.SEN3;84f3c12b-0c0e-36c6-be4f-86f6bad7cf88;S3B;OLCI;L2_THETIS_GRID_20230415_20230425.nc;8.858959615;1.358494617;0.15334697;LXP;22.04.2023;46.500283;6.660889;0.997590361;0
S3A_OL_1_EFR____20230422T101658_20230422T101958_20240606T031953_0180_098_065_2160_MAR_R_NT_004.SEN3;942d11f1-63c6-324c-92a9-0ab4bf855c2b;S3A;OLCI;L2_THETIS_GRID_20230415_20230425.nc;8.858959615;1.358494617;0.15334697;LXP;22.04.2023;46.500283;6.660889;0.997590361;0
S3A_OL_1_EFR____20230423T095047_20230423T095347_20240606T031903_0179_098_079_2160_MAR_R_NT_004.SEN3;ab4e69c6-fa5f-3ccd-bce6-4e088ad2f1c8;S3A;OLCI;L2_THETIS_GRID_20230415_20230425.nc;7.683320391;2.046743899;0.266387941;LXP;23.04.2023;46.500283;6.660889;0.998945783;0
S3A_OL_1_EFR____20230424T092436_20230424T092736_20240606T031940_0179_098_093_2160_MAR_R_NT_004.SEN3;ae8816ed-2c4f-3778-9cdd-27f2596fd71b;S3A;OLCI;L2_THETIS_GRID_20230415_20230425.nc;4.954702503;1.020023107;0.205869698;LXP;24.04.2023;46.500283;6.660889;0.951506024;0
S3B_OL_1_EFR____20230424T102624_20230424T102924_20240527T201913_0180_078_336_2160_MAR_R_NT_004.SEN3;81289914-bc88-393b-8ed2-7c46889737ed;S3B;OLCI;L2_THETIS_GRID_20230415_20230425.nc;4.954702503;1.020023107;0.205869698;LXP;24.04.2023;46.500283;6.660889;0.951396226;0
S3B_OL_1_EFR____20230425T100013_20230425T100313_20240527T230707_0180_078_350_2160_MAR_R_NT_004.SEN3;8eaea001-54d4-354f-926c-e7694acc5b66;S3B;OLCI;L2_THETIS_GRID_20230425_20230505.nc;4.669726763;1.611099043;0.345009275;LXP;25.04.2023;46.500283;6.660889;0.904518072;0
S3B_OL_1_EFR____20230426T093403_20230426T093703_20240527T202231_0179_078_364_2160_MAR_R_NT_004.SEN3;671deb49-4bc1-3311-9429-ffd190147845;S3B;OLCI;L2_THETIS_GRID_20230425_20230505.nc;9.588217795;2.409858698;0.251335415;LXP;26.04.2023;46.500283;6.660889;0.870481928;0
S3A_OL_1_EFR____20230426T101313_20230426T101613_20240606T032027_0179_098_122_2160_MAR_R_NT_004.SEN3;c96e966c-81fe-329d-9319-fd2a3d6f5e55;S3A;OLCI;L2_THETIS_GRID_20230425_20230505.nc;9.588217795;2.409858698;0.251335415;LXP;26.04.2023;46.500283;6.660889;0.870481928;0
S3A_OL_1_EFR____20230427T094702_20230427T095002_20240606T032101_0179_098_136_2160_MAR_R_NT_004.SEN3;829e8d0d-5e1f-32b0-a8c9-9b83f8839185;S3A;OLCI;L2_THETIS_GRID_20230425_20230505.nc;7.628039553;1.997876257;0.261912152;LXP;27.04.2023;46.500283;6.660889;0.957680723;0
S3B_OL_1_EFR____20230428T102241_20230428T102541_20240527T215507_0179_079_008_2160_MAR_R_NT_004.SEN3;beffd0cb-baca-3231-971d-9590246456f1;S3B;OLCI;L2_THETIS_GRID_20230425_20230505.nc;7.72386478;0.961773392;0.124519709;LXP;28.04.2023;46.500283;6.660889;1;0
S3A_OL_1_EFR____20230428T092051_20230428T092351_20240606T033925_0179_098_150_2160_MAR_R_NT_004.SEN3;9ec0e229-1188-3d3b-b153-ab45e99f484b;S3A;OLCI;L2_THETIS_GRID_20230425_20230505.nc;7.72386478;0.961773392;0.124519709;LXP;28.04.2023;46.500283;6.660889;1;0
S3B_OL_1_EFR____20230429T095630_20230429T095930_20240527T183237_0179_079_022_2160_MAR_R_NT_004.SEN3;1edaede7-36af-36d2-8fa1-a73cf9f96101;S3B;OLCI;L2_THETIS_GRID_20230425_20230505.nc;6.84797691;1.253496106;0.183046193;LXP;29.04.2023;46.500283;6.660889;1;0
S3A_OL_1_EFR____20230430T100929_20230430T101229_20240606T040758_0179_098_179_2160_MAR_R_NT_004.SEN3;a114166d-bfd5-3dd6-899a-81eb1804dc24;S3A;OLCI;L2_THETIS_GRID_20230425_20230505.nc;6.585101568;0.757141517;0.114977956;LXP;30.04.2023;46.500283;6.660889;1;0
S3B_OL_1_EFR____20230430T093019_20230430T093319_20240527T215601_0179_079_036_2160_MAR_R_NT_004.SEN3;ad958764-e667-30ee-9c20-3d883598813d;S3B;OLCI;L2_THETIS_GRID_20230425_20230505.nc;6.585101568;0.757141517;0.114977956;LXP;30.04.2023;46.500283;6.660889;1;0
S3A_OL_1_EFR____20230501T094318_20230501T094618_20240606T043225_0179_098_193_2160_MAR_R_NT_004.SEN3;611d8aae-a330-3b5f-969a-ee9735224545;S3A;OLCI;L2_THETIS_GRID_20230425_20230505.nc;5.611174774;0.5343688;0.095232963;LXP;01.05.2023;46.500283;6.660889;1;0
S3B_OL_1_EFR____20230502T101857_20230502T102157_20240527T230730_0179_079_065_2160_MAR_R_NT_004.SEN3;0f390415-dd42-3565-b780-1a18bf4cf086;S3B;OLCI;L2_THETIS_GRID_20230425_20230505.nc;3.915997035;1.014249077;0.259001493;LXP;02.05.2023;46.500283;6.660889;0.861295181;0
S3B_OL_1_EFR____20230503T095246_20230503T095546_20240527T201938_0179_079_079_2160_MAR_R_NT_004.SEN3;979ae8b5-2e7a-313f-aeea-580ae6f34fa6;S3B;OLCI;L2_THETIS_GRID_20230425_20230505.nc;3.243136718;0.888693509;0.274022832;LXP;03.05.2023;46.500283;6.660889;0.019728916;0
S3B_OL_1_EFR____20230504T092635_20230504T092935_20240527T220458_0179_079_093_2160_MAR_R_NT_004.SEN3;61eca076-6c81-3e70-ab90-0b921f104e85;S3B;OLCI;L2_THETIS_GRID_20230425_20230505.nc;3.32633885;1.013385281;0.304654855;LXP;04.05.2023;46.500283;6.660889;0.286445783;0
S3A_OL_1_EFR____20230504T100545_20230504T100845_20240606T044649_0180_098_236_2160_MAR_R_NT_004.SEN3;0c8f3ae4-1115-303a-946c-de8d7f36058c;S3A;OLCI;L2_THETIS_GRID_20230425_20230505.nc;3.32633885;1.013385281;0.304654855;LXP;04.05.2023;46.500283;6.660889;0.286445783;0
S3A_OL_1_EFR____20230505T093934_20230505T094234_20240606T044542_0179_098_250_2160_MAR_R_NT_004.SEN3;224b8e5c-6765-3b59-b009-2d1becd61c37;S3A;OLCI;L2_THETIS_GRID_20230505_20230515.nc;2.564768365;0.811084002;0.316240645;LXP;05.05.2023;46.500283;6.660889;1;0
S3B_OL_1_EFR____20230506T101512_20230506T101812_20240527T182222_0179_079_122_2160_MAR_R_NT_004.SEN3;48d802a7-d1ff-39b7-8256-7e801b41e9c9;S3B;OLCI;L2_THETIS_GRID_20230505_20230515.nc;2.746413497;0.615236987;0.224014697;LXP;06.05.2023;46.500283;6.660889;1;0
S3B_OL_1_EFR____20230507T094901_20230507T095201_20240527T215646_0179_079_136_2160_MAR_R_NT_004.SEN3;7c30bc96-fb9e-36c6-8ed3-f2ede2845369;S3B;OLCI;L2_THETIS_GRID_20230505_20230515.nc;2.701630901;0.378012781;0.139920217;LXP;07.05.2023;46.500283;6.660889;1;0
S3B_OL_1_EFR____20230508T092250_20230508T092550_20240527T183317_0179_079_150_2160_MAR_R_NT_004.SEN3;07fe9535-c9c4-34eb-bd53-1d38738689e4;S3B;OLCI;L2_THETIS_GRID_20230505_20230515.nc;2.38341386;0.39978914;0.167738028;LXP;08.05.2023;46.500283;6.660889;0.66626506;0
S3A_OL_1_EFR____20230508T100200_20230508T100500_20240606T045027_0179_098_293_2160_MAR_R_NT_004.SEN3;71bd0030-3714-30c1-85c4-56531e5d64b3;S3A;OLCI;L2_THETIS_GRID_20230505_20230515.nc;2.38341386;0.39978914;0.167738028;LXP;08.05.2023;46.500283;6.660889;0.66626506;0
S3A_OL_1_EFR____20230509T093549_20230509T093849_20240606T044947_0179_098_307_2160_MAR_R_NT_004.SEN3;c90e7dab-8c6c-3723-b862-a94548800d20;S3A;OLCI;L2_THETIS_GRID_20230505_20230515.nc;2.508211359;0.435004087;0.17343199;LXP;09.05.2023;46.500283;6.660889;1;0
S3B_OL_1_EFR____20230510T101127_20230510T101427_20240527T202219_0179_079_179_2160_MAR_R_NT_004.SEN3;c80bb4e4-5e2f-3f83-aa18-0f5f321fd517;S3B;OLCI;L2_THETIS_GRID_20230505_20230515.nc;2.557184507;0.451666656;0.176626542;LXP;10.05.2023;46.500283;6.660889;0.537349398;0
S3B_OL_1_EFR____20230511T094516_20230511T094816_20240527T230741_0179_079_193_2160_MAR_R_NT_004.SEN3;ae836b27-5a18-37a7-b9bc-cd2d8c56e0de;S3B;OLCI;L2_THETIS_GRID_20230505_20230515.nc;2.255966174;0.223692896;0.099156139;LXP;11.05.2023;46.500283;6.660889;0.937951807;0
S3A_OL_1_EFR____20230511T102426_20230511T102726_20240606T044916_0179_098_336_2160_MAR_R_NT_004.SEN3;ad364936-26dc-35ff-9f08-fd6206f6324c;S3A;OLCI;L2_THETIS_GRID_20230505_20230515.nc;2.255966174;0.223692896;0.099156139;LXP;11.05.2023;46.500283;6.660889;0.937951807;0
S3B_OL_1_EFR____20230512T091906_20230512T092206_20240527T202258_0179_079_207_2160_MAR_R_NT_004.SEN3;a6901993-001d-3b19-b536-d70984c3e171;S3B;OLCI;L2_THETIS_GRID_20230505_20230515.nc;1.938160942;0.309462709;0.159668221;LXP;12.05.2023;46.500283;6.660889;0.924698795;0
S3A_OL_1_EFR____20230512T095815_20230512T100115_20240606T044833_0180_098_350_2160_MAR_R_NT_004.SEN3;3e0ff786-4c77-3fa6-ab08-4292dd1b5963;S3A;OLCI;L2_THETIS_GRID_20230505_20230515.nc;1.938160942;0.309462709;0.159668221;LXP;12.05.2023;46.500283;6.660889;0.924698795;0
S3A_OL_1_EFR____20230513T093204_20230513T093504_20240606T044934_0179_098_364_2160_MAR_R_NT_004.SEN3;d3d16830-8548-3495-96d2-5fb7591c9398;S3A;OLCI;L2_THETIS_GRID_20230505_20230515.nc;2.006313416;0.357695085;0.17828475;LXP;13.05.2023;46.500283;6.660889;1;0
S3B_OL_1_EFR____20230514T100744_20230514T101044_20240527T215553_0179_079_236_2160_MAR_R_NT_004.SEN3;b7e3a95a-7860-38ab-8a6e-274f1671e4b9;S3B;OLCI;L2_THETIS_GRID_20230505_20230515.nc;2.392755776;0.407810682;0.170435565;LXP;14.05.2023;46.500283;6.660889;0.827560241;0
S3B_OL_1_EFR____20230515T094133_20230515T094433_20240527T195159_0179_079_250_2160_MAR_R_NT_004.SEN3;966a0d36-2863-3f72-a2c9-ed860e654827;S3B;OLCI;L2_THETIS_GRID_20230515_20230525.nc;2.597700191;0.303573761;0.116862508;LXP;15.05.2023;46.500283;6.660889;0.982228916;0
S3A_OL_1_EFR____20230515T102041_20230515T102341_20240606T045026_0179_099_008_2160_MAR_R_NT_004.SEN3;ab9ae16f-9d66-3154-ac87-0143c4858676;S3A;OLCI;L2_THETIS_GRID_20230515_20230525.nc;2.597700191;0.303573761;0.116862508;LXP;15.05.2023;46.500283;6.660889;0.982228916;0
S3A_OL_1_EFR____20230516T095430_20230516T095730_20240606T045035_0179_099_022_2160_MAR_R_NT_004.SEN3;e4545967-2a15-34d4-a972-e86ed2fec427;S3A;OLCI;L2_THETIS_GRID_20230515_20230525.nc;3.041562695;0.418683607;0.137654111;LXP;16.05.2023;46.500283;6.660889;0.970331325;0
S3A_OL_1_EFR____20230517T092819_20230517T093119_20240606T045113_0179_099_036_2160_MAR_R_NT_004.SEN3;deaddd2e-c2b2-3bd8-ba97-cae654387964;S3A;OLCI;L2_THETIS_GRID_20230515_20230525.nc;2.232595405;0.443341739;0.198576839;LXP;17.05.2023;46.500283;6.660889;1;0
S3B_OL_1_EFR____20230518T100401_20230518T100701_20240527T230720_0179_079_293_2160_MAR_R_NT_004.SEN3;510535c2-1fbf-3192-b369-cf180adf486e;S3B;OLCI;L2_THETIS_GRID_20230515_20230525.nc;2.09316878;0.379682556;0.181391276;LXP;18.05.2023;46.500283;6.660889;0.996837349;0
S3A_OL_1_EFR____20230519T101657_20230519T101957_20240606T050846_0179_099_065_2160_MAR_R_NT_004.SEN3;2b0894e1-00d7-31ca-9e34-2748173332ad;S3A;OLCI;L2_THETIS_GRID_20230515_20230525.nc;1.37713262;0.374894469;0.272228298;LXP;19.05.2023;46.500283;6.660889;1;0
S3B_OL_1_EFR____20230519T093750_20230519T094050_20240527T215546_0179_079_307_2160_MAR_R_NT_004.SEN3;edde48ef-2a6e-3d99-aa76-af8728af26d1;S3B;OLCI;L2_THETIS_GRID_20230515_20230525.nc;1.37713262;0.374894469;0.272228298;LXP;19.05.2023;46.500283;6.660889;1;0
S3A_OL_1_EFR____20230520T095046_20230520T095346_20240606T051715_0179_099_079_2160_MAR_R_NT_004.SEN3;7ad1ffed-86f7-3b7e-9be0-e37c4280cba8;S3A;OLCI;L2_THETIS_GRID_20230515_20230525.nc;2.904689143;0.575548379;0.198144569;LXP;20.05.2023;46.500283;6.660889;1;0
S3A_OL_1_EFR____20230521T092435_20230521T092735_20240606T053044_0179_099_093_2160_MAR_R_NT_004.SEN3;626883dc-719e-3544-b3c4-a16d0a90abb0;S3A;OLCI;L2_THETIS_GRID_20230515_20230525.nc;2.887362908;0.615434218;0.213147511;LXP;21.05.2023;46.500283;6.660889;1;0
S3B_OL_1_EFR____20230521T102628_20230521T102928_20240527T230822_0179_079_336_2160_MAR_R_NT_004.SEN3;625410ff-003a-3fb3-9a8c-77cc5b94cbc2;S3B;OLCI;L2_THETIS_GRID_20230515_20230525.nc;2.887362908;0.615434218;0.213147511;LXP;21.05.2023;46.500283;6.660889;1;0
S3B_OL_1_EFR____20230522T100017_20230522T100317_20240527T202119_0179_079_350_2160_MAR_R_NT_004.SEN3;0a93f5f6-4171-3dd8-92e4-17912b90928e;S3B;OLCI;L2_THETIS_GRID_20230515_20230525.nc;2.769058729;0.622618157;0.224848303;LXP;22.05.2023;46.500283;6.660889;0.004668675;0
S3A_OL_1_EFR____20230524T094702_20230524T095002_20240606T061201_0179_099_136_2160_MAR_R_NT_004.SEN3;e0ed29ae-a25d-36c7-9a7d-68fb7431af3d;S3A;OLCI;L2_THETIS_GRID_20230515_20230525.nc;3.130523162;0.372363164;0.118945986;LXP;24.05.2023;46.500283;6.660889;1;0
S3A_OL_1_EFR____20230525T092051_20230525T092351_20240606T061302_0179_099_150_2160_MAR_R_NT_004.SEN3;9dde1eac-653c-394f-ae20-bfdb66545938;S3A;OLCI;L2_THETIS_GRID_20230525_20230604.nc;2.914960245;0.971428327;0.333256115;LXP;25.05.2023;46.500283;6.660889;0.930722892;0
S3B_OL_1_EFR____20230525T102244_20230525T102544_20240527T234712_0179_080_008_2160_MAR_R_NT_004.SEN3;4ee07451-0b17-36a6-a621-07663723b80d;S3B;OLCI;L2_THETIS_GRID_20230525_20230604.nc;2.914960245;0.971428327;0.333256115;LXP;25.05.2023;46.500283;6.660889;0.930722892;0
S3B_OL_1_EFR____20230526T095633_20230526T095933_20240527T214310_0179_080_022_2160_MAR_R_NT_004.SEN3;2938cf46-79e5-321f-9673-6698005e60dc;S3B;OLCI;L2_THETIS_GRID_20230525_20230604.nc;3.73883766;0.696385193;0.186257136;LXP;26.05.2023;46.500283;6.660889;0.176204819;0
S3B_OL_1_EFR____20230527T093022_20230527T093322_20240527T235116_0179_080_036_2160_MAR_R_NT_004.SEN3;c793b404-4535-301b-92c4-ce8fa34e078b;S3B;OLCI;L2_THETIS_GRID_20230525_20230604.nc;3.921604993;0.894066182;0.227984762;LXP;27.05.2023;46.500283;6.660889;0.027560241;0
S3A_OL_1_EFR____20230527T100928_20230527T101228_20240606T061300_0179_099_179_2160_MAR_R_NT_004.SEN3;e7dff5eb-b9ab-38f3-a19f-708c155a937c;S3A;OLCI;L2_THETIS_GRID_20230525_20230604.nc;3.921604993;0.894066182;0.227984762;LXP;27.05.2023;46.500283;6.660889;0.027560241;0
S3A_OL_1_EFR____20230528T094318_20230528T094618_20240606T061232_0179_099_193_2160_MAR_R_NT_004.SEN3;8ab7c09e-40df-3339-b1bb-9f17f4efba86;S3A;OLCI;L2_THETIS_GRID_20230525_20230604.nc;3.606091166;1.065108744;0.295363787;LXP;28.05.2023;46.500283;6.660889;1;0
S3B_OL_1_EFR____20230529T101900_20230529T102200_20240527T202338_0179_080_065_2160_MAR_R_NT_004.SEN3;f752e023-4664-3058-9a57-1763cca5c4d8;S3B;OLCI;L2_THETIS_GRID_20230525_20230604.nc;3.141993866;0.87036386;0.277010044;LXP;29.05.2023;46.500283;6.660889;0.986445783;0
S3B_OL_1_EFR____20230530T095249_20230530T095549_20240527T230629_0180_080_079_2160_MAR_R_NT_004.SEN3;27c5e0be-0738-3039-bd6c-536a851555b8;S3B;OLCI;L2_THETIS_GRID_20230525_20230604.nc;2.98349339;0.930692737;0.31194731;LXP;30.05.2023;46.500283;6.660889;1;0
S3B_OL_1_EFR____20230531T092638_20230531T092938_20240527T202215_0179_080_093_2160_MAR_R_NT_004.SEN3;cddbf379-e057-374f-854f-d3e027d68b1c;S3B;OLCI;L2_THETIS_GRID_20230525_20230604.nc;3.037868831;0.761087453;0.250533349;LXP;31.05.2023;46.500283;6.660889;0.109939759;0
S3A_OL_1_EFR____20230531T100544_20230531T100844_20240606T061311_0179_099_236_2160_MAR_R_NT_004.SEN3;9cc1020f-d9a2-3097-910f-0f27affb21f9;S3A;OLCI;L2_THETIS_GRID_20230525_20230604.nc;3.037868831;0.761087453;0.250533349;LXP;31.05.2023;46.500283;6.660889;0.109939759;0
S3A_OL_1_EFR____20230601T093933_20230601T094233_20240628T030114_0180_099_250_2160_MAR_R_NT_004.SEN3;11e683ef-1336-3917-8ddd-b120a8b14c15;S3A;OLCI;L2_THETIS_GRID_20230525_20230604.nc;3.749702254;1.083570664;0.288975121;LXP;01.06.2023;46.500283;6.660889;0.733885542;0
S3B_OL_1_EFR____20230602T101515_20230602T101815_20240627T160838_0180_080_122_2160_MAR_R_NT_004.SEN3;52a44170-b000-336f-993e-004e6e00dae1;S3B;OLCI;L2_THETIS_GRID_20230525_20230604.nc;4.014447808;1.824884319;0.454579162;LXP;02.06.2023;46.500283;6.660889;0.159638554;0
S3B_OL_1_EFR____20230603T094904_20230603T095204_20240627T173324_0179_080_136_2160_MAR_R_NT_004.SEN3;40a252d2-73a2-3d79-8600-15a667ef14ad;S3B;OLCI;L2_THETIS_GRID_20230525_20230604.nc;4.1454487;1.711713633;0.412913959;LXP;03.06.2023;46.500283;6.660889;0.387048193;0
S3B_OL_1_EFR____20230604T092253_20230604T092553_20240627T155155_0180_080_150_2160_MAR_R_NT_004.SEN3;911ba00c-6402-3f07-b833-448ee80bf0ce;S3B;OLCI;L2_THETIS_GRID_20230604_20230614.nc;3.434959668;0.786649845;0.229012833;LXP;04.06.2023;46.500283;6.660889;0.632379518;0
S3A_OL_1_EFR____20230604T100159_20230604T100459_20240628T021013_0179_099_293_2160_MAR_R_NT_004.SEN3;741c391b-b2c5-337f-ba48-b3e8b693d5ce;S3A;OLCI;L2_THETIS_GRID_20230604_20230614.nc;3.434959668;0.786649845;0.229012833;LXP;04.06.2023;46.500283;6.660889;0.632379518;0
S3A_OL_1_EFR____20230605T093548_20230605T093848_20240628T002210_0179_099_307_2160_MAR_R_NT_004.SEN3;9c32bdcd-ef55-358d-aadf-1a01175c136b;S3A;OLCI;L2_THETIS_GRID_20230604_20230614.nc;3.997798572;1.597531536;0.399602808;LXP;05.06.2023;46.500283;6.660889;0.978614458;0
S3B_OL_1_EFR____20230606T101130_20230606T101430_20240627T162239_0179_080_179_2160_MAR_R_NT_004.SEN3;3924c298-0f67-3eae-8cd2-fefb19f68d60;S3B;OLCI;L2_THETIS_GRID_20230604_20230614.nc;6.419773015;2.995683253;0.466633827;LXP;06.06.2023;46.500283;6.660889;0.359789157;0
S3B_OL_1_EFR____20230607T094520_20230607T094820_20240627T152621_0179_080_193_2160_MAR_R_NT_004.SEN3;b015b954-3598-354f-8708-128177fb3017;S3B;OLCI;L2_THETIS_GRID_20230604_20230614.nc;3.989720704;1.79011699;0.448682282;LXP;07.06.2023;46.500283;6.660889;0.823795181;0
S3A_OL_1_EFR____20230607T102424_20230607T102724_20240628T012625_0179_099_336_2160_MAR_R_NT_004.SEN3;c9e7702d-937c-326c-aefd-ab2b019c5b48;S3A;OLCI;L2_THETIS_GRID_20230604_20230614.nc;3.989720704;1.79011699;0.448682282;LXP;07.06.2023;46.500283;6.660889;0.823795181;0
S3A_OL_1_EFR____20230608T095813_20230608T100113_20240628T032123_0179_099_350_2160_MAR_R_NT_004.SEN3;477c1f9a-2621-3a7c-b6ba-2d3a94069cdf;S3A;OLCI;L2_THETIS_GRID_20230604_20230614.nc;4.401861587;2.182119508;0.495726516;LXP;08.06.2023;46.500283;6.660889;0.395481928;0
S3B_OL_1_EFR____20230608T091909_20230608T092209_20240627T173103_0179_080_207_2160_MAR_R_NT_004.SEN3;3b06bea6-59c2-3cc7-b388-6085ac59c570;S3B;OLCI;L2_THETIS_GRID_20230604_20230614.nc;4.401861587;2.182119508;0.495726516;LXP;08.06.2023;46.500283;6.660889;0.395481928;0
S3A_OL_1_EFR____20230609T093202_20230609T093502_20240628T011728_0179_099_364_2160_MAR_R_NT_004.SEN3;af053f7a-5af9-3934-8b18-d8901a5c4f30;S3A;OLCI;L2_THETIS_GRID_20230604_20230614.nc;4.029773575;1.283651699;0.318541892;LXP;09.06.2023;46.500283;6.660889;0.530873494;0
S3B_OL_1_EFR____20230610T100747_20230610T101047_20240627T175237_0179_080_236_2160_MAR_R_NT_004.SEN3;823d9918-264c-3c2d-aecb-988317ac4adb;S3B;OLCI;L2_THETIS_GRID_20230604_20230614.nc;4.053678395;1.803136766;0.444814953;LXP;10.06.2023;46.500283;6.660889;0.947138554;0
S3A_OL_1_EFR____20230611T102039_20230611T102339_20240628T022550_0179_100_008_2160_MAR_R_NT_004.SEN3;6506ecdc-5ec2-3412-a60e-8a24a64b4d93;S3A;OLCI;L2_THETIS_GRID_20230604_20230614.nc;2.989771518;1.857359634;0.621237985;LXP;11.06.2023;46.500283;6.660889;0.39186747;0
S3B_OL_1_EFR____20230611T094136_20230611T094436_20240627T160121_0180_080_250_2160_MAR_R_NT_004.SEN3;91d72371-9f08-3cca-a892-fa82128eda53;S3B;OLCI;L2_THETIS_GRID_20230604_20230614.nc;2.989771518;1.857359634;0.621237985;LXP;11.06.2023;46.500283;6.660889;0.39186747;0
S3A_OL_1_EFR____20230612T095427_20230612T095727_20240628T003525_0180_100_022_2160_MAR_R_NT_004.SEN3;5fa65af7-a073-36e0-97d6-5dbb028859ec;S3A;OLCI;L2_THETIS_GRID_20230604_20230614.nc;3.816690719;1.807970847;0.473701167;LXP;12.06.2023;46.500283;6.660889;0.314608434;0
S3A_OL_1_EFR____20230620T094658_20230620T094958_20240628T024317_0179_100_136_2160_MAR_R_NT_004.SEN3;d98cbb67-d84c-3f08-ba85-1cc805b85ca6;S3A;OLCI;L2_THETIS_GRID_20230614_20230624.nc;;;;LXP;20.06.2023;46.500283;6.660889;1;0
S3B_OL_1_EFR____20230720T093027_20230720T093327_20240627T160525_0179_082_036_2160_MAR_R_NT_004.SEN3;54f8f4be-1182-38ce-b012-6d3f5997a1e8;S3B;OLCI;L2_THETIS_GRID_20230714_20230724.nc;2.318182179;0.479572918;0.20687456;LXP;20.07.2023;46.500283;6.660889;0.002861446;0
S3A_OL_1_EFR____20230720T100922_20230720T101222_20240628T045724_0179_101_179_2160_MAR_R_NT_004.SEN3;949d1ae1-23c3-3541-9a70-ffb829b04993;S3A;OLCI;L2_THETIS_GRID_20230714_20230724.nc;2.318182179;0.479572918;0.20687456;LXP;20.07.2023;46.500283;6.660889;0.002861446;0
S3A_OL_1_EFR____20230721T094311_20230721T094611_20240628T031701_0179_101_193_2160_MAR_R_NT_004.SEN3;cc33e58d-3afb-3caa-b5f4-e01197705575;S3A;OLCI;L2_THETIS_GRID_20230714_20230724.nc;2.25893419;0.498524937;0.220690332;LXP;21.07.2023;46.500283;6.660889;0.999698795;0
S3B_OL_1_EFR____20230722T101904_20230722T102204_20240627T170530_0179_082_065_2160_MAR_R_NT_004.SEN3;723e64cb-eb9f-399c-9046-facaa3a64c75;S3B;OLCI;L2_THETIS_GRID_20230714_20230724.nc;1.811700754;0.366494679;0.202293164;LXP;22.07.2023;46.500283;6.660889;0.245481928;0
S3B_OL_1_EFR____20230723T095253_20230723T095553_20240627T150812_0180_082_079_2160_MAR_R_NT_004.SEN3;718bae35-68df-30dd-88eb-75a12ad28c22;S3B;OLCI;L2_THETIS_GRID_20230714_20230724.nc;1.920310339;0.370692205;0.193037655;LXP;23.07.2023;46.500283;6.660889;1;0
S3A_OL_1_EFR____20230724T100537_20230724T100837_20240628T055859_0179_101_236_2160_MAR_R_NT_004.SEN3;7638bf27-a42a-34ed-a2e7-0d4ea867fbfa;S3A;OLCI;L2_THETIS_GRID_20230724_20230803.nc;2.405550831;0.536204725;0.222903095;LXP;24.07.2023;46.500283;6.660889;1;0
S3B_OL_1_EFR____20230724T092642_20230724T092942_20240627T172340_0179_082_093_2160_MAR_R_NT_004.SEN3;66965f31-7262-319e-9259-7cad5ec81d7a;S3B;OLCI;L2_THETIS_GRID_20230724_20230803.nc;2.405550831;0.536204725;0.222903095;LXP;24.07.2023;46.500283;6.660889;1;0
S3A_OL_1_EFR____20230725T093926_20230725T094226_20240628T041927_0179_101_250_2160_MAR_R_NT_004.SEN3;f0141098-f582-329f-bccd-9aba3de1dbcb;S3A;OLCI;L2_THETIS_GRID_20230724_20230803.nc;2.455643528;0.231381089;0.094224217;LXP;25.07.2023;46.500283;6.660889;0.989156627;0
S3B_OL_1_EFR____20230726T101518_20230726T101818_20240627T190951_0179_082_122_2160_MAR_R_NT_004.SEN3;1a9290de-95bb-3857-aff6-8072aabf5541;S3B;OLCI;L2_THETIS_GRID_20230724_20230803.nc;2.501771763;0.198456134;0.079326235;LXP;26.07.2023;46.500283;6.660889;1;0
S3B_OL_1_EFR____20230727T094907_20230727T095207_20240627T160413_0179_082_136_2160_MAR_R_NT_004.SEN3;14957787-ae31-37d6-8dd6-eb8c6f17f2d6;S3B;OLCI;L2_THETIS_GRID_20230724_20230803.nc;2.391865901;0.398488213;0.166601402;LXP;27.07.2023;46.500283;6.660889;0.900903614;0
S3A_OL_1_EFR____20230728T100151_20230728T100451_20240628T032808_0179_101_293_2160_MAR_R_NT_004.SEN3;5acc204c-2408-3bca-828b-c0bec17a7809;S3A;OLCI;L2_THETIS_GRID_20230724_20230803.nc;2.515129438;0.279966223;0.111312849;LXP;28.07.2023;46.500283;6.660889;1;0
S3B_OL_1_EFR____20230728T092257_20230728T092557_20240627T174402_0179_082_150_2160_MAR_R_NT_004.SEN3;5ce913c5-085c-3eed-9148-231531ce33bc;S3B;OLCI;L2_THETIS_GRID_20230724_20230803.nc;2.515129438;0.279966223;0.111312849;LXP;28.07.2023;46.500283;6.660889;1;0
S3A_OL_1_EFR____20230729T093541_20230729T093841_20240628T050734_0179_101_307_2160_MAR_R_NT_004.SEN3;56e24700-085b-39bc-8cb0-7c1e67a68c94;S3A;OLCI;L2_THETIS_GRID_20230724_20230803.nc;3.109875443;0.246742472;0.079341593;LXP;29.07.2023;46.500283;6.660889;0.998192771;0
S3B_OL_1_EFR____20230730T101135_20230730T101435_20240627T150326_0180_082_179_2160_MAR_R_NT_004.SEN3;8bda4b3e-aeb5-3d20-805b-2bfe19caa1b9;S3B;OLCI;L2_THETIS_GRID_20230724_20230803.nc;2.757024469;0.529623706;0.192099748;LXP;30.07.2023;46.500283;6.660889;0.384186747;0
S3A_OL_1_EFR____20230731T102418_20230731T102718_20240628T062724_0179_101_336_2160_MAR_R_NT_004.SEN3;cfceac71-8908-3a92-8dd7-fdda721b816e;S3A;OLCI;L2_THETIS_GRID_20230724_20230803.nc;3.015901379;0.804789848;0.266848861;LXP;31.07.2023;46.500283;6.660889;0.429668675;0
S3B_OL_1_EFR____20230731T094524_20230731T094824_20240627T173353_0179_082_193_2160_MAR_R_NT_004.SEN3;a2f14e5c-b3a4-30c2-80a5-aaf7ec6833f2;S3B;OLCI;L2_THETIS_GRID_20230724_20230803.nc;3.015901379;0.804789848;0.266848861;LXP;31.07.2023;46.500283;6.660889;0.429668675;0
S3A_OL_1_EFR____20230801T095807_20230801T100107_20240919T161507_0179_101_350_2160_MAR_R_NT_004.SEN3;97bea27a-d4ee-3eaa-808e-6e228e0a7dfd;S3A;OLCI;L2_THETIS_GRID_20230724_20230803.nc;2.902883771;0.040054512;0.01379818;LXP;01.08.2023;46.500283;6.660889;1;0
S3B_OL_1_EFR____20230801T091913_20230801T092213_20240920T225854_0179_082_207_2160_MAR_R_NT_004.SEN3;40b1fbc1-88d3-3f92-81f1-a560cbbe854b;S3B;OLCI;L2_THETIS_GRID_20230724_20230803.nc;2.902883771;0.040054512;0.01379818;LXP;01.08.2023;46.500283;6.660889;1;0
S3A_OL_1_EFR____20230802T093156_20230802T093456_20240919T174314_0179_101_364_2160_MAR_R_NT_004.SEN3;cda5440f-21ad-35be-b632-bafe08dcaa0a;S3A;OLCI;L2_THETIS_GRID_20230724_20230803.nc;3.238014145;0.491255998;0.151715211;LXP;02.08.2023;46.500283;6.660889;0.282078313;0
S3B_OL_1_EFR____20230803T100751_20230803T101051_20240920T234555_0179_082_236_2160_MAR_R_NT_004.SEN3;fd3a07b0-67fe-33d3-84e6-23b82c0e9ce1;S3B;OLCI;L2_THETIS_GRID_20230803_20230813.nc;3.230784329;0.753125064;0.233109049;LXP;03.08.2023;46.500283;6.660889;0.915963855;0
S3A_OL_1_EFR____20230804T102033_20230804T102333_20240919T154508_0179_102_008_2160_MAR_R_NT_004.SEN3;dd3f074c-f8d1-3cfe-a9ee-0739596ab3d2;S3A;OLCI;L2_THETIS_GRID_20230803_20230813.nc;3.270577474;0.229496784;0.070170111;LXP;04.08.2023;46.500283;6.660889;0.98810241;0
S3B_OL_1_EFR____20230804T094140_20230804T094440_20240920T223235_0179_082_250_2160_MAR_R_NT_004.SEN3;052e59ee-b103-3533-a640-9a3c23888df9;S3B;OLCI;L2_THETIS_GRID_20230803_20230813.nc;3.270577474;0.229496784;0.070170111;LXP;04.08.2023;46.500283;6.660889;0.98810241;0
S3A_OL_1_EFR____20230805T095422_20230805T095722_20240919T165538_0179_102_022_2160_MAR_R_NT_004.SEN3;4508af69-b75a-37c0-a996-277c7e125b23;S3A;OLCI;L2_THETIS_GRID_20230803_20230813.nc;3.011535788;0.289975369;0.096288203;LXP;05.08.2023;46.500283;6.660889;0.304066265;0
S3A_OL_1_EFR____20230806T092811_20230806T093111_20240919T154645_0179_102_036_2160_MAR_R_NT_004.SEN3;680e6760-9e74-314b-80c8-156ed226423c;S3A;OLCI;L2_THETIS_GRID_20230803_20230813.nc;2.439072664;0.045111503;0.01849535;LXP;06.08.2023;46.500283;6.660889;1;0
S3B_OL_1_EFR____20230807T100406_20230807T100706_20240921T001855_0179_082_293_2160_MAR_R_NT_004.SEN3;2a6d697d-abc6-3adf-9985-9e2efb0981c9;S3B;OLCI;L2_THETIS_GRID_20230803_20230813.nc;2.319593724;0.480686364;0.207228688;LXP;07.08.2023;46.500283;6.660889;0.683283133;0
S3A_OL_1_EFR____20230808T101648_20230808T101948_20240919T163017_0179_102_065_2160_MAR_R_NT_004.SEN3;98730f92-fe4c-3f32-9eb3-974092295cd4;S3A;OLCI;L2_THETIS_GRID_20230803_20230813.nc;2.525192933;0.424884703;0.168258313;LXP;08.08.2023;46.500283;6.660889;0.94186747;0
S3B_OL_1_EFR____20230808T093755_20230808T094055_20240920T231734_0179_082_307_2160_MAR_R_NT_004.SEN3;4d14ad3a-87fb-3ec9-92dc-9699143b1e23;S3B;OLCI;L2_THETIS_GRID_20230803_20230813.nc;2.525192933;0.424884703;0.168258313;LXP;08.08.2023;46.500283;6.660889;0.94186747;0
S3A_OL_1_EFR____20230809T095037_20230809T095337_20240919T174538_0179_102_079_2160_MAR_R_NT_004.SEN3;902b915b-ad2d-3f37-9ef1-81dc62682285;S3A;OLCI;L2_THETIS_GRID_20230803_20230813.nc;3.202282219;0.732004586;0.228588405;LXP;09.08.2023;46.500283;6.660889;0.961596386;0
S3A_OL_1_EFR____20230810T092426_20230810T092726_20240919T162220_0179_102_093_2160_MAR_R_NT_004.SEN3;d53539a7-cb86-3235-8e33-1567eb05d7d4;S3A;OLCI;L2_THETIS_GRID_20230803_20230813.nc;3.486563164;0.21422758;0.061443769;LXP;10.08.2023;46.500283;6.660889;0.773042169;0
S3B_OL_1_EFR____20230810T102633_20230810T102933_20240920T233414_0179_082_336_2160_MAR_R_NT_004.SEN3;e1574414-5c7b-33e4-b3db-57c30ca95f05;S3B;OLCI;L2_THETIS_GRID_20230803_20230813.nc;3.486563164;0.21422758;0.061443769;LXP;10.08.2023;46.500283;6.660889;0.774641509;0
S3B_OL_1_EFR____20230811T100022_20230811T100322_20240920T224215_0179_082_350_2160_MAR_R_NT_004.SEN3;ac7a0bd1-f906-37e7-9589-37f581b2da59;S3B;OLCI;L2_THETIS_GRID_20230803_20230813.nc;;;;LXP;11.08.2023;46.500283;6.660889;0.030120482;0
S3A_OL_1_EFR____20230812T101303_20230812T101603_20240919T170725_0179_102_122_2160_MAR_R_NT_004.SEN3;3aa25016-ab89-3ef7-94dc-f450bb8b063f;S3A;OLCI;L2_THETIS_GRID_20230803_20230813.nc;2.883795677;0.468642098;0.162508774;LXP;12.08.2023;46.500283;6.660889;0.50873494;0
S3B_OL_1_EFR____20230812T093411_20230812T093711_20240920T235535_0179_082_364_2160_MAR_R_NT_004.SEN3;5dec5297-0127-3bcc-ad79-5f5ce1b4e6e1;S3B;OLCI;L2_THETIS_GRID_20230803_20230813.nc;2.883795677;0.468642098;0.162508774;LXP;12.08.2023;46.500283;6.660889;0.50873494;0
S3A_OL_1_EFR____20230813T094652_20230813T094952_20240919T161938_0180_102_136_2160_MAR_R_NT_004.SEN3;a7bf6d6b-addf-3965-bc33-1478eb8885dc;S3A;OLCI;L2_THETIS_GRID_20230813_20230823.nc;;;;LXP;13.08.2023;46.500283;6.660889;0.940210843;0
S3A_OL_1_EFR____20230814T092041_20230814T092341_20240919T170310_0179_102_150_2160_MAR_R_NT_004.SEN3;1dbaf7ed-f391-3c5a-b51b-6b0fc6eb6a29;S3A;OLCI;L2_THETIS_GRID_20230813_20230823.nc;;;;LXP;14.08.2023;46.500283;6.660889;1;0
S3B_OL_1_EFR____20230814T102249_20230814T102549_20240921T002725_0179_083_008_2160_MAR_R_NT_004.SEN3;038aa9ab-3e6c-313d-8221-0c728e8c78a7;S3B;OLCI;L2_THETIS_GRID_20230813_20230823.nc;;;;LXP;14.08.2023;46.500283;6.660889;1;0
S3B_OL_1_EFR____20230815T095638_20230815T095938_20240920T234007_0179_083_022_2160_MAR_R_NT_004.SEN3;1719a7bf-a5ef-30c3-9a83-37e559227618;S3B;OLCI;L2_THETIS_GRID_20230813_20230823.nc;;;;LXP;15.08.2023;46.500283;6.660889;0.777108434;0
S3A_OL_1_EFR____20230821T093923_20230821T094223_20240919T165843_0179_102_250_2160_MAR_R_NT_004.SEN3;5a8efb49-07e9-356b-8ce2-0094131fef6e;S3A;OLCI;L2_THETIS_GRID_20230813_20230823.nc;2.517492089;0.859625162;0.341460919;LXP;21.08.2023;46.500283;6.660889;0.011596386;0
S3B_OL_1_EFR____20230822T101520_20230822T101820_20240920T231726_0179_083_122_2160_MAR_R_NT_004.SEN3;c55e90c6-088f-3f46-9722-d8642ffd3dbd;S3B;OLCI;L2_THETIS_GRID_20230813_20230823.nc;2.215449519;0.638278388;0.288103332;LXP;22.08.2023;46.500283;6.660889;0.003614458;0
S3B_OL_1_EFR____20230823T094909_20230823T095209_20240921T003843_0179_083_136_2160_MAR_R_NT_004.SEN3;52316503-ab72-3239-bada-b5987e966169;S3B;OLCI;L2_THETIS_GRID_20230823_20230902.nc;;;;LXP;23.08.2023;46.500283;6.660889;0.604216867;0
S3A_OL_1_EFR____20230824T100149_20230824T100449_20240919T163629_0179_102_293_2160_MAR_R_NT_004.SEN3;a41d239d-6514-380f-9ab0-84b6819c5772;S3A;OLCI;L2_THETIS_GRID_20230823_20230902.nc;2.681738944;0.14807698;0.055216776;LXP;24.08.2023;46.500283;6.660889;0.066716867;0
S3B_OL_1_EFR____20230824T092258_20230824T092558_20240920T232218_0179_083_150_2160_MAR_R_NT_004.SEN3;1cff792d-7ed9-39fd-bee3-cf74d7639fce;S3B;OLCI;L2_THETIS_GRID_20230823_20230902.nc;2.681738944;0.14807698;0.055216776;LXP;24.08.2023;46.500283;6.660889;0.066716867;0
S3A_OL_1_EFR____20230825T093539_20230825T093839_20240919T180639_0179_102_307_2160_MAR_R_NT_004.SEN3;3bce20d7-c9c4-3bca-8e84-5b21d2ba00bb;S3A;OLCI;L2_THETIS_GRID_20230823_20230902.nc;2.392070401;0.663033361;0.277179702;LXP;25.08.2023;46.500283;6.660889;0.99939759;0
S3B_OL_1_EFR____20230826T101135_20230826T101435_20240920T235829_0179_083_179_2160_MAR_R_NT_004.SEN3;5dbbdf69-46a6-3697-b4db-74aac57f7ddf;S3B;OLCI;L2_THETIS_GRID_20230823_20230902.nc;3.954367167;0.875935395;0.221510891;LXP;26.08.2023;46.500283;6.660889;1;0
S3A_OL_1_EFR____20230827T102416_20230827T102716_20240919T162043_0179_102_336_2160_MAR_R_NT_004.SEN3;3459b21a-6250-3c2d-bfa8-d9dbbcc82891;S3A;OLCI;L2_THETIS_GRID_20230823_20230902.nc;3.166652775;0.334010206;0.10547737;LXP;27.08.2023;46.500283;6.660889;1;0
S3B_OL_1_EFR____20230827T094524_20230827T094824_20240920T231237_0179_083_193_2160_MAR_R_NT_004.SEN3;4fe0f9e1-c52e-32ea-93eb-01c813bf3104;S3B;OLCI;L2_THETIS_GRID_20230823_20230902.nc;3.166652775;0.334010206;0.10547737;LXP;27.08.2023;46.500283;6.660889;1;0
S3A_OL_1_EFR____20230828T095805_20230828T100105_20240919T170442_0179_102_350_2160_MAR_R_NT_004.SEN3;1e18e659-cd9f-3d2f-b1d5-a052a0ad4f80;S3A;OLCI;L2_THETIS_GRID_20230823_20230902.nc;3.172559902;0.320203322;0.100929007;LXP;28.08.2023;46.500283;6.660889;1;0
S3B_OL_1_EFR____20230828T091912_20230828T092212_20240921T000450_0179_083_207_2160_MAR_R_NT_004.SEN3;d8751637-f29a-3f28-aafd-595a8594e0b4;S3B;OLCI;L2_THETIS_GRID_20230823_20230902.nc;3.172559902;0.320203322;0.100929007;LXP;28.08.2023;46.500283;6.660889;1;0
S3A_OL_1_EFR____20230829T093154_20230829T093454_20240919T182211_0180_102_364_2160_MAR_R_NT_004.SEN3;3722ce5d-17e2-39e8-9577-16b2bc3c4fd3;S3A;OLCI;L2_THETIS_GRID_20230823_20230902.nc;2.513078323;0.335339324;0.133437673;LXP;29.08.2023;46.500283;6.660889;1;0
S3B_OL_1_EFR____20230830T100749_20230830T101049_20240921T003645_0180_083_236_2160_MAR_R_NT_004.SEN3;5c2842ea-dff9-3138-9789-aed7b0ef8619;S3B;OLCI;L2_THETIS_GRID_20230823_20230902.nc;2.091855099;0.36630775;0.175111436;LXP;30.08.2023;46.500283;6.660889;1;0
S3A_OL_1_EFR____20230831T102032_20230831T102332_20240919T183241_0179_103_008_2160_MAR_R_NT_004.SEN3;17270891-cedf-3701-9a47-4bca3f3c80b2;S3A;OLCI;L2_THETIS_GRID_20230823_20230902.nc;2.045745129;0.248956759;0.121694905;LXP;31.08.2023;46.500283;6.660889;1;0
S3B_OL_1_EFR____20230831T094138_20230831T094438_20240920T230822_0179_083_250_2160_MAR_R_NT_004.SEN3;029a205d-172d-371d-a79a-6f3538194fd5;S3B;OLCI;L2_THETIS_GRID_20230823_20230902.nc;2.045745129;0.248956759;0.121694905;LXP;31.08.2023;46.500283;6.660889;1;0
S3A_OL_1_EFR____20230901T095421_20230901T095721_20240919T193711_0179_103_022_2160_MAR_R_NT_004.SEN3;c2fac012-50da-3539-965e-240bb1535fd8;S3A;OLCI;L2_THETIS_GRID_20230823_20230902.nc;2.257205815;0.346796721;0.153639831;LXP;01.09.2023;46.500283;6.660889;0.002560241;0
S3A_OL_1_EFR____20230902T092811_20230902T093111_20240919T185436_0179_103_036_2160_MAR_R_NT_004.SEN3;29178eec-996c-3c33-bc73-9e56b1242b7a;S3A;OLCI;L2_THETIS_GRID_20230902_20230912.nc;2.360474149;0.314736253;0.13333603;LXP;02.09.2023;46.500283;6.660889;0.756325301;0
S3B_OL_1_EFR____20230903T100405_20230903T100705_20240920T224948_0179_083_293_2160_MAR_R_NT_004.SEN3;15b2b65b-eaaa-38fa-bb84-1429177bb55d;S3B;OLCI;L2_THETIS_GRID_20230902_20230912.nc;2.453496947;0.432195355;0.176154837;LXP;03.09.2023;46.500283;6.660889;0.998343373;0
S3A_OL_1_EFR____20230904T101649_20230904T101949_20240919T191720_0179_103_065_2160_MAR_R_NT_004.SEN3;113c2ed6-a2ac-3967-824a-f0368fca255f;S3A;OLCI;L2_THETIS_GRID_20230902_20230912.nc;2.764771482;0.467543893;0.169107608;LXP;04.09.2023;46.500283;6.660889;0.325301205;0
S3B_OL_1_EFR____20230904T093754_20230904T094054_20240920T234810_0179_083_307_2160_MAR_R_NT_004.SEN3;74921282-30e2-38cf-b9a6-cd29750eda7a;S3B;OLCI;L2_THETIS_GRID_20230902_20230912.nc;2.764771482;0.467543893;0.169107608;LXP;04.09.2023;46.500283;6.660889;0.325301205;0
S3A_OL_1_EFR____20230905T095038_20230905T095338_20240923T123843_0180_103_079_2160_MAR_R_NT_004.SEN3;4d719f0c-ebfb-32dc-b6af-fb7539edc2ca;S3A;OLCI;L2_THETIS_GRID_20230902_20230912.nc;2.765330029;0.674112887;0.243773033;LXP;05.09.2023;46.500283;6.660889;0.169578313;0
S3A_OL_1_EFR____20230906T092427_20230906T092727_20240919T192320_0179_103_093_2160_MAR_R_NT_004.SEN3;0e85cecd-4b9c-3dc7-b745-fb9519c1c3e0;S3A;OLCI;L2_THETIS_GRID_20230902_20230912.nc;2.698470334;0.750010057;0.277938967;LXP;06.09.2023;46.500283;6.660889;0.074246988;0
S3B_OL_1_EFR____20230906T102631_20230906T102931_20240921T002511_0179_083_336_2160_MAR_R_NT_004.SEN3;87d7c62d-63fc-33a4-b781-cab4ce334d6f;S3B;OLCI;L2_THETIS_GRID_20230902_20230912.nc;2.698470334;0.750010057;0.277938967;LXP;06.09.2023;46.500283;6.660889;0.073811321;0
S3B_OL_1_EFR____20230907T100020_20230907T100320_20240920T232556_0179_083_350_2160_MAR_R_NT_004.SEN3;9b151c40-4894-31bf-a0ba-a9b2343ad344;S3B;OLCI;L2_THETIS_GRID_20230902_20230912.nc;3.592501202;0.991928295;0.276110776;LXP;07.09.2023;46.500283;6.660889;0.003614458;0
S3A_OL_1_EFR____20230908T101305_20230908T101605_20240919T200620_0179_103_122_2160_MAR_R_NT_004.SEN3;8a062a4a-4610-3886-a837-6ff04bb421ff;S3A;OLCI;L2_THETIS_GRID_20230902_20230912.nc;4.123958472;1.629660393;0.395168963;LXP;08.09.2023;46.500283;6.660889;0.00376506;0
S3B_OL_1_EFR____20230908T093409_20230908T093709_20240921T003433_0180_083_364_2160_MAR_R_NT_004.SEN3;bf5388fb-c766-36a4-8fde-c3028300c028;S3B;OLCI;L2_THETIS_GRID_20230902_20230912.nc;4.123958472;1.629660393;0.395168963;LXP;08.09.2023;46.500283;6.660889;0.00376506;0
S3A_OL_1_EFR____20230909T094655_20230909T094955_20240919T190707_0179_103_136_2160_MAR_R_NT_004.SEN3;097c1b88-a0f5-3a96-a83c-0c90647574ff;S3A;OLCI;L2_THETIS_GRID_20230902_20230912.nc;3.172099696;0.909843344;0.286826844;LXP;09.09.2023;46.500283;6.660889;0.00873494;0
S3A_OL_1_EFR____20230910T092044_20230910T092344_20240919T201811_0179_103_150_2160_MAR_R_NT_004.SEN3;224753ee-6b36-33cb-be7a-3dea2d7adb03;S3A;OLCI;L2_THETIS_GRID_20230902_20230912.nc;3.220618283;1.051024107;0.32634234;LXP;10.09.2023;46.500283;6.660889;0.004518072;0
S3B_OL_1_EFR____20230910T102246_20230910T102546_20240920T225326_0180_084_008_2160_MAR_R_NT_004.SEN3;11df417e-ff39-335c-8285-3d9019dd826e;S3B;OLCI;L2_THETIS_GRID_20230902_20230912.nc;3.220618283;1.051024107;0.32634234;LXP;10.09.2023;46.500283;6.660889;0.004518072;0
S3B_OL_1_EFR____20230911T095635_20230911T095935_20240921T002708_0179_084_022_2160_MAR_R_NT_004.SEN3;55c9f317-774f-35d0-834b-db936c82bfe3;S3B;OLCI;L2_THETIS_GRID_20230902_20230912.nc;3.240037502;0.791132988;0.244174022;LXP;11.09.2023;46.500283;6.660889;0.473493976;0
S3A_OL_1_EFR____20230912T100922_20230912T101222_20240919T181645_0179_103_179_2160_MAR_R_NT_004.SEN3;f06e2c7b-413e-3394-a650-8820456070b0;S3A;OLCI;L2_THETIS_GRID_20230912_20230922.nc;3.377678652;0.874137013;0.258798158;LXP;12.09.2023;46.500283;6.660889;0.292771084;0
S3B_OL_1_EFR____20230912T093024_20230912T093324_20240921T003330_0179_084_036_2160_MAR_R_NT_004.SEN3;45264d92-5286-3435-bd53-38317a85518c;S3B;OLCI;L2_THETIS_GRID_20230912_20230922.nc;3.377678652;0.874137013;0.258798158;LXP;12.09.2023;46.500283;6.660889;0.292771084;0
S3A_OL_1_EFR____20230913T094311_20230913T094611_20240919T193802_0179_103_193_2160_MAR_R_NT_004.SEN3;c831debc-97e8-32c0-88b0-86b8c2c7285f;S3A;OLCI;L2_THETIS_GRID_20230912_20230922.nc;3.787004998;0.315448584;0.083297641;LXP;13.09.2023;46.500283;6.660889;0.960843373;0
S3B_OL_1_EFR____20230914T101901_20230914T102201_20240921T011155_0179_084_065_2160_MAR_R_NT_004.SEN3;9ebd5882-2646-3d8b-9dbe-538abf75a4ef;S3B;OLCI;L2_THETIS_GRID_20230912_20230922.nc;3.377678652;0.874137013;0.258798158;LXP;14.09.2023;46.500283;6.660889;0.421084337;0
S3B_OL_1_EFR____20230915T095250_20230915T095550_20240921T024600_0179_084_079_2160_MAR_R_NT_004.SEN3;733b4ce6-3d48-3164-b337-656962186b5b;S3B;OLCI;L2_THETIS_GRID_20230912_20230922.nc;3.787004998;0.315448584;0.083297641;LXP;15.09.2023;46.500283;6.660889;0.245481928;0
S3A_OL_1_EFR____20230916T100538_20230916T100838_20240919T190928_0180_103_236_2160_MAR_R_NT_004.SEN3;0a953ab6-fca2-3466-8b1e-20a69e53b6cd;S3A;OLCI;L2_THETIS_GRID_20230912_20230922.nc;;;;LXP;16.09.2023;46.500283;6.660889;0.986596386;0
S3B_OL_1_EFR____20230916T092639_20230916T092939_20240921T013817_0180_084_093_2160_MAR_R_NT_004.SEN3;1b84f73b-664c-3d5b-87ff-ca0b1812434e;S3B;OLCI;L2_THETIS_GRID_20230912_20230922.nc;;;;LXP;16.09.2023;46.500283;6.660889;0.986596386;0
S3A_OL_1_EFR____20230917T093927_20230917T094227_20240919T201847_0179_103_250_2160_MAR_R_NT_004.SEN3;5fa0df97-5be7-35b1-97af-3a3e05bcbeae;S3A;OLCI;L2_THETIS_GRID_20230912_20230922.nc;;;;LXP;17.09.2023;46.500283;6.660889;1;0
S3B_OL_1_EFR____20230918T101515_20230918T101815_20240921T015232_0179_084_122_2160_MAR_R_NT_004.SEN3;a266d572-d4fe-3d3f-aff6-62cfe0096926;S3B;OLCI;L2_THETIS_GRID_20230912_20230922.nc;;;;LXP;18.09.2023;46.500283;6.660889;1;0
S3B_OL_1_EFR____20230919T094904_20230919T095204_20240921T011817_0179_084_136_2160_MAR_R_NT_004.SEN3;fba9303e-f2d9-3031-a101-03d0393801be;S3B;OLCI;L2_THETIS_GRID_20230912_20230922.nc;;;;LXP;19.09.2023;46.500283;6.660889;0.914307229;0
S3A_OL_1_EFR____20230920T100153_20230920T100453_20240919T194137_0179_103_293_2160_MAR_R_NT_004.SEN3;d30ba884-ad89-3be1-ac1c-731ee47ce89a;S3A;OLCI;L2_THETIS_GRID_20230912_20230922.nc;;;;LXP;20.09.2023;46.500283;6.660889;0.00496988;0
S3B_OL_1_EFR____20230920T092253_20230920T092553_20240921T015552_0180_084_150_2160_MAR_R_NT_004.SEN3;f8cb3b21-97af-3b9c-a3d7-4402d5de4f86;S3B;OLCI;L2_THETIS_GRID_20230912_20230922.nc;;;;LXP;20.09.2023;46.500283;6.660889;0.00496988;0
S3A_OL_1_EFR____20230921T093542_20230921T093842_20240919T182858_0179_103_307_2160_MAR_R_NT_004.SEN3;288c5838-9ddf-3d2a-a2d3-fb1b94c13ec9;S3A;OLCI;L2_THETIS_GRID_20230912_20230922.nc;;;;LXP;21.09.2023;46.500283;6.660889;1;0
S3B_OL_1_EFR____20230922T101131_20230922T101431_20240921T031735_0179_084_179_2160_MAR_R_NT_004.SEN3;e38b2435-5ea2-300b-bcdd-b183f9ce29dc;S3B;OLCI;L2_THETIS_GRID_20230922_20231002.nc;;;;LXP;22.09.2023;46.500283;6.660889;0.301054217;0
S3A_OL_1_EFR____20230923T102419_20230923T102719_20240919T191808_0179_103_336_2160_MAR_R_NT_004.SEN3;1d23ed0b-bb2b-3b3d-b7c0-7d088b3c22d2;S3A;OLCI;L2_THETIS_GRID_20230922_20231002.nc;;;;LXP;23.09.2023;46.500283;6.660889;0.681927711;0
S3B_OL_1_EFR____20230923T094520_20230923T094820_20240921T013455_0179_084_193_2160_MAR_R_NT_004.SEN3;60d252b5-9a3e-34f9-ada0-e1b6a90262cb;S3B;OLCI;L2_THETIS_GRID_20230922_20231002.nc;;;;LXP;23.09.2023;46.500283;6.660889;0.681927711;0
S3B_OL_1_EFR____20230924T091909_20230924T092209_20240921T024852_0179_084_207_2160_MAR_R_NT_004.SEN3;b213b583-883c-3d9a-a266-7d385bf6418f;S3B;OLCI;L2_THETIS_GRID_20230922_20231002.nc;;;;LXP;24.09.2023;46.500283;6.660889;0.152861446;0
S3A_OL_1_EFR____20230924T095808_20230924T100108_20240919T203154_0179_103_350_2160_MAR_R_NT_004.SEN3;03775afb-53a1-3dad-8e14-acb28ef289f7;S3A;OLCI;L2_THETIS_GRID_20230922_20231002.nc;;;;LXP;24.09.2023;46.500283;6.660889;0.152861446;0
S3A_OL_1_EFR____20230925T093156_20230925T093456_20240919T194816_0179_103_364_2160_MAR_R_NT_004.SEN3;91c5adb8-7cfc-379b-92eb-9b92277df733;S3A;OLCI;L2_THETIS_GRID_20230922_20231002.nc;;;;LXP;25.09.2023;46.500283;6.660889;0.088554217;0
S3B_OL_1_EFR____20230926T100747_20230926T101047_20240921T010828_0179_084_236_2160_MAR_R_NT_004.SEN3;257a8d5c-9eeb-326f-a11c-2df0a76d1628;S3B;OLCI;L2_THETIS_GRID_20230922_20231002.nc;;;;LXP;26.09.2023;46.500283;6.660889;0.002108434;0
S3A_OL_1_EFR____20230927T102033_20230927T102333_20240919T212132_0179_104_008_2160_MAR_R_NT_004.SEN3;669fd4c6-39de-3d4b-a16a-44f91bcb55a5;S3A;OLCI;L2_THETIS_GRID_20230922_20231002.nc;;;;LXP;27.09.2023;46.500283;6.660889;0.074096386;0
S3B_OL_1_EFR____20230927T094136_20230927T094436_20240921T021230_0179_084_250_2160_MAR_R_NT_004.SEN3;5b0610f6-de0c-3612-9f55-4f21c21b6586;S3B;OLCI;L2_THETIS_GRID_20230922_20231002.nc;;;;LXP;27.09.2023;46.500283;6.660889;0.074096386;0
S3A_OL_1_EFR____20230928T095423_20230928T095723_20240919T202419_0179_104_022_2160_MAR_R_NT_004.SEN3;c55759fb-6b88-3975-92c9-7b0d9418dfe4;S3A;OLCI;L2_THETIS_GRID_20230922_20231002.nc;;;;LXP;28.09.2023;46.500283;6.660889;1;0
S3A_OL_1_EFR____20230929T092812_20230929T093112_20240919T215309_0180_104_036_2160_MAR_R_NT_004.SEN3;9c111a43-6530-323b-8207-d4dc1f41aa91;S3A;OLCI;L2_THETIS_GRID_20230922_20231002.nc;;;;LXP;29.09.2023;46.500283;6.660889;0.05436747;0
S3B_OL_1_EFR____20230930T100403_20230930T100703_20240921T020155_0179_084_293_2160_MAR_R_NT_004.SEN3;aeb1c421-384a-3d32-a863-34116e6b0c36;S3B;OLCI;L2_THETIS_GRID_20230922_20231002.nc;;;;LXP;30.09.2023;46.500283;6.660889;0.013704819;0
S3A_OL_1_EFR____20231001T101650_20231001T101950_20240919T222956_0179_104_065_2160_MAR_R_NT_004.SEN3;c90af05a-b14e-36d4-bb5b-d6a79177eae4;S3A;OLCI;L2_THETIS_GRID_20230922_20231002.nc;;;;LXP;01.10.2023;46.500283;6.660889;0.024246988;0
S3B_OL_1_EFR____20231001T093753_20231001T094053_20240921T031041_0180_084_307_2160_MAR_R_NT_004.SEN3;9165e07f-6ba9-35aa-8332-110ca9d198d0;S3B;OLCI;L2_THETIS_GRID_20230922_20231002.nc;;;;LXP;01.10.2023;46.500283;6.660889;0.024246988;0
S3A_OL_1_EFR____20231002T095039_20231002T095339_20240919T213734_0179_104_079_2160_MAR_R_NT_004.SEN3;d653073c-df6d-3d48-a1c0-3b1c12e7a97e;S3A;OLCI;L2_THETIS_GRID_20231002_20231012.nc;;;;LXP;02.10.2023;46.500283;6.660889;0.005120482;0
S3A_OL_1_EFR____20231003T092429_20231003T092729_20240919T221452_0179_104_093_2160_MAR_R_NT_004.SEN3;51319019-4860-3cc7-8238-76a52bf1e114;S3A;OLCI;L2_THETIS_GRID_20231002_20231012.nc;;;;LXP;03.10.2023;46.500283;6.660889;0.166716867;0
S3B_OL_1_EFR____20231003T102631_20231003T102931_20240921T010824_0179_084_336_2160_MAR_R_NT_004.SEN3;77322afc-d9b9-3fb4-bb26-2855176ade57;S3B;OLCI;L2_THETIS_GRID_20231002_20231012.nc;;;;LXP;03.10.2023;46.500283;6.660889;0.166792453;0
S3B_OL_1_EFR____20231004T100020_20231004T100320_20240921T024013_0179_084_350_2160_MAR_R_NT_004.SEN3;3774759d-79e3-39b8-9bb2-efadb7714302;S3B;OLCI;L2_THETIS_GRID_20231002_20231012.nc;;;;LXP;04.10.2023;46.500283;6.660889;0.831325301;0
S3A_OL_1_EFR____20231005T101306_20231005T101606_20240919T210525_0179_104_122_2160_MAR_R_NT_004.SEN3;0c533e41-d4d0-3653-ac26-4f86b83aada1;S3A;OLCI;L2_THETIS_GRID_20231002_20231012.nc;;;;LXP;05.10.2023;46.500283;6.660889;1;0
S3B_OL_1_EFR____20231005T093409_20231005T093709_20240921T013614_0179_084_364_2160_MAR_R_NT_004.SEN3;a26b8f11-4800-3914-b453-79fb36d1bc39;S3B;OLCI;L2_THETIS_GRID_20231002_20231012.nc;;;;LXP;05.10.2023;46.500283;6.660889;1;0
S3A_OL_1_EFR____20231006T094656_20231006T094956_20240919T220955_0180_104_136_2160_MAR_R_NT_004.SEN3;852fbb4c-36e3-3542-b0dc-480cb1afc32b;S3A;OLCI;L2_THETIS_GRID_20231002_20231012.nc;;;;LXP;06.10.2023;46.500283;6.660889;0.154518072;0
S3A_OL_1_EFR____20231007T092045_20231007T092345_20240919T210452_0179_104_150_2160_MAR_R_NT_004.SEN3;90f3b9e2-9ce3-3adc-9df4-07a5de11ccfd;S3A;OLCI;L2_THETIS_GRID_20231002_20231012.nc;;;;LXP;07.10.2023;46.500283;6.660889;0.006626506;0
S3B_OL_1_EFR____20231007T102247_20231007T102547_20240921T020852_0179_085_008_2160_MAR_R_NT_004.SEN3;c5401f96-53cc-39ea-91b1-215c559f94b9;S3B;OLCI;L2_THETIS_GRID_20231002_20231012.nc;;;;LXP;07.10.2023;46.500283;6.660889;0.006626506;0
S3B_OL_1_EFR____20231008T095636_20231008T095936_20240921T031059_0179_085_022_2160_MAR_R_NT_004.SEN3;2ffd3c31-e65d-326b-a0c6-91f09db9cb38;S3B;OLCI;L2_THETIS_GRID_20231002_20231012.nc;;;;LXP;08.10.2023;46.500283;6.660889;0.397289157;0
S3A_OL_1_EFR____20231009T100922_20231009T101222_20240919T214250_0179_104_179_2160_MAR_R_NT_004.SEN3;5495ddfc-6e02-34d0-a7de-b5cd4f291ec0;S3A;OLCI;L2_THETIS_GRID_20231002_20231012.nc;;;;LXP;09.10.2023;46.500283;6.660889;0.615662651;0
S3B_OL_1_EFR____20231009T093025_20231009T093325_20240921T020941_0179_085_036_2160_MAR_R_NT_004.SEN3;4d4172c8-75cf-35d0-852f-5fe63ee24b41;S3B;OLCI;L2_THETIS_GRID_20231002_20231012.nc;;;;LXP;09.10.2023;46.500283;6.660889;0.615662651;0
S3A_OL_1_EFR____20231010T094311_20231010T094611_20240919T230750_0179_104_193_2160_MAR_R_NT_004.SEN3;6365a1f1-2291-36c2-bc84-b2b68f1b7575;S3A;OLCI;L2_THETIS_GRID_20231002_20231012.nc;;;;LXP;10.10.2023;46.500283;6.660889;0.071385542;0
S3B_OL_1_EFR____20231011T101903_20231011T102203_20240921T024524_0180_085_065_2160_MAR_R_NT_004.SEN3;84b330a5-15c4-3d71-879e-a23ff5986070;S3B;OLCI;L2_THETIS_GRID_20231002_20231012.nc;;;;LXP;11.10.2023;46.500283;6.660889;0.002710843;0
S3A_OL_1_EFR____20240125T100923_20240125T101223_20240920T061648_0179_108_179_2160_MAR_R_NT_004.SEN3;3bc3beb3-08f2-3f1a-aa92-16bb0a956a30;S3A;OLCI;L2_THETIS_GRID_20240120_20240130.nc;;;;LXP;25.01.2024;46.500283;6.660889;0.760240964;0
S3B_OL_1_EFR____20240125T093024_20240125T093324_20240921T083344_0179_089_036_2160_MAR_R_NT_004.SEN3;cfdb9920-3698-3160-96a4-59de974b5a96;S3B;OLCI;L2_THETIS_GRID_20240120_20240130.nc;;;;LXP;25.01.2024;46.500283;6.660889;0.760240964;0
S3A_OL_1_EFR____20240130T093929_20240130T094229_20240920T060652_0179_108_250_2160_MAR_R_NT_004.SEN3;704ded9f-1296-3089-829d-c42ab3cfcd79;S3A;OLCI;L2_THETIS_GRID_20240130_20240209.nc;1.615137442;0.08613535;0.053330043;LXP;30.01.2024;46.500283;6.660889;1;0
S3B_OL_1_EFR____20240131T101517_20240131T101817_20240921T101321_0179_089_122_2160_MAR_R_NT_004.SEN3;5cbfccf0-8210-38f7-bffa-fe4d8bd64442;S3B;OLCI;L2_THETIS_GRID_20240130_20240209.nc;1.452212797;0.150435936;0.103590835;LXP;31.01.2024;46.500283;6.660889;1;0
S3B_OL_1_EFR____20240201T094906_20240201T095206_20240921T082911_0179_089_136_2160_MAR_R_NT_004.SEN3;4d41e685-0cdf-32f2-a1f8-41edc2d31054;S3B;OLCI;L2_THETIS_GRID_20240130_20240209.nc;1.487672335;0.18038463;0.12125293;LXP;01.02.2024;46.500283;6.660889;1;0
S3B_OL_1_EFR____20240202T092256_20240202T092556_20240921T101142_0180_089_150_2160_MAR_R_NT_004.SEN3;cec3b2e1-2a9c-3b2f-85df-20b90b3dadc8;S3B;OLCI;L2_THETIS_GRID_20240130_20240209.nc;1.422137273;0.180631853;0.127014358;LXP;02.02.2024;46.500283;6.660889;0.998493976;0
S3A_OL_1_EFR____20240202T100156_20240202T100456_20240920T075515_0180_108_293_2160_MAR_R_NT_004.SEN3;d3d1c362-5e08-35c2-babe-f7cdd7d68dbd;S3A;OLCI;L2_THETIS_GRID_20240130_20240209.nc;1.422137273;0.180631853;0.127014358;LXP;02.02.2024;46.500283;6.660889;0.998493976;0
S3A_OL_1_EFR____20240203T093545_20240203T093845_20240920T065456_0179_108_307_2160_MAR_R_NT_004.SEN3;a6ee58eb-da78-3d78-ac40-1e925e25852e;S3A;OLCI;L2_THETIS_GRID_20240130_20240209.nc;1.528741654;0.180549648;0.11810344;LXP;03.02.2024;46.500283;6.660889;0.564909639;0
S3B_OL_1_EFR____20240204T101134_20240204T101434_20240921T110615_0179_089_179_2160_MAR_R_NT_004.SEN3;43f278dc-e55c-37ec-ba9c-bf9f8f90b89f;S3B;OLCI;L2_THETIS_GRID_20240130_20240209.nc;1.689462524;0.323771223;0.191641554;LXP;04.02.2024;46.500283;6.660889;0.525753012;0
S3B_OL_1_EFR____20240205T094523_20240205T094823_20240921T091649_0180_089_193_2160_MAR_R_NT_004.SEN3;2ec64f9d-daa5-35eb-8a7e-25a2e2db8246;S3B;OLCI;L2_THETIS_GRID_20240130_20240209.nc;1.657390269;0.141663756;0.085473988;LXP;05.02.2024;46.500283;6.660889;0.824096386;0
S3A_OL_1_EFR____20240205T102423_20240205T102723_20240920T072359_0179_108_336_2160_MAR_R_NT_004.SEN3;4a9839c4-67de-3b6b-9a34-51553eb80805;S3A;OLCI;L2_THETIS_GRID_20240130_20240209.nc;1.657390269;0.141663756;0.085473988;LXP;05.02.2024;46.500283;6.660889;0.824096386;0
S3B_OL_1_EFR____20240206T091913_20240206T092213_20240921T111154_0179_089_207_2160_MAR_R_NT_004.SEN3;4db8ab90-edeb-3ceb-bcbc-71963889ccd9;S3B;OLCI;L2_THETIS_GRID_20240130_20240209.nc;1.576230996;0.168097471;0.106645201;LXP;06.02.2024;46.500283;6.660889;1;0
S3A_OL_1_EFR____20240206T095812_20240206T100112_20240920T063206_0179_108_350_2160_MAR_R_NT_004.SEN3;1d941381-dd81-3c2b-9821-013169c9ced6;S3A;OLCI;L2_THETIS_GRID_20240130_20240209.nc;1.576230996;0.168097471;0.106645201;LXP;06.02.2024;46.500283;6.660889;1;0
S3A_OL_1_EFR____20240207T093201_20240207T093501_20240920T074005_0179_108_364_2160_MAR_R_NT_004.SEN3;b3e8ed3a-e906-316d-9d0f-8969eb6a7ee6;S3A;OLCI;L2_THETIS_GRID_20240130_20240209.nc;1.617709654;0.174589201;0.107923693;LXP;07.02.2024;46.500283;6.660889;1;0
S3B_OL_1_EFR____20240208T100750_20240208T101050_20240921T084039_0180_089_236_2160_MAR_R_NT_004.SEN3;3a3bdb6c-163f-3356-99a6-0ffb8b94b58a;S3B;OLCI;L2_THETIS_GRID_20240130_20240209.nc;1.738706132;0.110217567;0.063390567;LXP;08.02.2024;46.500283;6.660889;1;0
S3B_OL_1_EFR____20240209T094140_20240209T094440_20240921T101334_0179_089_250_2160_MAR_R_NT_004.SEN3;e00e3074-38e7-3ef5-8465-1bcbfbd7639e;S3B;OLCI;L2_THETIS_GRID_20240209_20240219.nc;1.879659479;0.171767361;0.091382169;LXP;09.02.2024;46.500283;6.660889;1;0
S3A_OL_1_EFR____20240209T102038_20240209T102338_20240920T081838_0179_109_008_2160_MAR_R_NT_004.SEN3;ced21463-8dd2-3639-b895-dc266b6c0c81;S3A;OLCI;L2_THETIS_GRID_20240209_20240219.nc;1.879659479;0.171767361;0.091382169;LXP;09.02.2024;46.500283;6.660889;1;0
S3A_OL_1_EFR____20240210T095427_20240210T095727_20240920T071253_0179_109_022_2160_MAR_R_NT_004.SEN3;db3b895b-e711-386e-884f-0d50c4065558;S3A;OLCI;L2_THETIS_GRID_20240209_20240219.nc;1.86164896;0.226236068;0.121524558;LXP;10.02.2024;46.500283;6.660889;1;0
S3A_OL_1_EFR____20240211T092816_20240211T093116_20240920T082212_0179_109_036_2160_MAR_R_NT_004.SEN3;1f62e15b-c0e7-3fbb-ad48-ab08d7dd4a4f;S3A;OLCI;L2_THETIS_GRID_20240209_20240219.nc;1.015199912;0.063109953;0.06216505;LXP;11.02.2024;46.500283;6.660889;1;0
S3B_OL_1_EFR____20240212T100407_20240212T100707_20240921T092354_0179_089_293_2160_MAR_R_NT_004.SEN3;e71fc4f1-6ce4-38d5-8d1d-e829b058d952;S3B;OLCI;L2_THETIS_GRID_20240209_20240219.nc;1.107461574;0.34323067;0.30992558;LXP;12.02.2024;46.500283;6.660889;1;0
S3A_OL_1_EFR____20240215T092431_20240215T092731_20240920T070413_0179_109_093_2160_MAR_R_NT_004.SEN3;39de1c05-c506-31ad-96d0-41a07a63d2b3;S3A;OLCI;L2_THETIS_GRID_20240209_20240219.nc;2.087716285;0.1713959;0.082097314;LXP;15.02.2024;46.500283;6.660889;1;0
S3B_OL_1_EFR____20240215T102634_20240215T102934_20240921T090101_0179_089_336_2160_MAR_R_NT_004.SEN3;092b2c09-facc-30c0-828d-e4b7464010a2;S3B;OLCI;L2_THETIS_GRID_20240209_20240219.nc;2.087716285;0.1713959;0.082097314;LXP;15.02.2024;46.500283;6.660889;1;0
S3B_OL_1_EFR____20240216T100023_20240216T100323_20240921T103920_0179_089_350_2160_MAR_R_NT_004.SEN3;0a1cce2f-727f-3a2b-beed-3aaeaab1a804;S3B;OLCI;L2_THETIS_GRID_20240209_20240219.nc;2.901853389;0.473047776;0.163015739;LXP;16.02.2024;46.500283;6.660889;1;0
S3A_OL_1_EFR____20240217T101309_20240217T101609_20240920T074140_0179_109_122_2160_MAR_R_NT_004.SEN3;b4ccd6cb-c90f-3943-bdc6-4a1fe2cceb7b;S3A;OLCI;L2_THETIS_GRID_20240209_20240219.nc;3.786986941;0.568736398;0.150181769;LXP;17.02.2024;46.500283;6.660889;0.968373494;0
S3B_OL_1_EFR____20240217T093412_20240217T093712_20240921T090459_0179_089_364_2160_MAR_R_NT_004.SEN3;69547648-d166-33b4-9b85-1021d306b3b4;S3B;OLCI;L2_THETIS_GRID_20240209_20240219.nc;3.786986941;0.568736398;0.150181769;LXP;17.02.2024;46.500283;6.660889;0.968373494;0
S3A_OL_1_EFR____20240218T094658_20240218T094958_20240920T085500_0179_109_136_2160_MAR_R_NT_004.SEN3;54d77e65-ca33-3dd1-879c-cf444eaf8079;S3A;OLCI;L2_THETIS_GRID_20240209_20240219.nc;4.205686467;0.784703799;0.186581621;LXP;18.02.2024;46.500283;6.660889;1;0
S3B_OL_1_EFR____20240219T102249_20240219T102549_20240921T101245_0179_090_008_2160_MAR_R_NT_004.SEN3;767b1ed2-d4d1-3f64-8cdd-098f7676d96b;S3B;OLCI;L2_THETIS_GRID_20240219_20240229.nc;5.195613395;0.380770151;0.073286852;LXP;19.02.2024;46.500283;6.660889;0.533283133;0
S3A_OL_1_EFR____20240219T092047_20240219T092347_20240920T080154_0179_109_150_2160_MAR_R_NT_004.SEN3;31ba0b90-a986-31b1-a309-58f81e8d27db;S3A;OLCI;L2_THETIS_GRID_20240219_20240229.nc;5.195613395;0.380770151;0.073286852;LXP;19.02.2024;46.500283;6.660889;0.533283133;0
S3B_OL_1_EFR____20240220T095638_20240220T095938_20240921T115314_0180_090_022_2160_MAR_R_NT_004.SEN3;ec72fd43-2f7a-345a-a5ce-146ad2e99983;S3B;OLCI;L2_THETIS_GRID_20240219_20240229.nc;4.895066196;1.703707678;0.348045891;LXP;20.02.2024;46.500283;6.660889;0.719728916;0
S3A_OL_1_EFR____20240221T100924_20240221T101224_20240920T085356_0180_109_179_2160_MAR_R_NT_004.SEN3;7bf6ef2d-9023-3a40-9346-d898c1a4e9d7;S3A;OLCI;L2_THETIS_GRID_20240219_20240229.nc;4.923868134;1.512885912;0.30725557;LXP;21.02.2024;46.500283;6.660889;1;0
S3B_OL_1_EFR____20240221T093027_20240221T093327_20240921T101253_0179_090_036_2160_MAR_R_NT_004.SEN3;ec8a267b-98a4-3bf7-a3f7-4ab6c69c0b3d;S3B;OLCI;L2_THETIS_GRID_20240219_20240229.nc;4.923868134;1.512885912;0.30725557;LXP;21.02.2024;46.500283;6.660889;1;0
S3A_OL_1_EFR____20240222T094313_20240222T094613_20240920T075443_0179_109_193_2160_MAR_R_NT_004.SEN3;64d3e841-2dba-3d39-996f-e0b8927544d8;S3A;OLCI;L2_THETIS_GRID_20240219_20240229.nc;1.236822622;0.119700761;0.096780863;LXP;22.02.2024;46.500283;6.660889;1;0
S3B_OL_1_EFR____20240223T101904_20240223T102204_20240921T110603_0179_090_065_2160_MAR_R_NT_004.SEN3;bd0ed267-d5f9-35fd-937c-8c1d7d4f8a54;S3B;OLCI;L2_THETIS_GRID_20240219_20240229.nc;0.900263781;0.142037019;0.157772668;LXP;23.02.2024;46.500283;6.660889;0.025150602;0
S3B_OL_1_EFR____20240224T095253_20240224T095553_20240921T091454_0179_090_079_2160_MAR_R_NT_004.SEN3;034f1837-8d0c-3dd4-ac5b-dd5b6cea625c;S3B;OLCI;L2_THETIS_GRID_20240219_20240229.nc;0.860605983;0.066756436;0.077569105;LXP;24.02.2024;46.500283;6.660889;0.605120482;0
S3B_OL_1_EFR____20240225T092642_20240225T092942_20240921T110518_0179_090_093_2160_MAR_R_NT_004.SEN3;347cf634-9822-398d-b742-c2c337482c7c;S3B;OLCI;L2_THETIS_GRID_20240219_20240229.nc;1.234608697;0.311819471;0.252565425;LXP;25.02.2024;46.500283;6.660889;0.994578313;0
S3A_OL_1_EFR____20240225T100539_20240225T100839_20240920T095348_0180_109_236_2160_MAR_R_NT_004.SEN3;4792da07-3b3f-32ea-9999-25bfe7de8fdf;S3A;OLCI;L2_THETIS_GRID_20240219_20240229.nc;1.234608697;0.311819471;0.252565425;LXP;25.02.2024;46.500283;6.660889;0.994578313;0
S3A_OL_1_EFR____20240226T093928_20240226T094228_20240920T084812_0179_109_250_2160_MAR_R_NT_004.SEN3;9cc3631b-fac9-3dad-ae39-a10c2a6dc22c;S3A;OLCI;L2_THETIS_GRID_20240219_20240229.nc;1.967512655;0.631347312;0.320886024;LXP;26.02.2024;46.500283;6.660889;1;0
S3B_OL_1_EFR____20240227T101520_20240227T101820_20240921T113454_0179_090_122_2160_MAR_R_NT_004.SEN3;ae2aac00-ee3e-3d7a-85b0-6e4a095d9929;S3B;OLCI;L2_THETIS_GRID_20240219_20240229.nc;2.957831646;0.484052537;0.163651145;LXP;27.02.2024;46.500283;6.660889;1;0
S3B_OL_1_EFR____20240228T094909_20240228T095209_20240921T101248_0180_090_136_2160_MAR_R_NT_004.SEN3;3b1c7be7-2ea0-3a47-95c8-56932cea91c1;S3B;OLCI;L2_THETIS_GRID_20240219_20240229.nc;4.225228165;0.98276255;0.23259396;LXP;28.02.2024;46.500283;6.660889;1;0
S3A_OL_1_EFR____20240229T100154_20240229T100454_20240920T082853_0179_109_293_2160_MAR_R_NT_004.SEN3;d90789bf-68e4-3c01-9c60-9d39393ad6d5;S3A;OLCI;L2_THETIS_GRID_20240229_20240310.nc;4.306703084;1.223484306;0.284088381;LXP;29.02.2024;46.500283;6.660889;0.941566265;0
S3B_OL_1_EFR____20240229T092258_20240229T092558_20240921T120019_0179_090_150_2160_MAR_R_NT_004.SEN3;12a69cbf-1055-397b-bf3b-75ff25abada6;S3B;OLCI;L2_THETIS_GRID_20240229_20240310.nc;4.306703084;1.223484306;0.284088381;LXP;29.02.2024;46.500283;6.660889;0.941566265;0
S3A_OL_1_EFR____20240301T093543_20240301T093843_20240920T093815_0179_109_307_2160_MAR_R_NT_004.SEN3;8c353aea-dc83-3f16-8343-0553935ceedd;S3A;OLCI;L2_THETIS_GRID_20240229_20240310.nc;6.534015048;1.04976049;0.160660862;LXP;01.03.2024;46.500283;6.660889;1;0
S3B_OL_1_EFR____20240302T101136_20240302T101436_20240921T101138_0179_090_179_2160_MAR_R_NT_004.SEN3;3efd8fb0-c28c-3d7e-aa97-48b910ed2e03;S3B;OLCI;L2_THETIS_GRID_20240229_20240310.nc;6.835186957;2.117073575;0.309731627;LXP;02.03.2024;46.500283;6.660889;0.784337349;0
S3B_OL_1_EFR____20240303T094525_20240303T094825_20240921T113215_0179_090_193_2160_MAR_R_NT_004.SEN3;f61ad641-5c89-35b6-bd9d-6052d4ece72c;S3B;OLCI;L2_THETIS_GRID_20240229_20240310.nc;6.380875494;1.642330871;0.257383312;LXP;03.03.2024;46.500283;6.660889;1;0
S3A_OL_1_EFR____20240303T102420_20240303T102720_20240920T101739_0180_109_336_2160_MAR_R_NT_004.SEN3;a5f49dbe-5505-3d29-9ebe-f723a3adf1f9;S3A;OLCI;L2_THETIS_GRID_20240229_20240310.nc;6.380875494;1.642330871;0.257383312;LXP;03.03.2024;46.500283;6.660889;1;0
S3B_OL_1_EFR____20240304T091914_20240304T092214_20240921T101243_0179_090_207_2160_MAR_R_NT_004.SEN3;fe292fa4-3c18-3c52-9e53-bbc6472762a8;S3B;OLCI;L2_THETIS_GRID_20240229_20240310.nc;5.04931917;0.70222332;0.139072872;LXP;04.03.2024;46.500283;6.660889;1;0
S3A_OL_1_EFR____20240304T095809_20240304T100109_20240920T090804_0179_109_350_2160_MAR_R_NT_004.SEN3;6749cb39-a225-341b-9a88-435db6ec411c;S3A;OLCI;L2_THETIS_GRID_20240229_20240310.nc;5.04931917;0.70222332;0.139072872;LXP;04.03.2024;46.500283;6.660889;1;0
S3A_OL_1_EFR____20240305T093158_20240305T093458_20240920T102554_0179_109_364_2160_MAR_R_NT_004.SEN3;a2039b2c-16ad-3d61-80f3-77c204a5be2b;S3A;OLCI;L2_THETIS_GRID_20240229_20240310.nc;2.445795058;0.706222025;0.288749469;LXP;05.03.2024;46.500283;6.660889;0.553162651;0
S3B_OL_1_EFR____20240306T100752_20240306T101052_20240921T111242_0179_090_236_2160_MAR_R_NT_004.SEN3;2094aa69-1919-35a5-9e7c-1e315e1ffd34;S3B;OLCI;L2_THETIS_GRID_20240229_20240310.nc;2.460817546;0.366158793;0.148795588;LXP;06.03.2024;46.500283;6.660889;0.970331325;0
S3A_OL_1_EFR____20240308T095424_20240308T095724_20240920T100033_0179_110_022_2160_MAR_R_NT_004.SEN3;1e73810d-a604-30f8-a50d-dd7135c94591;S3A;OLCI;L2_THETIS_GRID_20240229_20240310.nc;3.376376428;0.954991228;0.282845011;LXP;08.03.2024;46.500283;6.660889;0.932078313;0
S3A_OL_1_EFR____20240309T092814_20240309T093114_20240920T085423_0179_110_036_2160_MAR_R_NT_004.SEN3;bb3a1587-4fca-3326-8645-995ab50ee847;S3A;OLCI;L2_THETIS_GRID_20240229_20240310.nc;3.891051943;0.397453453;0.102145502;LXP;09.03.2024;46.500283;6.660889;1;0
S3B_OL_1_EFR____20240310T100407_20240310T100707_20240921T123744_0179_090_293_2160_MAR_R_NT_004.SEN3;ae5f7adc-4ca7-304a-8b9f-443e1416601a;S3B;OLCI;L2_THETIS_GRID_20240310_20240320.nc;4.277511423;0.177804029;0.041567166;LXP;10.03.2024;46.500283;6.660889;1;0
S3A_OL_1_EFR____20240311T101652_20240311T101952_20240920T092553_0179_110_065_2160_MAR_R_NT_004.SEN3;7bb1d5c8-2204-3f55-a80d-aafea698fe33;S3A;OLCI;L2_THETIS_GRID_20240310_20240320.nc;2.983210927;1.08363646;0.363245002;LXP;11.03.2024;46.500283;6.660889;0.910542169;0
S3B_OL_1_EFR____20240311T093756_20240311T094056_20240921T111216_0179_090_307_2160_MAR_R_NT_004.SEN3;ee4247b1-9aea-33b7-bba0-e08b5fe3b20b;S3B;OLCI;L2_THETIS_GRID_20240310_20240320.nc;2.983210927;1.08363646;0.363245002;LXP;11.03.2024;46.500283;6.660889;0.910542169;0
S3A_OL_1_EFR____20240312T095041_20240312T095341_20240920T102604_0179_110_079_2160_MAR_R_NT_004.SEN3;117f03d7-f7ae-3cbe-b286-81f33af2017f;S3A;OLCI;L2_THETIS_GRID_20240310_20240320.nc;1.917349773;0.41514105;0.216518162;LXP;12.03.2024;46.500283;6.660889;1;0
S3A_OL_1_EFR____20240313T092431_20240313T092731_20240920T093540_0179_110_093_2160_MAR_R_NT_004.SEN3;7ae5d77b-ab8c-3469-b6e9-333932efa626;S3A;OLCI;L2_THETIS_GRID_20240310_20240320.nc;1.8522822;0.384932922;0.207815484;LXP;13.03.2024;46.500283;6.660889;0.872590361;0
S3B_OL_1_EFR____20240313T102633_20240313T102933_20240921T121000_0179_090_336_2160_MAR_R_NT_004.SEN3;9d5dfd98-e603-3227-8a9b-a851d655cabe;S3B;OLCI;L2_THETIS_GRID_20240310_20240320.nc;1.8522822;0.384932922;0.207815484;LXP;13.03.2024;46.500283;6.660889;0.872301887;0
S3B_OL_1_EFR____20240314T100022_20240314T100322_20240921T132433_0179_090_350_2160_MAR_R_NT_004.SEN3;62af46d8-5323-34cc-bdef-4339c4367485;S3B;OLCI;L2_THETIS_GRID_20240310_20240320.nc;1.90729376;0.518548202;0.271876421;LXP;14.03.2024;46.500283;6.660889;0.060090361;0
S3B_OL_1_EFR____20240315T093411_20240315T093711_20240921T121655_0179_090_364_2160_MAR_R_NT_004.SEN3;b2f281b4-0ae3-38a8-9383-563a921e5ab4;S3B;OLCI;L2_THETIS_GRID_20240310_20240320.nc;1.788603278;0.464409598;0.259649305;LXP;15.03.2024;46.500283;6.660889;0.992018072;0
S3A_OL_1_EFR____20240315T101308_20240315T101608_20240920T102011_0179_110_122_2160_MAR_R_NT_004.SEN3;9c29f33f-2599-3e11-a6e1-93d2ce2580ec;S3A;OLCI;L2_THETIS_GRID_20240310_20240320.nc;1.788603278;0.464409598;0.259649305;LXP;15.03.2024;46.500283;6.660889;0.992018072;0
S3A_OL_1_EFR____20240316T094658_20240316T094958_20240920T092425_0179_110_136_2160_MAR_R_NT_004.SEN3;a1ee629c-5f60-3546-a4b6-48ea8000c8d0;S3A;OLCI;L2_THETIS_GRID_20240310_20240320.nc;1.794365596;0.233967249;0.130389955;LXP;16.03.2024;46.500283;6.660889;0.995481928;0
S3B_OL_1_EFR____20240317T102248_20240317T102548_20240921T125544_0179_091_008_2160_MAR_R_NT_004.SEN3;ac1c316b-7238-3592-9668-05677c1f49ac;S3B;OLCI;L2_THETIS_GRID_20240310_20240320.nc;1.742942316;0.33576465;0.192642434;LXP;17.03.2024;46.500283;6.660889;1;0
S3A_OL_1_EFR____20240317T092047_20240317T092347_20240920T102429_0179_110_150_2160_MAR_R_NT_004.SEN3;5c47fac0-2499-3c9b-bc60-6725fa996860;S3A;OLCI;L2_THETIS_GRID_20240310_20240320.nc;1.742942316;0.33576465;0.192642434;LXP;17.03.2024;46.500283;6.660889;1;0
S3B_OL_1_EFR____20240318T095636_20240318T095936_20240921T115110_0179_091_022_2160_MAR_R_NT_004.SEN3;de621ddf-dd6e-3f8b-8471-ea98e5a91510;S3B;OLCI;L2_THETIS_GRID_20240310_20240320.nc;1.59985432;0.270321235;0.168966156;LXP;18.03.2024;46.500283;6.660889;0.986596386;0
S3A_OL_1_EFR____20240319T100925_20240319T101225_20240920T112456_0179_110_179_2160_MAR_R_NT_004.SEN3;c05e50c5-5b2f-3b18-92f4-c704b9c77896;S3A;OLCI;L2_THETIS_GRID_20240310_20240320.nc;1.143042075;0.163523838;0.143060209;LXP;19.03.2024;46.500283;6.660889;0.727259036;0
S3B_OL_1_EFR____20240319T093025_20240319T093325_20240921T130115_0179_091_036_2160_MAR_R_NT_004.SEN3;992db0b2-cca7-3faa-9257-9be3ed37dd88;S3B;OLCI;L2_THETIS_GRID_20240310_20240320.nc;1.143042075;0.163523838;0.143060209;LXP;19.03.2024;46.500283;6.660889;0.727259036;0
S3B_OL_1_EFR____20240322T095251_20240322T095551_20240921T123807_0179_091_079_2160_MAR_R_NT_004.SEN3;16fde494-f451-36fd-8fa1-bd06601b2a50;S3B;OLCI;L2_THETIS_GRID_20240320_20240330.nc;1.648253538;0.232590686;0.141113415;LXP;22.03.2024;46.500283;6.660889;1;0
S3B_OL_1_EFR____20240323T092640_20240323T092940_20240921T115838_0179_091_093_2160_MAR_R_NT_004.SEN3;92d3a130-d63d-3408-ab25-dde7fab19fe8;S3B;OLCI;L2_THETIS_GRID_20240320_20240330.nc;1.70224338;0.410630373;0.241228944;LXP;23.03.2024;46.500283;6.660889;0.680271084;0
S3A_OL_1_EFR____20240323T100541_20240323T100841_20240920T105339_0179_110_236_2160_MAR_R_NT_004.SEN3;3eb52ade-f422-3032-9a03-9f8824965f6a;S3A;OLCI;L2_THETIS_GRID_20240320_20240330.nc;1.70224338;0.410630373;0.241228944;LXP;23.03.2024;46.500283;6.660889;0.680271084;0
S3A_OL_1_EFR____20240324T093930_20240324T094230_20240920T120251_0179_110_250_2160_MAR_R_NT_004.SEN3;2f274bbf-70d5-3492-8c89-2c0e0138cd1c;S3A;OLCI;L2_THETIS_GRID_20240320_20240330.nc;0.759992249;0.084633238;0.11136066;LXP;24.03.2024;46.500283;6.660889;0.709186747;0
S3B_OL_1_EFR____20240325T101518_20240325T101818_20240921T124249_0179_091_122_2160_MAR_R_NT_004.SEN3;c112cb15-ea79-3b4d-b965-6795f219b44c;S3B;OLCI;L2_THETIS_GRID_20240320_20240330.nc;1.524401303;0.727096318;0.476971724;LXP;25.03.2024;46.500283;6.660889;0.252710843;0
S3B_OL_1_EFR____20240326T094906_20240326T095206_20240921T135138_0179_091_136_2160_MAR_R_NT_004.SEN3;04b706c1-67b4-34b0-9edc-8b5d551f0749;S3B;OLCI;L2_THETIS_GRID_20240320_20240330.nc;1.589380241;0.275177532;0.173135116;LXP;26.03.2024;46.500283;6.660889;0.69126506;0
S3A_OL_1_EFR____20240327T100157_20240327T100457_20240920T114723_0179_110_293_2160_MAR_R_NT_004.SEN3;6264da93-fd20-3150-84b4-d819d92e8639;S3A;OLCI;L2_THETIS_GRID_20240320_20240330.nc;2.127999031;0.060750781;0.028548312;LXP;27.03.2024;46.500283;6.660889;1;0
S3B_OL_1_EFR____20240327T092255_20240327T092555_20240921T124306_0179_091_150_2160_MAR_R_NT_004.SEN3;b3ce2f8c-4d9a-35a5-aa20-f74a0238274e;S3B;OLCI;L2_THETIS_GRID_20240320_20240330.nc;2.127999031;0.060750781;0.028548312;LXP;27.03.2024;46.500283;6.660889;1;0
S3A_OL_1_EFR____20240328T093546_20240328T093846_20240920T104014_0179_110_307_2160_MAR_R_NT_004.SEN3;fcaab731-8520-3a79-8370-5f0058ea1a8e;S3A;OLCI;L2_THETIS_GRID_20240320_20240330.nc;1.907634863;0.216497958;0.11349025;LXP;28.03.2024;46.500283;6.660889;1;0
S3B_OL_1_EFR____20240329T101133_20240329T101433_20240921T132513_0179_091_179_2160_MAR_R_NT_004.SEN3;102c953b-9663-3b22-8243-85ce97ef249b;S3B;OLCI;L2_THETIS_GRID_20240320_20240330.nc;1.698860676;0.199453034;0.117403997;LXP;29.03.2024;46.500283;6.660889;1;0
S3A_OL_1_EFR____20240330T102424_20240330T102724_20240920T111848_0180_110_336_2160_MAR_R_NT_004.SEN3;8661b215-13a8-380d-8772-27121c91fc07;S3A;OLCI;L2_THETIS_GRID_20240330_20240409.nc;1.588097695;0.06420853;0.040431096;LXP;30.03.2024;46.500283;6.660889;1;0
S3B_OL_1_EFR____20240330T094522_20240330T094822_20240921T120212_0179_091_193_2160_MAR_R_NT_004.SEN3;3d6f4dac-e79b-33f8-8dcb-c570f569a9ca;S3B;OLCI;L2_THETIS_GRID_20240330_20240409.nc;1.588097695;0.06420853;0.040431096;LXP;30.03.2024;46.500283;6.660889;1;0
S3B_OL_1_EFR____20240331T091912_20240331T092212_20240921T132246_0179_091_207_2160_MAR_R_NT_004.SEN3;3126e630-467c-364e-a934-d8bd23402d7a;S3B;OLCI;L2_THETIS_GRID_20240330_20240409.nc;1.359753851;0.224388647;0.165021519;LXP;31.03.2024;46.500283;6.660889;0.981777108;0
S3A_OL_1_EFR____20240331T095813_20240331T100113_20240920T122607_0179_110_350_2160_MAR_R_NT_004.SEN3;d5f1dc4d-6f70-3fdc-9530-8f4ed9068bb8;S3A;OLCI;L2_THETIS_GRID_20240330_20240409.nc;1.359753851;0.224388647;0.165021519;LXP;31.03.2024;46.500283;6.660889;0.981777108;0
S3A_OL_1_EFR____20240401T093202_20240401T093502_20240920T112305_0179_110_364_2160_MAR_R_NT_004.SEN3;ee1ae324-e074-3af8-868e-36d859927329;S3A;OLCI;L2_THETIS_GRID_20240330_20240409.nc;1.296916286;0.118611241;0.091456359;LXP;01.04.2024;46.500283;6.660889;0.997289157;0
S3B_OL_1_EFR____20240402T100750_20240402T101050_20240921T134945_0179_091_236_2160_MAR_R_NT_004.SEN3;012863f4-50ba-3690-a564-b12173ce1729;S3B;OLCI;L2_THETIS_GRID_20240330_20240409.nc;1.018802098;0.133326138;0.13086559;LXP;02.04.2024;46.500283;6.660889;0.71310241;0
S3A_OL_1_EFR____20240403T102039_20240403T102339_20240920T115019_0179_111_008_2160_MAR_R_NT_004.SEN3;2e3b0e41-63be-39ff-b049-7b59a36a151f;S3A;OLCI;L2_THETIS_GRID_20240330_20240409.nc;1.507863066;0.100686109;0.06677404;LXP;03.04.2024;46.500283;6.660889;1;0
S3B_OL_1_EFR____20240403T094140_20240403T094440_20240921T125459_0179_091_250_2160_MAR_R_NT_004.SEN3;dd5b6f9a-43ae-3efa-b5c8-a95ef1d7d880;S3B;OLCI;L2_THETIS_GRID_20240330_20240409.nc;1.507863066;0.100686109;0.06677404;LXP;03.04.2024;46.500283;6.660889;1;0
S3A_OL_1_EFR____20240404T095428_20240404T095728_20240920T105527_0179_111_022_2160_MAR_R_NT_004.SEN3;4c80aa8c-2587-30ae-86ef-f629b8fc0ef9;S3A;OLCI;L2_THETIS_GRID_20240330_20240409.nc;1.533490852;0.428144802;0.279196189;LXP;04.04.2024;46.500283;6.660889;0.776957831;0
S3A_OL_1_EFR____20240405T092818_20240405T093118_20240920T115457_0180_111_036_2160_MAR_R_NT_004.SEN3;3ec11559-45da-3abc-8ec5-d1add003ca65;S3A;OLCI;L2_THETIS_GRID_20240330_20240409.nc;1.679482038;0.362853983;0.216051124;LXP;05.04.2024;46.500283;6.660889;1;0
S3B_OL_1_EFR____20240406T100407_20240406T100707_20240921T122712_0179_091_293_2160_MAR_R_NT_004.SEN3;0587a814-a93b-30f8-a26e-0e86c7618df9;S3B;OLCI;L2_THETIS_GRID_20240330_20240409.nc;1.350671689;0.236725287;0.175264862;LXP;06.04.2024;46.500283;6.660889;0.359939759;0
S3A_OL_1_EFR____20240407T101656_20240407T101956_20240920T123554_0179_111_065_2160_MAR_R_NT_004.SEN3;133a2ee0-18aa-38f9-8aa7-ff97157ad508;S3A;OLCI;L2_THETIS_GRID_20240330_20240409.nc;1.54845624;0.376703303;0.243276686;LXP;07.04.2024;46.500283;6.660889;1;0
S3B_OL_1_EFR____20240407T093756_20240407T094056_20240921T133802_0179_091_307_2160_MAR_R_NT_004.SEN3;fe714a5b-14d7-393d-8f42-abd2319f5e78;S3B;OLCI;L2_THETIS_GRID_20240330_20240409.nc;1.54845624;0.376703303;0.243276686;LXP;07.04.2024;46.500283;6.660889;1;0
S3A_OL_1_EFR____20240408T095045_20240408T095345_20240920T114105_0179_111_079_2160_MAR_R_NT_004.SEN3;f3deefa9-a661-3c35-bd01-15afc99cdb80;S3A;OLCI;L2_THETIS_GRID_20240330_20240409.nc;1.354905038;0.194491299;0.143546074;LXP;08.04.2024;46.500283;6.660889;1;0
S3A_OL_1_EFR____20240409T092435_20240409T092735_20240920T124949_0179_111_093_2160_MAR_R_NT_004.SEN3;24b4c054-871c-399b-a46d-f5600c4fadef;S3A;OLCI;L2_THETIS_GRID_20240409_20240419.nc;2.1307347;0.166253666;0.078026451;LXP;09.04.2024;46.500283;6.660889;1;0
S3B_OL_1_EFR____20240409T102634_20240409T102934_20240921T141459_0179_091_336_2160_MAR_R_NT_004.SEN3;2b02c319-3414-3e99-bf74-c44cf6e6cc9e;S3B;OLCI;L2_THETIS_GRID_20240409_20240419.nc;2.1307347;0.166253666;0.078026451;LXP;09.04.2024;46.500283;6.660889;1;0
S3B_OL_1_EFR____20240410T100024_20240410T100324_20240921T130654_0179_091_350_2160_MAR_R_NT_004.SEN3;60cef6c9-741c-3ebf-bc3e-5fa5526d76ce;S3B;OLCI;L2_THETIS_GRID_20240409_20240419.nc;1.792474241;0.217712577;0.12145925;LXP;10.04.2024;46.500283;6.660889;0.874096386;0
S3A_OL_1_EFR____20240411T101313_20240411T101613_20240920T111521_0179_111_122_2160_MAR_R_NT_004.SEN3;235009fd-cb3f-3bec-87d2-a08b0284ffce;S3A;OLCI;L2_THETIS_GRID_20240409_20240419.nc;1.294963152;0.272221769;0.210215842;LXP;11.04.2024;46.500283;6.660889;0.004216867;0
S3B_OL_1_EFR____20240411T093413_20240411T093713_20240921T141748_0180_091_364_2160_MAR_R_NT_004.SEN3;d664e971-c1b1-3e9b-ad47-a41878ee1a0c;S3B;OLCI;L2_THETIS_GRID_20240409_20240419.nc;1.294963152;0.272221769;0.210215842;LXP;11.04.2024;46.500283;6.660889;0.004216867;0
S3A_OL_1_EFR____20240412T094702_20240412T095002_20240920T122230_0179_111_136_2160_MAR_R_NT_004.SEN3;eb0ca164-b105-3cdd-bc63-79c87c086dae;S3A;OLCI;L2_THETIS_GRID_20240409_20240419.nc;1.234188816;0.149282635;0.120956075;LXP;12.04.2024;46.500283;6.660889;0.005572289;0
S3A_OL_1_EFR____20240413T092051_20240413T092351_20240920T113324_0179_111_150_2160_MAR_R_NT_004.SEN3;a80a5026-6ff6-319a-a7d6-06a1a8ea7b34;S3A;OLCI;L2_THETIS_GRID_20240409_20240419.nc;1.077074757;0.301145649;0.279595866;LXP;13.04.2024;46.500283;6.660889;0.834487952;0
S3B_OL_1_EFR____20240413T102250_20240413T102550_20240921T124223_0179_092_008_2160_MAR_R_NT_004.SEN3;6ba29928-a8c8-3b37-a480-17dc291420e2;S3B;OLCI;L2_THETIS_GRID_20240409_20240419.nc;1.077074757;0.301145649;0.279595866;LXP;13.04.2024;46.500283;6.660889;0.834487952;0
S3B_OL_1_EFR____20240414T095640_20240414T095940_20240921T140145_0179_092_022_2160_MAR_R_NT_004.SEN3;d4e4c606-c955-3116-857f-13ee3f7f1cf2;S3B;OLCI;L2_THETIS_GRID_20240409_20240419.nc;0.84429112;0.142692815;0.16900902;LXP;14.04.2024;46.500283;6.660889;0.042620482;0
S3A_OL_1_EFR____20240415T100929_20240415T101229_20240920T121846_0179_111_179_2160_MAR_R_NT_004.SEN3;db9eb2ee-0418-3ba5-bc9d-1ff5c22580f5;S3A;OLCI;L2_THETIS_GRID_20240409_20240419.nc;1.139006538;0.150983664;0.132557329;LXP;15.04.2024;46.500283;6.660889;0.999849398;0
S3B_OL_1_EFR____20240415T093029_20240415T093329_20240921T124510_0179_092_036_2160_MAR_R_NT_004.SEN3;9e5deb60-ee29-3922-8edc-752666d26f2a;S3B;OLCI;L2_THETIS_GRID_20240409_20240419.nc;1.139006538;0.150983664;0.132557329;LXP;15.04.2024;46.500283;6.660889;0.999849398;0
S3A_OL_1_EFR____20240416T094318_20240416T094618_20240920T133017_0180_111_193_2160_MAR_R_NT_004.SEN3;68871a65-3843-3c6b-998a-998f2716f337;S3A;OLCI;L2_THETIS_GRID_20240409_20240419.nc;0.790267189;0.049718364;0.06291336;LXP;16.04.2024;46.500283;6.660889;0.407379518;0
S3B_OL_1_EFR____20240417T101906_20240417T102206_20240921T133442_0179_092_065_2160_MAR_R_NT_004.SEN3;e69c769a-0403-3781-ba1c-9e0b7be03677;S3B;OLCI;L2_THETIS_GRID_20240409_20240419.nc;1.389270229;0.085181905;0.061314137;LXP;17.04.2024;46.500283;6.660889;0.986746988;0
S3B_OL_1_EFR____20240418T095255_20240418T095555_20240921T150704_0179_092_079_2160_MAR_R_NT_004.SEN3;d9d3154e-1f24-3158-9128-d8e563aecb58;S3B;OLCI;L2_THETIS_GRID_20240409_20240419.nc;1.130567231;0.161446295;0.142801145;LXP;18.04.2024;46.500283;6.660889;1;0
S3A_OL_1_EFR____20240426T102425_20240426T102725_20240920T135232_0179_111_336_2160_MAR_R_NT_004.SEN3;687123d0-7692-35e6-83d0-a7d5f6874987;S3A;OLCI;L2_THETIS_GRID_20240419_20240429.nc;1.316055327;0.246446285;0.187261341;LXP;26.04.2024;46.500283;6.660889;1;0
S3B_OL_1_EFR____20240426T094528_20240426T094828_20240921T143938_0179_092_193_2160_MAR_R_NT_004.SEN3;2db4b7e9-8936-3527-ad1b-c1d01a2fc277;S3B;OLCI;L2_THETIS_GRID_20240419_20240429.nc;1.316055327;0.246446285;0.187261341;LXP;26.04.2024;46.500283;6.660889;1;0
S3A_OL_1_EFR____20240427T095814_20240427T100114_20240920T125542_0179_111_350_2160_MAR_R_NT_004.SEN3;a0ef178c-12c6-3023-9a64-756841461119;S3A;OLCI;L2_THETIS_GRID_20240419_20240429.nc;1.451343345;0.249973162;0.172235717;LXP;27.04.2024;46.500283;6.660889;0.380120482;0
S3B_OL_1_EFR____20240427T091917_20240427T092217_20240921T153928_0179_092_207_2160_MAR_R_NT_004.SEN3;fb835cdf-1409-361a-a1d0-9774dc4b15e3;S3B;OLCI;L2_THETIS_GRID_20240419_20240429.nc;1.451343345;0.249973162;0.172235717;LXP;27.04.2024;46.500283;6.660889;0.380120482;0
S3A_OL_1_EFR____20240428T093204_20240428T093504_20240920T140527_0180_111_364_2160_MAR_R_NT_004.SEN3;9b8219fd-f77e-3f32-9096-aa936a33ebdc;S3A;OLCI;L2_THETIS_GRID_20240419_20240429.nc;1.758131095;0.117819869;0.067014269;LXP;28.04.2024;46.500283;6.660889;1;0
S3B_OL_1_EFR____20240429T100756_20240429T101056_20240921T140908_0179_092_236_2160_MAR_R_NT_004.SEN3;6a0af0df-9cf1-3ccc-a1c2-5e4c0d9ffd23;S3B;OLCI;L2_THETIS_GRID_20240429_20240509.nc;1.673857355;0.334831237;0.200035706;LXP;29.04.2024;46.500283;6.660889;1;0
S3A_OL_1_EFR____20240430T102042_20240430T102342_20240920T144235_0179_112_008_2160_MAR_R_NT_004.SEN3;bd06fb2f-89f7-377b-a445-2a224dab6961;S3A;OLCI;L2_THETIS_GRID_20240429_20240509.nc;1.69204218;0.233238705;0.137844498;LXP;30.04.2024;46.500283;6.660889;1;0
S3B_OL_1_EFR____20240430T094145_20240430T094445_20240921T150803_0179_092_250_2160_MAR_R_NT_004.SEN3;e72c24d4-200a-3a2a-a839-679e7a28dd03;S3B;OLCI;L2_THETIS_GRID_20240429_20240509.nc;1.69204218;0.233238705;0.137844498;LXP;30.04.2024;46.500283;6.660889;1;0
S3A_OL_1_EFR____20240501T095431_20240501T095731_20240920T132931_0179_112_022_2160_MAR_R_NT_004.SEN3;036ad4b2-c166-37a6-b568-953195e9a36d;S3A;OLCI;L2_THETIS_GRID_20240429_20240509.nc;1.962638351;0.368450394;0.187732189;LXP;01.05.2024;46.500283;6.660889;1;0
S3A_OL_1_EFR____20240502T092820_20240502T093120_20240920T144410_0179_112_036_2160_MAR_R_NT_004.SEN3;8e73e0e7-cdd0-3a4d-82e6-5dab25866279;S3A;OLCI;L2_THETIS_GRID_20240429_20240509.nc;2.040965816;0.31309901;0.153407278;LXP;02.05.2024;46.500283;6.660889;1;0
S3B_OL_1_EFR____20240503T100413_20240503T100713_20240921T145546_0179_092_293_2160_MAR_R_NT_004.SEN3;8943e764-adef-3563-a3ad-deebe1c2779f;S3B;OLCI;L2_THETIS_GRID_20240429_20240509.nc;1.582941704;0.451748261;0.285385279;LXP;03.05.2024;46.500283;6.660889;0.339156627;0
S3A_OL_1_EFR____20240504T101658_20240504T101958_20240920T131140_0180_112_065_2160_MAR_R_NT_004.SEN3;98d881a5-fd01-3530-ae21-50d4d56e4305;S3A;OLCI;L2_THETIS_GRID_20240429_20240509.nc;1.770426607;0.511369815;0.288839884;LXP;04.05.2024;46.500283;6.660889;1;0
S3B_OL_1_EFR____20240504T093802_20240504T094102_20240921T155544_0180_092_307_2160_MAR_R_NT_004.SEN3;098c2535-8d93-31ae-8ebc-6cfb1e578291;S3B;OLCI;L2_THETIS_GRID_20240429_20240509.nc;1.770426607;0.511369815;0.288839884;LXP;04.05.2024;46.500283;6.660889;1;0
S3A_OL_1_EFR____20240505T095047_20240505T095347_20240920T142100_0180_112_079_2160_MAR_R_NT_004.SEN3;f7cc1897-5aeb-3f28-bd63-eb3c9d52a08b;S3A;OLCI;L2_THETIS_GRID_20240429_20240509.nc;1.724492896;0.387258707;0.224563817;LXP;05.05.2024;46.500283;6.660889;1;0
S3A_OL_1_EFR____20240506T092436_20240506T092736_20240920T132040_0179_112_093_2160_MAR_R_NT_004.SEN3;d7387aad-4a9d-3e62-a687-06f4f689979c;S3A;OLCI;L2_THETIS_GRID_20240429_20240509.nc;1.915607959;0.216424389;0.112979479;LXP;06.05.2024;46.500283;6.660889;1;0
S3B_OL_1_EFR____20240506T102640_20240506T102940_20240921T142156_0179_092_336_2160_MAR_R_NT_004.SEN3;caf43b3e-18db-3cf8-89b9-c3c8207ec333;S3B;OLCI;L2_THETIS_GRID_20240429_20240509.nc;1.915607959;0.216424389;0.112979479;LXP;06.05.2024;46.500283;6.660889;1;0
S3B_OL_1_EFR____20240507T100029_20240507T100329_20240921T153930_0179_092_350_2160_MAR_R_NT_004.SEN3;7921a751-fa9f-341a-b752-bc0cbc734e80;S3B;OLCI;L2_THETIS_GRID_20240429_20240509.nc;1.877860618;0.269614359;0.143575277;LXP;07.05.2024;46.500283;6.660889;1;0
S3B_OL_1_EFR____20240508T093418_20240508T093718_20240923T140239_0180_092_364_2160_MAR_R_NT_004.SEN3;f459b195-9181-3811-8b9b-7d8dc29f8d41;S3B;OLCI;L2_THETIS_GRID_20240429_20240509.nc;1.488199993;0.23995301;0.161237072;LXP;08.05.2024;46.500283;6.660889;0.826656627;0
S3A_OL_1_EFR____20240508T101314_20240508T101614_20240920T135822_0180_112_122_2160_MAR_R_NT_004.SEN3;21ce4063-fe9b-3dec-8053-62b56b34908d;S3A;OLCI;L2_THETIS_GRID_20240429_20240509.nc;1.488199993;0.23995301;0.161237072;LXP;08.05.2024;46.500283;6.660889;0.826656627;0
S3A_OL_1_EFR____20240509T094703_20240509T095003_20240920T155333_0179_112_136_2160_MAR_R_NT_004.SEN3;8479f4c2-799a-33e5-876c-63386ea71130;S3A;OLCI;L2_THETIS_GRID_20240509_20240519.nc;1.348187322;0.303032201;0.224770101;LXP;09.05.2024;46.500283;6.660889;0.28810241;0
S3A_OL_1_EFR____20240510T092052_20240510T092352_20240920T140852_0179_112_150_2160_MAR_R_NT_004.SEN3;29a59ff4-2587-3779-9f37-50ec0a7d3cce;S3A;OLCI;L2_THETIS_GRID_20240509_20240519.nc;1.270804778;0.286681222;0.225590293;LXP;10.05.2024;46.500283;6.660889;0.033283133;0
S3B_OL_1_EFR____20240510T102256_20240510T102556_20240921T150836_0179_093_008_2160_MAR_R_NT_004.SEN3;373a2d4a-fad4-3f71-89e5-b7cfeb217cf6;S3B;OLCI;L2_THETIS_GRID_20240509_20240519.nc;1.270804778;0.286681222;0.225590293;LXP;10.05.2024;46.500283;6.660889;0.033283133;0
S3B_OL_1_EFR____20240511T095645_20240511T095945_20240921T162422_0179_093_022_2160_MAR_R_NT_004.SEN3;4da9fbda-0364-3357-b811-c92115ac2eec;S3B;OLCI;L2_THETIS_GRID_20240509_20240519.nc;1.132196673;0.23950864;0.211543317;LXP;11.05.2024;46.500283;6.660889;0.002861446;0
S3A_OL_1_EFR____20240512T100930_20240512T101230_20240920T150734_0180_112_179_2160_MAR_R_NT_004.SEN3;585c25d3-17ab-3b73-a09c-84e036559bb1;S3A;OLCI;L2_THETIS_GRID_20240509_20240519.nc;1.153783953;0.210457253;0.182406119;LXP;12.05.2024;46.500283;6.660889;0.875301205;0
S3B_OL_1_EFR____20240512T093034_20240512T093334_20240921T150727_0180_093_036_2160_MAR_R_NT_004.SEN3;39d0c5b7-6455-317b-aa15-8404a34e4691;S3B;OLCI;L2_THETIS_GRID_20240509_20240519.nc;1.153783953;0.210457253;0.182406119;LXP;12.05.2024;46.500283;6.660889;0.875301205;0
S3A_OL_1_EFR____20240513T094319_20240513T094619_20240920T140244_0179_112_193_2160_MAR_R_NT_004.SEN3;ce151772-4466-34db-9f9a-44fd34197487;S3A;OLCI;L2_THETIS_GRID_20240509_20240519.nc;1.227256377;0.226692382;0.184714772;LXP;13.05.2024;46.500283;6.660889;0.997891566;0
S3B_OL_1_EFR____20240514T101910_20240514T102210_20240921T155237_0179_093_065_2160_MAR_R_NT_004.SEN3;b3fdc8a1-0b10-3b9e-9b01-f5a78317bcc9;S3B;OLCI;L2_THETIS_GRID_20240509_20240519.nc;1.628466632;0.154865593;0.095099027;LXP;14.05.2024;46.500283;6.660889;1;0
S3B_OL_1_EFR____20240516T092649_20240516T092949_20240921T155502_0179_093_093_2160_MAR_R_NT_004.SEN3;318e1911-cce7-31e5-b38d-9dca38dd3fa6;S3B;OLCI;L2_THETIS_GRID_20240509_20240519.nc;2.079908361;0.55298863;0.265871632;LXP;16.05.2024;46.500283;6.660889;0.999849398;0
S3A_OL_1_EFR____20240516T100544_20240516T100844_20240920T162703_0179_112_236_2160_MAR_R_NT_004.SEN3;126041ad-17b0-312e-b358-add3270a13b9;S3A;OLCI;L2_THETIS_GRID_20240509_20240519.nc;2.079908361;0.55298863;0.265871632;LXP;16.05.2024;46.500283;6.660889;0.999849398;0
S3A_OL_1_EFR____20240517T093933_20240517T094233_20240920T154950_0179_112_250_2160_MAR_R_NT_004.SEN3;7ab5a99f-5cb5-3c23-95f7-cc63e89d3c87;S3A;OLCI;L2_THETIS_GRID_20240509_20240519.nc;1.808009756;0.443626602;0.245367372;LXP;17.05.2024;46.500283;6.660889;0.019126506;0
S3B_OL_1_EFR____20240518T101526_20240518T101826_20240921T162434_0179_093_122_2160_MAR_R_NT_004.SEN3;2ed36d51-6984-30bb-bd89-2d8997523403;S3B;OLCI;L2_THETIS_GRID_20240509_20240519.nc;2.048400458;1.127824795;0.550588041;LXP;18.05.2024;46.500283;6.660889;1;0
S3B_OL_1_EFR____20240519T094916_20240519T095216_20240921T153524_0179_093_136_2160_MAR_R_NT_004.SEN3;b3924d8c-8ce9-3b56-b815-42ce940ae5a3;S3B;OLCI;L2_THETIS_GRID_20240519_20240529.nc;1.879034323;0.368201281;0.195952398;LXP;19.05.2024;46.500283;6.660889;0.05753012;0
S3A_OL_1_EFR____20240520T100200_20240520T100500_20240920T144418_0179_112_293_2160_MAR_R_NT_004.SEN3;9cfc3caa-6c8b-3835-a23d-bf6fbb9c6099;S3A;OLCI;L2_THETIS_GRID_20240519_20240529.nc;3.622985551;1.325669202;0.365905186;LXP;20.05.2024;46.500283;6.660889;0.963855422;0
S3B_OL_1_EFR____20240520T092305_20240520T092605_20240921T165659_0179_093_150_2160_MAR_R_NT_004.SEN3;90344c31-8453-367a-b053-ce883561bc5b;S3B;OLCI;L2_THETIS_GRID_20240519_20240529.nc;3.622985551;1.325669202;0.365905186;LXP;20.05.2024;46.500283;6.660889;0.963855422;0
S3A_OL_1_EFR____20240521T093549_20240521T093849_20240920T162716_0179_112_307_2160_MAR_R_NT_004.SEN3;579df1d6-78e0-33c2-98dd-4062381850a7;S3A;OLCI;L2_THETIS_GRID_20240519_20240529.nc;3.113553383;0.585070293;0.187910795;LXP;21.05.2024;46.500283;6.660889;0.757078313;0
S3B_OL_1_EFR____20240522T101142_20240522T101442_20240921T145732_0179_093_179_2160_MAR_R_NT_004.SEN3;1fc57c47-90ce-3001-ac74-2aaf44c4fd93;S3B;OLCI;L2_THETIS_GRID_20240519_20240529.nc;3.523580668;1.31894462;0.374319405;LXP;22.05.2024;46.500283;6.660889;0.978614458;0
S3A_OL_1_EFR____20240523T102426_20240523T102726_20240920T171758_0179_112_336_2160_MAR_R_NT_004.SEN3;aab71a83-a6af-39a4-b5f2-05439d385d33;S3A;OLCI;L2_THETIS_GRID_20240519_20240529.nc;6.213153331;2.161720249;0.347926429;LXP;23.05.2024;46.500283;6.660889;1;0
S3B_OL_1_EFR____20240523T094531_20240523T094831_20240921T155451_0179_093_193_2160_MAR_R_NT_004.SEN3;7e365a1d-58b0-3a41-994d-b99607674f80;S3B;OLCI;L2_THETIS_GRID_20240519_20240529.nc;6.213153331;2.161720249;0.347926429;LXP;23.05.2024;46.500283;6.660889;1;0
S3B_OL_1_EFR____20240524T091920_20240524T092220_20240921T145802_0179_093_207_2160_MAR_R_NT_004.SEN3;863c8912-dacb-384c-b9c9-24d950c2b417;S3B;OLCI;L2_THETIS_GRID_20240519_20240529.nc;4.164176204;1.86117403;0.446948914;LXP;24.05.2024;46.500283;6.660889;0.516566265;0
S3A_OL_1_EFR____20240524T095815_20240524T100115_20240920T155916_0179_112_350_2160_MAR_R_NT_004.SEN3;37221d12-8ca5-37f9-8695-d1ce57c11795;S3A;OLCI;L2_THETIS_GRID_20240519_20240529.nc;4.164176204;1.86117403;0.446948914;LXP;24.05.2024;46.500283;6.660889;0.516566265;0
S3A_OL_1_EFR____20240525T093204_20240525T093504_20240920T174904_0179_112_364_2160_MAR_R_NT_004.SEN3;dc8599e5-02ee-37cb-8e3d-6d059d928899;S3A;OLCI;L2_THETIS_GRID_20240519_20240529.nc;4.427172916;2.201266576;0.497217212;LXP;25.05.2024;46.500283;6.660889;0.018825301;0
S3B_OL_1_EFR____20240526T100759_20240526T101059_20240921T153944_0179_093_236_2160_MAR_R_NT_004.SEN3;58d446a0-5f98-37b6-9b1c-f9466f9d58c2;S3B;OLCI;L2_THETIS_GRID_20240519_20240529.nc;4.126138829;1.244565303;0.301629527;LXP;26.05.2024;46.500283;6.660889;1;0
S3A_OL_1_EFR____20240527T102041_20240527T102341_20240920T150556_0179_113_008_2160_MAR_R_NT_004.SEN3;a890672d-4132-35a9-b9b8-f0bf778b3748;S3A;OLCI;L2_THETIS_GRID_20240519_20240529.nc;3.482007689;0.903306202;0.259421082;LXP;27.05.2024;46.500283;6.660889;0.999849398;0
S3B_OL_1_EFR____20240527T094148_20240527T094448_20240921T163727_0180_093_250_2160_MAR_R_NT_004.SEN3;0e94e5f0-6a8a-3941-a2d5-953e1379a250;S3B;OLCI;L2_THETIS_GRID_20240519_20240529.nc;3.482007689;0.903306202;0.259421082;LXP;27.05.2024;46.500283;6.660889;0.999849398;0
S3A_OL_1_EFR____20240528T095431_20240528T095731_20240920T165512_0179_113_022_2160_MAR_R_NT_004.SEN3;fcc79bb1-173b-384c-a711-2178afd8868c;S3A;OLCI;L2_THETIS_GRID_20240519_20240529.nc;2.993313456;1.168757769;0.390456191;LXP;28.05.2024;46.500283;6.660889;0.0875;0
S3A_OL_1_EFR____20240529T092820_20240529T093120_20240920T150523_0179_113_036_2160_MAR_R_NT_004.SEN3;66b72931-ca4f-347d-bbda-c1cf5d036331;S3A;OLCI;L2_THETIS_GRID_20240529_20240608.nc;2.886817332;1.013922122;0.351224897;LXP;29.05.2024;46.500283;6.660889;1;0
S3B_OL_1_EFR____20240530T100416_20240530T100716_20240921T163824_0179_093_293_2160_MAR_R_NT_004.SEN3;ee55b783-cf34-36c7-a29c-b7b5505e730b;S3B;OLCI;L2_THETIS_GRID_20240529_20240608.nc;3.11626523;0.594671071;0.190828131;LXP;30.05.2024;46.500283;6.660889;0.897590361;0
S3A_OL_1_EFR____20240531T101658_20240531T101958_20240920T155946_0179_113_065_2160_MAR_R_NT_004.SEN3;45075ecc-82eb-3a45-b488-2630050505de;S3A;OLCI;L2_THETIS_GRID_20240529_20240608.nc;2.531157874;0.371487595;0.146765873;LXP;31.05.2024;46.500283;6.660889;0.999849398;0
S3B_OL_1_EFR____20240531T093805_20240531T094105_20240921T154612_0179_093_307_2160_MAR_R_NT_004.SEN3;7516ce14-c104-3d98-9515-31d02507cc5b;S3B;OLCI;L2_THETIS_GRID_20240529_20240608.nc;2.531157874;0.371487595;0.146765873;LXP;31.05.2024;46.500283;6.660889;0.999849398;0
S3A_OL_1_EFR____20240601T095048_20240601T095348_20240920T175136_0180_113_079_2160_MAR_R_NT_004.SEN3;bff9e5f7-058c-3a85-90d4-24dc42f143f7;S3A;OLCI;L2_THETIS_GRID_20240529_20240608.nc;2.561892369;0.536508128;0.209418684;LXP;01.06.2024;46.500283;6.660889;0.578313253;0
S3B_OL_1_EFR____20240602T102644_20240602T102944_20240921T162948_0179_093_336_2160_MAR_R_NT_004.SEN3;462ae220-e120-3da7-9e58-99961ceb1e4b;S3B;OLCI;L2_THETIS_GRID_20240529_20240608.nc;2.460999238;0.35954515;0.146097221;LXP;02.06.2024;46.500283;6.660889;1;0
S3A_OL_1_EFR____20240602T092437_20240602T092737_20240920T155925_0179_113_093_2160_MAR_R_NT_004.SEN3;9d409eb1-ef32-3618-8c04-2c1515105b31;S3A;OLCI;L2_THETIS_GRID_20240529_20240608.nc;2.460999238;0.35954515;0.146097221;LXP;02.06.2024;46.500283;6.660889;1;0
S3B_OL_1_EFR____20240603T100033_20240603T100333_20240921T180042_0179_093_350_2160_MAR_R_NT_004.SEN3;09281a70-f655-344c-966e-cc63f9a99e86;S3B;OLCI;L2_THETIS_GRID_20240529_20240608.nc;2.638529993;0.551727814;0.209104242;LXP;03.06.2024;46.500283;6.660889;0.953012048;0
S3A_OL_1_EFR____20240604T101315_20240604T101615_20240920T165327_0179_113_122_2160_MAR_R_NT_004.SEN3;ab996a10-0628-35dd-8965-ae0f561598e8;S3A;OLCI;L2_THETIS_GRID_20240529_20240608.nc;2.780079739;0.68727581;0.247214423;LXP;04.06.2024;46.500283;6.660889;0.185240964;0
S3B_OL_1_EFR____20240604T093422_20240604T093722_20240921T163922_0179_093_364_2160_MAR_R_NT_004.SEN3;f58b5b65-d945-38a2-84cb-585465187364;S3B;OLCI;L2_THETIS_GRID_20240529_20240608.nc;2.780079739;0.68727581;0.247214423;LXP;04.06.2024;46.500283;6.660889;0.185240964;0
S3A_OL_1_EFR____20240605T094704_20240605T095004_20240920T150647_0179_113_136_2160_MAR_R_NT_004.SEN3;51a863ab-88bd-3a1d-bdf5-eb5d14198523;S3A;OLCI;L2_THETIS_GRID_20240529_20240608.nc;3.072840793;0.722962651;0.235275011;LXP;05.06.2024;46.500283;6.660889;0.176807229;0
S3A_OL_1_EFR____20240606T092053_20240606T092353_20240920T165401_0179_113_150_2160_MAR_R_NT_004.SEN3;34e02dd9-7315-3d99-82bf-84079141ac2a;S3A;OLCI;L2_THETIS_GRID_20240529_20240608.nc;3.233008407;1.243570277;0.384648018;LXP;06.06.2024;46.500283;6.660889;0.987048193;0
S3B_OL_1_EFR____20240606T102300_20240606T102600_20240921T173030_0179_094_008_2160_MAR_R_NT_004.SEN3;7a2f8772-fc5c-38e9-995b-4557591b77ce;S3B;OLCI;L2_THETIS_GRID_20240529_20240608.nc;3.233008407;1.243570277;0.384648018;LXP;06.06.2024;46.500283;6.660889;0.987048193;0
S3B_OL_1_EFR____20240607T095649_20240607T095949_20240921T162654_0179_094_022_2160_MAR_R_NT_004.SEN3;3a601f43-12c5-3650-90d8-8dc993e086f5;S3B;OLCI;L2_THETIS_GRID_20240529_20240608.nc;2.311826661;0.521168937;0.225435992;LXP;07.06.2024;46.500283;6.660889;1;0
S3A_OL_1_EFR____20240608T100931_20240608T101231_20240920T175210_0179_113_179_2160_MAR_R_NT_004.SEN3;2ea9dc59-3bdd-37a3-a260-9f63c6afbccd;S3A;OLCI;L2_THETIS_GRID_20240608_20240618.nc;2.586527051;0.787460555;0.304447059;LXP;08.06.2024;46.500283;6.660889;1;0
S3B_OL_1_EFR____20240608T093038_20240608T093338_20240921T173020_0179_094_036_2160_MAR_R_NT_004.SEN3;341c7224-ddf4-32eb-8248-9f29da02bafa;S3B;OLCI;L2_THETIS_GRID_20240608_20240618.nc;2.586527051;0.787460555;0.304447059;LXP;08.06.2024;46.500283;6.660889;1;0
S3A_OL_1_EFR____20240609T094320_20240609T094620_20240920T162218_0179_113_193_2160_MAR_R_NT_004.SEN3;cc4cc090-2f3b-3351-945a-1aea53bf40b8;S3A;OLCI;L2_THETIS_GRID_20240608_20240618.nc;2.768598952;1.024300423;0.369970675;LXP;09.06.2024;46.500283;6.660889;1;0
S3B_OL_1_EFR____20240610T101916_20240610T102216_20240921T185231_0179_094_065_2160_MAR_R_NT_004.SEN3;a2baa873-25ab-3ceb-bc19-ecbaf716b31e;S3B;OLCI;L2_THETIS_GRID_20240608_20240618.nc;4.311867324;1.472201078;0.341430051;LXP;10.06.2024;46.500283;6.660889;0.850150602;0
S3B_OL_1_EFR____20240611T095305_20240611T095605_20240921T171219_0179_094_079_2160_MAR_R_NT_004.SEN3;d3f69c68-99ba-3946-954e-662c7be00ea7;S3B;OLCI;L2_THETIS_GRID_20240608_20240618.nc;5.002399646;1.04908647;0.209716645;LXP;11.06.2024;46.500283;6.660889;0.961445783;0
S3A_OL_1_EFR____20240613T093935_20240613T094235_20240920T180714_0179_113_250_2160_MAR_R_NT_004.SEN3;a7d551fe-1eda-39dd-8d26-a380afbadc97;S3A;OLCI;L2_THETIS_GRID_20240608_20240618.nc;3.5838156;1.133499623;0.316282909;LXP;13.06.2024;46.500283;6.660889;0.012048193;0
S3B_OL_1_EFR____20240614T101531_20240614T101831_20240921T164019_0179_094_122_2160_MAR_R_NT_004.SEN3;b382bd4b-535c-39fd-8560-b3d84e6956e0;S3B;OLCI;L2_THETIS_GRID_20240608_20240618.nc;4.339248423;0.597736985;0.137751271;LXP;14.06.2024;46.500283;6.660889;1;0
S3B_OL_1_EFR____20240615T094920_20240615T095220_20240921T175245_0179_094_136_2160_MAR_R_NT_004.SEN3;068c96b3-2d6b-33fb-b143-c2c3d8e3c9ba;S3B;OLCI;L2_THETIS_GRID_20240608_20240618.nc;4.554679159;0.564286858;0.123891681;LXP;15.06.2024;46.500283;6.660889;0.744879518;0
S3A_OL_1_EFR____20240616T100201_20240616T100501_20240920T165616_0179_113_293_2160_MAR_R_NT_004.SEN3;390c73a9-ebf6-32a2-965a-605a5c1973e6;S3A;OLCI;L2_THETIS_GRID_20240608_20240618.nc;4.797093568;0.885787504;0.184650871;LXP;16.06.2024;46.500283;6.660889;0.85060241;0
S3B_OL_1_EFR____20240616T092309_20240616T092609_20240921T164605_0179_094_150_2160_MAR_R_NT_004.SEN3;ce28b7f5-6fc3-3210-b1f8-27f567a7f6bd;S3B;OLCI;L2_THETIS_GRID_20240608_20240618.nc;4.797093568;0.885787504;0.184650871;LXP;16.06.2024;46.500283;6.660889;0.85060241;0
S3A_OL_1_EFR____20240617T093549_20240617T093849_20240920T183530_0179_113_307_2160_MAR_R_NT_004.SEN3;5cc03969-fa97-3d7c-b6b6-3b8309af317b;S3A;OLCI;L2_THETIS_GRID_20240608_20240618.nc;4.653972184;1.177647746;0.253041423;LXP;17.06.2024;46.500283;6.660889;1;0
S3B_OL_1_EFR____20240618T101146_20240618T101446_20240921T172841_0179_094_179_2160_MAR_R_NT_004.SEN3;3810b1d6-8f3e-30e1-b302-886dee77d6de;S3B;OLCI;L2_THETIS_GRID_20240618_20240628.nc;3.687678756;0.890281613;0.241420599;LXP;18.06.2024;46.500283;6.660889;0.715813253;0
S3A_OL_1_EFR____20240619T102426_20240619T102726_20240920T161900_0179_113_336_2160_MAR_R_NT_004.SEN3;0aaf64d7-6c07-3f7f-aacb-d18ec699270a;S3A;OLCI;L2_THETIS_GRID_20240618_20240628.nc;2.67441794;1.063830858;0.397780333;LXP;19.06.2024;46.500283;6.660889;0.771987952;0
S3B_OL_1_EFR____20240619T094535_20240619T094835_20240921T185539_0179_094_193_2160_MAR_R_NT_004.SEN3;16bc049e-32af-31a2-aa15-bc100f18fbc7;S3B;OLCI;L2_THETIS_GRID_20240618_20240628.nc;2.67441794;1.063830858;0.397780333;LXP;19.06.2024;46.500283;6.660889;0.771987952;0
S3A_OL_1_EFR____20240620T095815_20240620T100115_20240920T181101_0179_113_350_2160_MAR_R_NT_004.SEN3;60bce583-ce26-3dec-a8f7-7a6a9d2f09bf;S3A;OLCI;L2_THETIS_GRID_20240618_20240628.nc;3.833394839;0.866384438;0.226009705;LXP;20.06.2024;46.500283;6.660889;1;0
S3B_OL_1_EFR____20240620T091923_20240620T092223_20240921T173723_0180_094_207_2160_MAR_R_NT_004.SEN3;b6167b17-073c-3e3a-9565-b3c41918c189;S3B;OLCI;L2_THETIS_GRID_20240618_20240628.nc;3.833394839;0.866384438;0.226009705;LXP;20.06.2024;46.500283;6.660889;1;0
S3A_OL_1_EFR____20240621T093204_20240621T093504_20240920T165448_0179_113_364_2160_MAR_R_NT_004.SEN3;b5120065-ba4b-3d9f-8f3e-1657256c06ff;S3A;OLCI;L2_THETIS_GRID_20240618_20240628.nc;3.834690437;0.4312159;0.112451294;LXP;21.06.2024;46.500283;6.660889;0.99939759;0
S3B_OL_1_EFR____20240622T100802_20240622T101102_20240921T181702_0179_094_236_2160_MAR_R_NT_004.SEN3;b6e98d09-e09b-32c9-8b2b-9907c59d4d05;S3B;OLCI;L2_THETIS_GRID_20240618_20240628.nc;4.029795378;0.381557147;0.094684;LXP;22.06.2024;46.500283;6.660889;1;0
S3A_OL_1_EFR____20240623T102042_20240623T102342_20240920T175532_0179_114_008_2160_MAR_R_NT_004.SEN3;2cd820f4-d965-3382-9d14-81a84d0f1228;S3A;OLCI;L2_THETIS_GRID_20240618_20240628.nc;3.891503833;0.549055886;0.141090928;LXP;23.06.2024;46.500283;6.660889;0.972439759;0
S3B_OL_1_EFR____20240623T094151_20240623T094451_20240921T171144_0179_094_250_2160_MAR_R_NT_004.SEN3;cd8884b4-6254-3ddc-b462-21dd0196be1d;S3B;OLCI;L2_THETIS_GRID_20240618_20240628.nc;3.891503833;0.549055886;0.141090928;LXP;23.06.2024;46.500283;6.660889;0.972439759;0
S3A_OL_1_EFR____20240624T095431_20240624T095731_20240920T190659_0179_114_022_2160_MAR_R_NT_004.SEN3;e25bc53a-7e8f-3fc3-9bd0-87ef88343ed5;S3A;OLCI;L2_THETIS_GRID_20240618_20240628.nc;3.692017828;0.94286039;0.255378071;LXP;24.06.2024;46.500283;6.660889;0.476656627;0
S3A_OL_1_EFR____20240625T092820_20240625T093120_20240920T181314_0179_114_036_2160_MAR_R_NT_004.SEN3;84f19c58-dd0e-3a2a-938f-9c1a564b0a6a;S3A;OLCI;L2_THETIS_GRID_20240618_20240628.nc;4.426719059;0.395839501;0.089420516;LXP;25.06.2024;46.500283;6.660889;0.123644578;0
S3B_OL_1_EFR____20240626T100418_20240626T100718_20240921T192108_0180_094_293_2160_MAR_R_NT_004.SEN3;55baf516-7c64-3c95-b5fd-064bfb737d11;S3B;OLCI;L2_THETIS_GRID_20240618_20240628.nc;;;;LXP;26.06.2024;46.500283;6.660889;0.952560241;0
S3A_OL_1_EFR____20240627T101658_20240627T101958_20240920T184750_0179_114_065_2160_MAR_R_NT_004.SEN3;4995262a-a454-373a-87b3-d99ac9e20c50;S3A;OLCI;L2_THETIS_GRID_20240618_20240628.nc;;;;LXP;27.06.2024;46.500283;6.660889;0.292319277;0
S3B_OL_1_EFR____20240627T093808_20240627T094108_20240921T175926_0179_094_307_2160_MAR_R_NT_004.SEN3;a84cd65b-cad7-3efb-84a8-96386ae6c247;S3B;OLCI;L2_THETIS_GRID_20240618_20240628.nc;;;;LXP;27.06.2024;46.500283;6.660889;0.292319277;0
S3A_OL_1_EFR____20240628T095047_20240628T095347_20240920T174221_0179_114_079_2160_MAR_R_NT_004.SEN3;b1d56829-203f-3d42-b1ca-1a68d9105068;S3A;OLCI;L2_THETIS_GRID_20240628_20240708.nc;;;;LXP;28.06.2024;46.500283;6.660889;1;0
S3A_OL_1_EFR____20240629T092436_20240629T092736_20240920T185611_0179_114_093_2160_MAR_R_NT_004.SEN3;4f23c8d4-a745-391d-b07d-66869e83b35f;S3A;OLCI;L2_THETIS_GRID_20240628_20240708.nc;;;;LXP;29.06.2024;46.500283;6.660889;1;0
S3B_OL_1_EFR____20240629T102646_20240629T102946_20240921T185244_0179_094_336_2160_MAR_R_NT_004.SEN3;ac82985c-6ae0-339b-b664-f192b0d765f8;S3B;OLCI;L2_THETIS_GRID_20240628_20240708.nc;;;;LXP;29.06.2024;46.500283;6.660889;1;0
S3B_OL_1_EFR____20240630T100035_20240630T100335_20240921T171528_0179_094_350_2160_MAR_R_NT_004.SEN3;97b78e1b-ae61-3343-96a3-260b2ba72d19;S3B;OLCI;L2_THETIS_GRID_20240628_20240708.nc;;;;LXP;30.06.2024;46.500283;6.660889;0.997289157;0
S3A_OL_1_EFR____20240701T101313_20240701T101613_20240920T195013_0179_114_122_2160_MAR_R_NT_004.SEN3;092b9c7e-400c-3769-a516-81988e6f5b29;S3A;OLCI;L2_THETIS_GRID_20240628_20240708.nc;;;;LXP;01.07.2024;46.500283;6.660889;0.89623494;0
S3B_OL_1_EFR____20240701T093424_20240701T093724_20240921T183100_0179_094_364_2160_MAR_R_NT_004.SEN3;24fb7c65-11ba-3347-9c61-e3fb02acb90b;S3B;OLCI;L2_THETIS_GRID_20240628_20240708.nc;;;;LXP;01.07.2024;46.500283;6.660889;0.89623494;0
S3A_OL_1_EFR____20240702T094702_20240702T095002_20240920T184710_0180_114_136_2160_MAR_R_NT_004.SEN3;a193c301-b1ad-3fe0-ab4b-d0de8da7b2eb;S3A;OLCI;L2_THETIS_GRID_20240628_20240708.nc;;;;LXP;02.07.2024;46.500283;6.660889;0.162048193;0
S3B_OL_1_EFR____20240703T102301_20240703T102601_20240921T194313_0179_095_008_2160_MAR_R_NT_004.SEN3;af078707-9c1a-3962-a845-bf9b35024f08;S3B;OLCI;L2_THETIS_GRID_20240628_20240708.nc;;;;LXP;03.07.2024;46.500283;6.660889;1;0
S3A_OL_1_EFR____20240703T092051_20240703T092351_20240920T195609_0179_114_150_2160_MAR_R_NT_004.SEN3;2ae91b19-5c87-39d5-9284-f48685182ecf;S3A;OLCI;L2_THETIS_GRID_20240628_20240708.nc;;;;LXP;03.07.2024;46.500283;6.660889;1;0
S3B_OL_1_EFR____20240704T095650_20240704T095950_20240921T180220_0179_095_022_2160_MAR_R_NT_004.SEN3;abdd0d07-09b8-3dd4-9c3b-c7750d1fa264;S3B;OLCI;L2_THETIS_GRID_20240628_20240708.nc;;;;LXP;04.07.2024;46.500283;6.660889;0.781325301;0
S3A_OL_1_EFR____20240705T100928_20240705T101228_20240920T181341_0179_114_179_2160_MAR_R_NT_004.SEN3;60366ed4-081a-3f04-985f-98e14bb8e3f9;S3A;OLCI;L2_THETIS_GRID_20240628_20240708.nc;;;;LXP;05.07.2024;46.500283;6.660889;0.115060241;0
S3B_OL_1_EFR____20240705T093039_20240705T093339_20240921T194354_0179_095_036_2160_MAR_R_NT_004.SEN3;3cffdf70-314f-3a56-a3ba-4a62404c675f;S3B;OLCI;L2_THETIS_GRID_20240628_20240708.nc;;;;LXP;05.07.2024;46.500283;6.660889;0.115060241;0
S3B_OL_1_EFR____20240723T100420_20240723T100720_20240921T190007_0179_095_293_2160_MAR_R_NT_004.SEN3;9f40e424-ff4c-3fa9-a2a6-3d0ccafd0fe2;S3B;OLCI;L2_THETIS_GRID_20240718_20240728.nc;2.315084471;0.59167893;0.255575525;LXP;23.07.2024;46.500283;6.660889;0.005120482;0
S3A_OL_1_EFR____20240724T101655_20240724T101955_20240920T204423_0179_115_065_2160_MAR_R_NT_004.SEN3;a1ddf232-9672-358a-a7ed-137c5c2ff491;S3A;OLCI;L2_THETIS_GRID_20240718_20240728.nc;2.433652412;0.44206193;0.181645468;LXP;24.07.2024;46.500283;6.660889;0.992620482;0
S3B_OL_1_EFR____20240724T093809_20240724T094109_20240921T202445_0180_095_307_2160_MAR_R_NT_004.SEN3;6aaeac79-4f80-3676-9ecf-56ed39ddf82f;S3B;OLCI;L2_THETIS_GRID_20240718_20240728.nc;2.433652412;0.44206193;0.181645468;LXP;24.07.2024;46.500283;6.660889;0.992620482;0
S3A_OL_1_EFR____20240725T095043_20240725T095343_20240920T194054_0179_115_079_2160_MAR_R_NT_004.SEN3;693924f5-4974-3a9a-9ea6-96719d850433;S3A;OLCI;L2_THETIS_GRID_20240718_20240728.nc;2.524577798;0.430875834;0.170672433;LXP;25.07.2024;46.500283;6.660889;0.004518072;0
S3A_OL_1_EFR____20240726T092433_20240726T092733_20240727T094843_0179_115_093_2160_PS1_O_NT_004.SEN3;c1ea4043-c8a8-422a-84d2-e75318d83088;S3A;OLCI;L2_THETIS_GRID_20240718_20240728.nc;2.314243653;0.426183687;0.184156792;LXP;26.07.2024;46.500283;6.660889;0.383433735;0
S3B_OL_1_EFR____20240726T102646_20240726T102946_20240726T215451_0179_095_336_2160_PS2_O_NT_004.SEN3;1abf4f7e-afa5-4f02-a045-d89bb4d2a197;S3B;OLCI;L2_THETIS_GRID_20240718_20240728.nc;2.314243653;0.426183687;0.184156792;LXP;26.07.2024;46.500283;6.660889;0.382037736;0
S3B_OL_1_EFR____20240727T100035_20240727T100335_20240729T172339_0179_095_350_2160_PS2_O_NT_004.SEN3;a4aae2d8-7aa5-4380-b964-623efc9d85a2;S3B;OLCI;L2_THETIS_GRID_20240718_20240728.nc;2.28624852;0.560051768;0.244965393;LXP;27.07.2024;46.500283;6.660889;0.413704819;0
S3A_OL_1_EFR____20240728T101310_20240728T101610_20240729T103600_0179_115_122_2160_PS1_O_NT_004.SEN3;57983705-5b6b-437b-8530-0af533309fb8;S3A;OLCI;L2_THETIS_GRID_20240728_20240807.nc;2.202886926;0.659806126;0.299518835;LXP;28.07.2024;46.500283;6.660889;0.213403614;0
S3B_OL_1_EFR____20240728T093424_20240728T093724_20240728T201415_0179_095_364_2160_PS2_O_NT_004.SEN3;67390d24-d772-4d07-9260-e2a76f5c50ff;S3B;OLCI;L2_THETIS_GRID_20240728_20240807.nc;2.202886926;0.659806126;0.299518835;LXP;28.07.2024;46.500283;6.660889;0.213403614;0
S3A_OL_1_EFR____20240729T094659_20240729T094959_20240730T100954_0179_115_136_2160_PS1_O_NT_004.SEN3;5b0cf9f3-3904-4397-8e70-fb924e870a0d;S3A;OLCI;L2_THETIS_GRID_20240728_20240807.nc;2.518407567;0.5864879;0.232880455;LXP;29.07.2024;46.500283;6.660889;0.007228916;0
S3A_OL_1_EFR____20240730T092049_20240730T092349_20240731T094359_0179_115_150_2160_PS1_O_NT_004.SEN3;8ec3bb00-5087-48cf-9bc0-edae08466cc7;S3A;OLCI;L2_THETIS_GRID_20240728_20240807.nc;2.62222338;0.69466873;0.264915924;LXP;30.07.2024;46.500283;6.660889;1;0
S3B_OL_1_EFR____20240730T102302_20240730T102602_20240730T214651_0179_096_008_2160_PS2_O_NT_004.SEN3;b412c93a-21af-4b67-9072-94c847d9edb8;S3B;OLCI;L2_THETIS_GRID_20240728_20240807.nc;2.62222338;0.69466873;0.264915924;LXP;30.07.2024;46.500283;6.660889;1;0
S3B_OL_1_EFR____20240731T095652_20240731T095952_20240731T202133_0179_096_022_2160_PS2_O_NT_004.SEN3;95a976a3-7ccc-41e4-a859-fe105e6a4337;S3B;OLCI;L2_THETIS_GRID_20240728_20240807.nc;2.390373511;0.824481683;0.344917512;LXP;31.07.2024;46.500283;6.660889;0.709337349;0
S3A_OL_1_EFR____20240801T100926_20240801T101226_20240802T103217_0179_115_179_2160_PS1_O_NT_004.SEN3;536cbb63-32b3-4177-b51d-00e219c656e2;S3A;OLCI;L2_THETIS_GRID_20240728_20240807.nc;2.570993868;0.326250337;0.126896583;LXP;01.08.2024;46.500283;6.660889;0.823945783;0
S3B_OL_1_EFR____20240801T093041_20240801T093341_20240801T200643_0179_096_036_2160_PS2_O_NT_004.SEN3;b52e9c56-76b2-48e9-a0da-ec941cf5455e;S3B;OLCI;L2_THETIS_GRID_20240728_20240807.nc;2.570993868;0.326250337;0.126896583;LXP;01.08.2024;46.500283;6.660889;0.823945783;0
S3A_OL_1_EFR____20240802T094315_20240802T094615_20240803T101119_0179_115_193_2160_PS1_O_NT_004.SEN3;62027bd4-9324-47ea-81d2-cff3e97e4fc1;S3A;OLCI;L2_THETIS_GRID_20240728_20240807.nc;2.626120716;0.318918269;0.121440826;LXP;02.08.2024;46.500283;6.660889;0.033885542;0
S3B_OL_1_EFR____20240803T101919_20240803T102219_20240803T215208_0179_096_065_2160_PS2_O_NT_004.SEN3;33bf5856-7cb7-40e3-a466-6431384d4a84;S3B;OLCI;L2_THETIS_GRID_20240728_20240807.nc;2.912691633;0.484345915;0.166288085;LXP;03.08.2024;46.500283;6.660889;0.985993976;0
S3B_OL_1_EFR____20240804T095308_20240804T095608_20240804T201309_0179_096_079_2160_PS2_O_NT_004.SEN3;c13bd043-31ba-43ce-b4ee-4d40733d9560;S3B;OLCI;L2_THETIS_GRID_20240728_20240807.nc;3.360210018;0.860218685;0.256001464;LXP;04.08.2024;46.500283;6.660889;1;0
S3A_OL_1_EFR____20240805T100541_20240805T100841_20240806T102757_0179_115_236_2160_PS1_O_NT_004.SEN3;60c90e20-365a-46e6-945b-72540f5c3b7d;S3A;OLCI;L2_THETIS_GRID_20240728_20240807.nc;3.109831025;0.633891696;0.203834771;LXP;05.08.2024;46.500283;6.660889;0.002560241;0
S3B_OL_1_EFR____20240805T092657_20240805T092957_20240805T203900_0179_096_093_2160_PS2_O_NT_004.SEN3;9fb38230-c40b-4928-a02c-61ae723da035;S3B;OLCI;L2_THETIS_GRID_20240728_20240807.nc;3.109831025;0.633891696;0.203834771;LXP;05.08.2024;46.500283;6.660889;0.002560241;0
S3A_OL_1_EFR____20240806T093930_20240806T094230_20240807T100112_0179_115_250_2160_PS1_O_NT_004.SEN3;b2acaddb-4946-4553-99c5-7666b7ba897b;S3A;OLCI;L2_THETIS_GRID_20240728_20240807.nc;3.036599639;0.787135612;0.259216132;LXP;06.08.2024;46.500283;6.660889;0.201054217;0
S3B_OL_1_EFR____20240807T101534_20240807T101834_20240807T215416_0179_096_122_2160_PS2_O_NT_004.SEN3;1ea6380a-b8d2-42e5-863c-7264d4270d00;S3B;OLCI;L2_THETIS_GRID_20240807_20240817.nc;2.703878756;0.647225493;0.239369273;LXP;07.08.2024;46.500283;6.660889;0.998042169;0
S3B_OL_1_EFR____20240808T094923_20240808T095223_20240808T205359_0179_096_136_2160_PS2_O_NT_004.SEN3;d0ecef52-64b3-453a-8b03-d8387825ca7a;S3B;OLCI;L2_THETIS_GRID_20240807_20240817.nc;2.707863878;1.012569998;0.373936816;LXP;08.08.2024;46.500283;6.660889;0.996837349;0
S3B_OL_1_EFR____20240809T092312_20240809T092612_20240809T212324_0179_096_150_2160_PS2_O_NT_004.SEN3;d646324c-49e0-4e21-a9b1-e11bd734b5d7;S3B;OLCI;L2_THETIS_GRID_20240807_20240817.nc;3.161154122;1.072436605;0.339254767;LXP;09.08.2024;46.500283;6.660889;0.005873494;0
S3A_OL_1_EFR____20240809T100156_20240809T100456_20240810T102601_0179_115_293_2160_PS1_O_NT_004.SEN3;089d0c1f-41a3-4c86-83dc-dd87b949b618;S3A;OLCI;L2_THETIS_GRID_20240807_20240817.nc;3.161154122;1.072436605;0.339254767;LXP;09.08.2024;46.500283;6.660889;0.005873494;0
S3A_OL_1_EFR____20240810T093545_20240810T093845_20240811T100023_0179_115_307_2160_PS1_O_NT_004.SEN3;fd790ee9-20da-41bb-93b2-04e3ced84022;S3A;OLCI;L2_THETIS_GRID_20240807_20240817.nc;3.291734639;0.867456002;0.263525495;LXP;10.08.2024;46.500283;6.660889;0.010692771;0
S3B_OL_1_EFR____20240811T101148_20240811T101448_20240811T214831_0179_096_179_2160_PS2_O_NT_004.SEN3;f9168532-ec10-4959-bc4b-0d53800e53a0;S3B;OLCI;L2_THETIS_GRID_20240807_20240817.nc;2.82099098;1.05813816;0.375094485;LXP;11.08.2024;46.500283;6.660889;0.245783133;0
S3A_OL_1_EFR____20240812T102422_20240812T102722_20240813T104013_0179_115_336_2160_PS1_O_NT_004.SEN3;c1e93236-6d71-4466-ac9c-0db500c62ab1;S3A;OLCI;L2_THETIS_GRID_20240807_20240817.nc;3.007231125;0.909545195;0.302452707;LXP;12.08.2024;46.500283;6.660889;0.684036145;0
S3B_OL_1_EFR____20240812T094537_20240812T094837_20240812T200724_0179_096_193_2160_PS2_O_NT_004.SEN3;67a3439c-e7d4-4d6f-8425-f3438b7e253c;S3B;OLCI;L2_THETIS_GRID_20240807_20240817.nc;3.007231125;0.909545195;0.302452707;LXP;12.08.2024;46.500283;6.660889;0.684036145;0
S3A_OL_1_EFR____20240813T095811_20240813T100111_20240814T102059_0179_115_350_2160_PS1_O_NT_004.SEN3;53128639-fde3-4ad1-a24e-89f022bd0728;S3A;OLCI;L2_THETIS_GRID_20240807_20240817.nc;2.568205049;0.373747227;0.145528577;LXP;13.08.2024;46.500283;6.660889;0.007228916;0
S3B_OL_1_EFR____20240813T091926_20240813T092226_20240813T210049_0179_096_207_2160_PS2_O_NT_004.SEN3;7dbaf28e-f9da-4e2f-aa29-289e2892e72e;S3B;OLCI;L2_THETIS_GRID_20240807_20240817.nc;2.568205049;0.373747227;0.145528577;LXP;13.08.2024;46.500283;6.660889;0.007228916;0
S3A_OL_1_EFR____20240814T093159_20240814T093459_20240815T095302_0180_115_364_2160_PS1_O_NT_004.SEN3;846fbcab-47fb-4bfc-9bcf-52e5541955b2;S3A;OLCI;L2_THETIS_GRID_20240807_20240817.nc;2.871238657;0.391349166;0.136299769;LXP;14.08.2024;46.500283;6.660889;1;0
S3B_OL_1_EFR____20240815T100803_20240815T101103_20240815T215533_0179_096_236_2160_PS2_O_NT_004.SEN3;c257f58b-38de-4002-b028-3beda6964096;S3B;OLCI;L2_THETIS_GRID_20240807_20240817.nc;2.951283193;0.73514454;0.249093188;LXP;15.08.2024;46.500283;6.660889;0.590963855;0
S3B_OL_1_EFR____20240816T094152_20240816T094452_20240816T201346_0179_096_250_2160_PS2_O_NT_004.SEN3;0b852d69-edb0-496a-91cb-d9e57a0a5b0d;S3B;OLCI;L2_THETIS_GRID_20240807_20240817.nc;3.008263629;0.692038004;0.230045664;LXP;16.08.2024;46.500283;6.660889;0.048042169;0
S3A_OL_1_EFR____20240816T102037_20240816T102337_20240817T104511_0180_116_008_2160_PS1_O_NT_004.SEN3;24afc057-4069-4f88-92c3-a6c7707ab878;S3A;OLCI;L2_THETIS_GRID_20240807_20240817.nc;3.008263629;0.692038004;0.230045664;LXP;16.08.2024;46.500283;6.660889;0.048042169;0
S3A_OL_1_EFR____20240817T095426_20240817T095726_20240818T101921_0179_116_022_2160_PS1_O_NT_004.SEN3;93d1cd63-7828-4ea8-b5fd-19b25122dddf;S3A;OLCI;L2_THETIS_GRID_20240817_20240827.nc;2.889765888;0.45929161;0.158937308;LXP;17.08.2024;46.500283;6.660889;1;0
S3A_OL_1_EFR____20240818T092815_20240818T093115_20240819T095311_0179_116_036_2160_PS1_O_NT_004.SEN3;4b2ada23-4541-44b9-8a53-cd85504ce896;S3A;OLCI;L2_THETIS_GRID_20240817_20240827.nc;;;;LXP;18.08.2024;46.500283;6.660889;1;0
S3B_OL_1_EFR____20240819T100418_20240819T100718_20240819T220107_0179_096_293_2160_PS2_O_NT_004.SEN3;508cb2fc-7341-4fe4-b0f0-f15786201306;S3B;OLCI;L2_THETIS_GRID_20240817_20240827.nc;;;;LXP;19.08.2024;46.500283;6.660889;0.004216867;0
S3B_OL_1_EFR____20240820T093807_20240820T094107_20240820T200959_0179_096_307_2160_PS2_O_NT_004.SEN3;d34b3b98-1e1c-40b5-8916-527d85b5eaad;S3B;OLCI;L2_THETIS_GRID_20240817_20240827.nc;;;;LXP;20.08.2024;46.500283;6.660889;0.01626506;0
S3A_OL_1_EFR____20240820T101652_20240820T101952_20240821T104221_0180_116_065_2160_PS1_O_NT_004.SEN3;0f9ede06-abc0-419d-9f8d-3695d244be8f;S3A;OLCI;L2_THETIS_GRID_20240817_20240827.nc;;;;LXP;20.08.2024;46.500283;6.660889;0.01626506;0
S3A_OL_1_EFR____20240821T095041_20240821T095341_20240822T101451_0179_116_079_2160_PS1_O_NT_004.SEN3;d4e305aa-d05f-4b24-8937-c63bfb24f38a;S3A;OLCI;L2_THETIS_GRID_20240817_20240827.nc;;;;LXP;21.08.2024;46.500283;6.660889;0.826957831;0
S3A_OL_1_EFR____20240822T092430_20240822T092730_20240823T094916_0179_116_093_2160_PS1_O_NT_004.SEN3;daaff8df-f6bc-401b-a497-cd73760342cd;S3A;OLCI;L2_THETIS_GRID_20240817_20240827.nc;;;;LXP;22.08.2024;46.500283;6.660889;0.086295181;0
S3B_OL_1_EFR____20240822T102645_20240822T102945_20240822T220012_0180_096_336_2160_PS2_O_NT_004.SEN3;fa24c8ba-8929-471a-b426-d2814a9826c8;S3B;OLCI;L2_THETIS_GRID_20240817_20240827.nc;;;;LXP;22.08.2024;46.500283;6.660889;0.085132075;0
S3B_OL_1_EFR____20240903T101533_20240903T101833_20240903T220331_0180_097_122_2160_PS2_O_NT_004.SEN3;c694c637-58fe-4af2-810d-0a1796964e4e;S3B;OLCI;L2_THETIS_GRID_20240827_20240906.nc;4.865456131;0.670540372;0.137816549;LXP;03.09.2024;46.500283;6.660889;0.488704819;0
S3B_OL_1_EFR____20240904T094922_20240904T095222_20240904T201353_0179_097_136_2160_PS2_O_NT_004.SEN3;acc76190-7090-4b27-93a3-449ce4d0ac7c;S3B;OLCI;L2_THETIS_GRID_20240827_20240906.nc;4.188339874;1.121159171;0.267685815;LXP;04.09.2024;46.500283;6.660889;1;0
S3A_OL_1_EFR____20240905T100152_20240905T100452_20240906T102510_0179_116_293_2160_PS1_O_NT_004.SEN3;1669af16-b4b2-4171-a94b-be039de771b4;S3A;OLCI;L2_THETIS_GRID_20240827_20240906.nc;4.159822217;0.728344234;0.175090231;LXP;05.09.2024;46.500283;6.660889;1;0
S3B_OL_1_EFR____20240905T092311_20240905T092611_20240905T204349_0179_097_150_2160_PS2_O_NT_004.SEN3;ae89d901-8912-4961-a77c-c78b2330e3f6;S3B;OLCI;L2_THETIS_GRID_20240827_20240906.nc;4.159822217;0.728344234;0.175090231;LXP;05.09.2024;46.500283;6.660889;1;0
S3A_OL_1_EFR____20240906T093541_20240906T093841_20240907T100348_0179_116_307_2160_PS1_O_NT_004.SEN3;d16df985-8a2b-46d6-be4b-6e4f3dedab39;S3A;OLCI;L2_THETIS_GRID_20240906_20240916.nc;3.211489393;0.538715963;0.167746455;LXP;06.09.2024;46.500283;6.660889;0.464457831;0
S3B_OL_1_EFR____20240907T101148_20240907T101448_20240907T215312_0179_097_179_2160_PS2_O_NT_004.SEN3;87c69f12-94f2-4201-b52a-698ef1051abf;S3B;OLCI;L2_THETIS_GRID_20240906_20240916.nc;2.697267084;0.370963559;0.137533121;LXP;07.09.2024;46.500283;6.660889;0.939156627;0
S3B_OL_1_EFR____20240908T094537_20240908T094837_20240908T200536_0179_097_193_2160_PS2_O_NT_004.SEN3;31cc83fb-77ba-4da8-9ce2-7daf17ae8604;S3B;OLCI;L2_THETIS_GRID_20240906_20240916.nc;2.861039397;0.417503862;0.145927338;LXP;08.09.2024;46.500283;6.660889;1;0
S3A_OL_1_EFR____20240908T102418_20240908T102718_20240909T105332_0179_116_336_2160_PS1_O_NT_004.SEN3;f382ead6-5fce-4878-a412-6b22531c40ea;S3A;OLCI;L2_THETIS_GRID_20240906_20240916.nc;2.861039397;0.417503862;0.145927338;LXP;08.09.2024;46.500283;6.660889;1;0
S3B_OL_1_EFR____20240912T094151_20240912T094451_20240912T201934_0179_097_250_2160_PS2_O_NT_004.SEN3;ada40d11-ab78-4b8c-a4c7-5e1ce5e01c1a;S3B;OLCI;L2_THETIS_GRID_20240906_20240916.nc;1.6e-322;0;0;LXP;12.09.2024;46.500283;6.660889;0.999246988;1
S3A_OL_1_EFR____20240912T102035_20240912T102335_20240913T104510_0179_117_008_2160_PS1_O_NT_004.SEN3;b70b819b-e5e0-41b4-8e87-de55bc2db145;S3A;OLCI;L2_THETIS_GRID_20240906_20240916.nc;1.6e-322;0;0;LXP;12.09.2024;46.500283;6.660889;0.999246988;1
S3B_OL_1_EFR____20240920T093421_20240920T093721_20240920T203423_0179_097_364_2160_PS2_O_NT_004.SEN3;d9f06d3e-ea01-4a8b-aa5f-6a44cfb16940;S3B;OLCI;L2_THETIS_GRID_20240916_20240926.nc;2.105114173;0.276285521;0.13124491;LXP;20.09.2024;46.500283;6.660889;0.054819277;0
S3A_OL_1_EFR____20240920T101307_20240920T101607_20240921T103727_0179_117_122_2160_PS1_O_NT_004.SEN3;70c11ce1-99e3-449f-b293-55a7e548ebe4;S3A;OLCI;L2_THETIS_GRID_20240916_20240926.nc;2.105114173;0.276285521;0.13124491;LXP;20.09.2024;46.500283;6.660889;0.054819277;0
S3A_OL_1_EFR____20240921T094656_20240921T094956_20240922T101118_0179_117_136_2160_PS1_O_NT_004.SEN3;6c2fb6f1-eef7-45f2-973c-90b4440224b7;S3A;OLCI;L2_THETIS_GRID_20240916_20240926.nc;2.010460846;0.260269253;0.129457509;LXP;21.09.2024;46.500283;6.660889;0.005572289;0
S3A_OL_1_EFR____20240922T092046_20240922T092346_20240923T094711_0180_117_150_2160_PS1_O_NT_004.SEN3;d5cc3d3f-7b88-4339-be56-9f264a15158f;S3A;OLCI;L2_THETIS_GRID_20240916_20240926.nc;2.09077359;0.294703844;0.140954451;LXP;22.09.2024;46.500283;6.660889;0.917771084;0
S3B_OL_1_EFR____20240922T102259_20240922T102559_20240922T214102_0179_098_008_2160_PS2_O_NT_004.SEN3;d575161b-6da8-4a1c-a3f4-9bc8d2a95411;S3B;OLCI;L2_THETIS_GRID_20240916_20240926.nc;2.09077359;0.294703844;0.140954451;LXP;22.09.2024;46.500283;6.660889;0.917771084;0
S3B_OL_1_EFR____20240923T095648_20240923T095948_20240923T214141_0179_098_022_2160_PS2_O_NT_004.SEN3;7e737155-fb05-43b4-a93c-3ef570f4078e;S3B;OLCI;L2_THETIS_GRID_20240916_20240926.nc;2.081299421;0.140490893;0.067501529;LXP;23.09.2024;46.500283;6.660889;1;0
S3A_OL_1_EFR____20240924T100924_20240924T101224_20240925T104152_0180_117_179_2160_PS1_O_NT_004.SEN3;c83d5ae5-3e16-4a94-b0ba-9665ec932748;S3A;OLCI;L2_THETIS_GRID_20240916_20240926.nc;2.044160345;0.046504562;0.022749958;LXP;24.09.2024;46.500283;6.660889;0.99939759;0
S3B_OL_1_EFR____20240924T093037_20240924T093337_20240924T201408_0180_098_036_2160_PS2_O_NT_004.SEN3;4548c86d-b7bc-494d-82c8-c878bc90656d;S3B;OLCI;L2_THETIS_GRID_20240916_20240926.nc;2.044160345;0.046504562;0.022749958;LXP;24.09.2024;46.500283;6.660889;0.99939759;0
S3A_OL_1_EFR____20240925T094313_20240925T094613_20240926T101304_0179_117_193_2160_PS1_O_NT_004.SEN3;db1b5663-fd8c-40ba-a879-bda05993e516;S3A;OLCI;L2_THETIS_GRID_20240916_20240926.nc;;;;LXP;25.09.2024;46.500283;6.660889;0.881777108;0
S3B_OL_1_EFR____20240926T101914_20240926T102214_20240926T214238_0179_098_065_2160_PS2_O_NT_004.SEN3;4058415c-c418-4159-b944-d5ced882bc22;S3B;OLCI;L2_THETIS_GRID_20240926_20241006.nc;;;;LXP;26.09.2024;46.500283;6.660889;1;0
S3B_OL_1_EFR____20240927T095303_20240927T095603_20240927T221110_0180_098_079_2160_PS2_O_NT_004.SEN3;d3d59c43-2146-4db9-967f-e7ef632fd153;S3B;OLCI;L2_THETIS_GRID_20240926_20241006.nc;;;;LXP;27.09.2024;46.500283;6.660889;0.683584337;0
S3B_OL_1_EFR____20240928T092652_20240928T092952_20240928T202409_0179_098_093_2160_PS2_O_NT_004.SEN3;32edea19-6302-445c-8f4e-de7ce57ddcb2;S3B;OLCI;L2_THETIS_GRID_20240926_20241006.nc;;;;LXP;28.09.2024;46.500283;6.660889;0.991566265;0
S3A_OL_1_EFR____20240928T100541_20240928T100841_20240929T150257_0179_117_236_2160_PS1_O_NT_004.SEN3;8e4a3c55-bab8-4379-81ef-48c74cab177f;S3A;OLCI;L2_THETIS_GRID_20240926_20241006.nc;;;;LXP;28.09.2024;46.500283;6.660889;0.991566265;0
S3A_OL_1_EFR____20240929T093930_20240929T094230_20240930T100844_0179_117_250_2160_PS1_O_NT_004.SEN3;5da092d0-63ea-482a-a6a0-d2524815fbd3;S3A;OLCI;L2_THETIS_GRID_20240926_20241006.nc;;;;LXP;29.09.2024;46.500283;6.660889;0.974096386;0
S3B_OL_1_EFR____20240930T101528_20240930T101828_20240930T203417_0179_098_122_2160_PS2_O_NT_004.SEN3;c1433236-bca8-4f6f-afdd-d03dd731522f;S3B;OLCI;L2_THETIS_GRID_20240926_20241006.nc;;;;LXP;30.09.2024;46.500283;6.660889;0.8625;0
S3B_OL_1_EFR____20241001T094917_20241001T095217_20241001T201050_0179_098_136_2160_PS2_O_NT_004.SEN3;faa35eee-7c15-486d-ba17-ae37da6f4f25;S3B;OLCI;L2_THETIS_GRID_20240926_20241006.nc;;;;LXP;01.10.2024;46.500283;6.660889;1;0
S3A_OL_1_EFR____20241011T092817_20241011T093117_20241012T095518_0179_118_036_2160_PS1_O_NT_004.SEN3;1ff0228f-1661-4f6f-8305-13fd738379e7;S3A;OLCI;L2_THETIS_GRID_20241006_20241016.nc;2.126651602;0.280108053;0.131713183;LXP;11.10.2024;46.500283;6.660889;0.89246988;0
S3B_OL_1_EFR____20241012T100415_20241012T100715_20241012T213636_0179_098_293_2160_PS2_O_NT_004.SEN3;cd088037-5c24-4d46-a8b1-9cbd8e24a10a;S3B;OLCI;L2_THETIS_GRID_20241006_20241016.nc;2.210485012;0.1059305;0.047921836;LXP;12.10.2024;46.500283;6.660889;0.998343373;0
S3A_OL_1_EFR____20241013T101654_20241013T101954_20241014T104301_0179_118_065_2160_PS1_O_NT_004.SEN3;2a30ccc7-6b3c-49ba-a178-09e55087aa04;S3A;OLCI;L2_THETIS_GRID_20241006_20241016.nc;2.154575049;0.193136555;0.089640208;LXP;13.10.2024;46.500283;6.660889;1;0
S3B_OL_1_EFR____20241013T093804_20241013T094104_20241013T195855_0179_098_307_2160_PS2_O_NT_004.SEN3;4db0f28c-a38d-4d40-a25f-b66de416d8df;S3B;OLCI;L2_THETIS_GRID_20241006_20241016.nc;2.154575049;0.193136555;0.089640208;LXP;13.10.2024;46.500283;6.660889;1;0
S3A_OL_1_EFR____20241014T095043_20241014T095343_20241015T101739_0179_118_079_2160_PS1_O_NT_004.SEN3;9c2add52-2f73-4673-9766-8034dcb43667;S3A;OLCI;L2_THETIS_GRID_20241006_20241016.nc;2.207848771;0.122386004;0.055432241;LXP;14.10.2024;46.500283;6.660889;1;0
S3A_OL_1_EFR____20241015T092432_20241015T092732_20241016T094741_0179_118_093_2160_PS1_O_NT_004.SEN3;7bf702c1-f728-4a54-abf5-5095df5d716a;S3A;OLCI;L2_THETIS_GRID_20241006_20241016.nc;2.127890323;0.240592181;0.113066063;LXP;15.10.2024;46.500283;6.660889;1;0
S3B_OL_1_EFR____20241015T102642_20241015T102942_20241015T213902_0180_098_336_2160_PS2_O_NT_004.SEN3;9100259b-0fc0-40e8-a600-8c04df681ae4;S3B;OLCI;L2_THETIS_GRID_20241006_20241016.nc;2.127890323;0.240592181;0.113066063;LXP;15.10.2024;46.500283;6.660889;1;0
S3B_OL_1_EFR____20241016T100032_20241016T100332_20241016T213836_0179_098_350_2160_PS2_O_NT_004.SEN3;c1050af3-4d18-4f17-95ae-9b27a50fccb1;S3B;OLCI;L2_THETIS_GRID_20241016_20241026.nc;2.437598376;0.246640415;0.101181728;LXP;16.10.2024;46.500283;6.660889;1;0
S3B_OL_1_EFR____20241017T093421_20241017T093721_20241017T200709_0179_098_364_2160_PS2_O_NT_004.SEN3;d0df9351-35e7-4501-8de4-9d195efb0c1d;S3B;OLCI;L2_THETIS_GRID_20241016_20241026.nc;2.052309103;0.376826988;0.183611225;LXP;17.10.2024;46.500283;6.660889;0.991566265;0
S3A_OL_1_EFR____20241017T101309_20241017T101609_20241018T103858_0179_118_122_2160_PS1_O_NT_004.SEN3;ba7af023-be24-47a7-a9e8-258c3ffa7bd8;S3A;OLCI;L2_THETIS_GRID_20241016_20241026.nc;2.052309103;0.376826988;0.183611225;LXP;17.10.2024;46.500283;6.660889;0.991566265;0
S3A_OL_1_EFR____20241018T094658_20241018T094958_20241019T101301_0179_118_136_2160_PS1_O_NT_004.SEN3;7422fc3d-bff9-4988-ab97-3a90fa46f947;S3A;OLCI;L2_THETIS_GRID_20241016_20241026.nc;2.589295903;0.512763411;0.198031986;LXP;18.10.2024;46.500283;6.660889;1;0
S3A_OL_1_EFR____20241019T092048_20241019T092348_20241020T094735_0179_118_150_2160_PS1_O_NT_004.SEN3;819571e3-8a68-4501-bee6-3fce5d96fff4;S3A;OLCI;L2_THETIS_GRID_20241016_20241026.nc;2.561016756;0.197920815;0.077282124;LXP;19.10.2024;46.500283;6.660889;1;0
S3B_OL_1_EFR____20241019T102259_20241019T102559_20241019T213401_0179_099_008_2160_PS2_O_NT_004.SEN3;dea44aad-1d78-464d-962e-25665eb15715;S3B;OLCI;L2_THETIS_GRID_20241016_20241026.nc;2.561016756;0.197920815;0.077282124;LXP;19.10.2024;46.500283;6.660889;1;0
S3B_OL_1_EFR____20241020T095648_20241020T095948_20241020T214130_0179_099_022_2160_PS2_O_NT_004.SEN3;79b5de06-68e1-49a1-a8d1-9d9ee2f933b9;S3B;OLCI;L2_THETIS_GRID_20241016_20241026.nc;2.439406284;0.281595999;0.115436285;LXP;20.10.2024;46.500283;6.660889;0.99939759;0
S3A_OL_1_EFR____20241021T100925_20241021T101225_20241022T103659_0179_118_179_2160_PS1_O_NT_004.SEN3;d9454b74-090b-4357-badb-824edbcccdc5;S3A;OLCI;L2_THETIS_GRID_20241016_20241026.nc;2.389522281;0.312564568;0.1308063;LXP;21.10.2024;46.500283;6.660889;0.794427711;0
S3B_OL_1_EFR____20241021T093037_20241021T093337_20241021T200607_0180_099_036_2160_PS2_O_NT_004.SEN3;fbb06873-38ac-4621-9f2f-dbb757f17c93;S3B;OLCI;L2_THETIS_GRID_20241016_20241026.nc;2.389522281;0.312564568;0.1308063;LXP;21.10.2024;46.500283;6.660889;0.794427711;0
S3A_OL_1_EFR____20241022T094315_20241022T094615_20241023T101258_0179_118_193_2160_PS1_O_NT_004.SEN3;0efd77c8-a612-40b3-90f3-fb25e09398d6;S3A;OLCI;L2_THETIS_GRID_20241016_20241026.nc;2.329771285;0.302935826;0.13002814;LXP;22.10.2024;46.500283;6.660889;0.967018072;0
S3B_OL_1_EFR____20241023T101914_20241023T102214_20241023T214649_0179_099_065_2160_PS2_O_NT_004.SEN3;9f856cf8-933b-41c9-a96d-9d58bf8af531;S3B;OLCI;L2_THETIS_GRID_20241016_20241026.nc;2.160664459;0.233410904;0.108027372;LXP;23.10.2024;46.500283;6.660889;1;0
S3B_OL_1_EFR____20241024T095304_20241024T095604_20241024T214235_0180_099_079_2160_PS2_O_NT_004.SEN3;5b668e18-102f-443a-a42c-90f687d69684;S3B;OLCI;L2_THETIS_GRID_20241016_20241026.nc;2.11465883;0.29874109;0.141271531;LXP;24.10.2024;46.500283;6.660889;0.770783133;0
S3B_OL_1_EFR____20241025T092653_20241025T092953_20241025T201433_0179_099_093_2160_PS2_O_NT_004.SEN3;0b0ed769-dda9-4b23-9f73-527172b846a2;S3B;OLCI;L2_THETIS_GRID_20241016_20241026.nc;1.662040764;0.242997943;0.146204563;LXP;25.10.2024;46.500283;6.660889;0.684487952;0
S3A_OL_1_EFR____20241025T100541_20241025T100841_20241026T102831_0179_118_236_2160_PS1_O_NT_004.SEN3;cf4c4f96-718b-4146-bace-9da8ba3a53ea;S3A;OLCI;L2_THETIS_GRID_20241016_20241026.nc;1.662040764;0.242997943;0.146204563;LXP;25.10.2024;46.500283;6.660889;0.684487952;0
S3A_OL_1_EFR____20241026T093930_20241026T094230_20241027T100333_0179_118_250_2160_PS1_O_NT_004.SEN3;fba60dcf-8d33-4c79-9978-c54f946cd675;S3A;OLCI;L2_THETIS_GRID_20241026_20241105.nc;1.908601454;0.159615587;0.083629606;LXP;26.10.2024;46.500283;6.660889;1;0
S3B_OL_1_EFR____20241027T101531_20241027T101831_20241027T213951_0180_099_122_2160_PS2_O_NT_004.SEN3;f72e17ca-168b-4974-91ec-f58d0085ce3f;S3B;OLCI;L2_THETIS_GRID_20241026_20241105.nc;1.751846123;0.168496709;0.096182368;LXP;27.10.2024;46.500283;6.660889;0.797590361;0
S3B_OL_1_EFR____20241028T094920_20241028T095220_20241028T213443_0179_099_136_2160_PS2_O_NT_004.SEN3;776f3f01-c26c-49a7-8df1-b084636908b3;S3B;OLCI;L2_THETIS_GRID_20241026_20241105.nc;1.915432053;0.213694871;0.11156484;LXP;28.10.2024;46.500283;6.660889;0.909638554;0
S3A_OL_1_EFR____20241029T100155_20241029T100455_20241030T102745_0179_118_293_2160_PS1_O_NT_004.SEN3;34864b23-4aa0-4697-a741-e433337290b5;S3A;OLCI;L2_THETIS_GRID_20241026_20241105.nc;1.836024641;0.283293699;0.154297329;LXP;29.10.2024;46.500283;6.660889;0.897891566;0
S3B_OL_1_EFR____20241029T092309_20241029T092609_20241029T201141_0180_099_150_2160_PS2_O_NT_004.SEN3;b92dc8c3-4365-4c9a-8e40-43b8435ea808;S3B;OLCI;L2_THETIS_GRID_20241026_20241105.nc;1.836024641;0.283293699;0.154297329;LXP;29.10.2024;46.500283;6.660889;0.897891566;0
S3A_OL_1_EFR____20241030T093544_20241030T093844_20241031T100048_0179_118_307_2160_PS1_O_NT_004.SEN3;06b6eb08-e2dc-4d79-9d1a-7266fe534e7e;S3A;OLCI;L2_THETIS_GRID_20241026_20241105.nc;1.505261219;0.175897249;0.116854967;LXP;30.10.2024;46.500283;6.660889;0.957379518;0
S3B_OL_1_EFR____20241031T101147_20241031T101447_20241031T213346_0179_099_179_2160_PS2_O_NT_004.SEN3;d705506e-8be5-4e40-93e3-26f19f744758;S3B;OLCI;L2_THETIS_GRID_20241026_20241105.nc;1.756312055;0.15396925;0.087666226;LXP;31.10.2024;46.500283;6.660889;0.917771084;0
S3A_OL_1_EFR____20241101T102422_20241101T102722_20241102T104933_0180_118_336_2160_PS1_O_NT_004.SEN3;56438c03-c525-4c07-9220-0b93700d7cc2;S3A;OLCI;L2_THETIS_GRID_20241026_20241105.nc;1.684357919;0.16360499;0.097131963;LXP;01.11.2024;46.500283;6.660889;0.827409639;0
S3B_OL_1_EFR____20241101T094536_20241101T094836_20241101T201227_0179_099_193_2160_PS2_O_NT_004.SEN3;2f718036-d185-456a-9aba-5880fad7bbc6;S3B;OLCI;L2_THETIS_GRID_20241026_20241105.nc;1.684357919;0.16360499;0.097131963;LXP;01.11.2024;46.500283;6.660889;0.827409639;0
S3A_OL_1_EFR____20241102T095812_20241102T100112_20241103T102401_0179_118_350_2160_PS1_O_NT_004.SEN3;7273410c-e9c3-4ea4-828c-e2509ce1dbbe;S3A;OLCI;L2_THETIS_GRID_20241026_20241105.nc;1.762564204;0.133479798;0.07573046;LXP;02.11.2024;46.500283;6.660889;0.854066265;0
S3B_OL_1_EFR____20241102T091926_20241102T092226_20241102T203722_0179_099_207_2160_PS2_O_NT_004.SEN3;5d80591b-b508-487d-a96d-f9b54f0e2ec0;S3B;OLCI;L2_THETIS_GRID_20241026_20241105.nc;1.762564204;0.133479798;0.07573046;LXP;02.11.2024;46.500283;6.660889;0.854066265;0
S3A_OL_1_EFR____20241103T093201_20241103T093501_20241104T095629_0179_118_364_2160_PS1_O_NT_004.SEN3;14360840-b3d1-4785-a6bf-9c771fa6cee6;S3A;OLCI;L2_THETIS_GRID_20241026_20241105.nc;1.864805191;0.223431129;0.119814729;LXP;03.11.2024;46.500283;6.660889;1;0
S3B_OL_1_EFR____20241104T100804_20241104T101104_20241104T214021_0179_099_236_2160_PS2_O_NT_004.SEN3;5394e576-ea86-4df2-adf7-fd11033f8436;S3B;OLCI;L2_THETIS_GRID_20241026_20241105.nc;1.847185425;0.1272676;0.068898118;LXP;04.11.2024;46.500283;6.660889;0.939006024;0
S3B_OL_1_EFR____20241105T094153_20241105T094453_20241105T201331_0179_099_250_2160_PS2_O_NT_004.SEN3;24b18d9a-7d18-4c77-bf08-e31653c2654d;S3B;OLCI;L2_THETIS_GRID_20241105_20241115.nc;2.011932998;0.184975178;0.091939035;LXP;05.11.2024;46.500283;6.660889;0.99939759;0
S3A_OL_1_EFR____20241105T102038_20241105T102338_20241106T104424_0180_119_008_2160_PS1_O_NT_004.SEN3;d5dc9e4e-25f5-46e0-81e0-bd9f6480048e;S3A;OLCI;L2_THETIS_GRID_20241105_20241115.nc;2.011932998;0.184975178;0.091939035;LXP;05.11.2024;46.500283;6.660889;0.99939759;0
S3A_OL_1_EFR____20241106T095427_20241106T095727_20241107T102028_0180_119_022_2160_PS1_O_NT_004.SEN3;a8dbc61a-4128-4331-a1a0-316e362efdfc;S3A;OLCI;L2_THETIS_GRID_20241105_20241115.nc;2.157053794;0.201398476;0.093367387;LXP;06.11.2024;46.500283;6.660889;1;0
S3A_OL_1_EFR____20241107T092816_20241107T093116_20241108T094958_0179_119_036_2160_PS1_O_NT_004.SEN3;6fb80cda-3b14-467b-ad38-ae15ba865ae6;S3A;OLCI;L2_THETIS_GRID_20241105_20241115.nc;2.074996399;0.203157972;0.097907626;LXP;07.11.2024;46.500283;6.660889;1;0
S3B_OL_1_EFR____20241108T100419_20241108T100719_20241108T214439_0180_099_293_2160_PS2_O_NT_004.SEN3;1367f17b-66bc-4ad7-9462-538a2f18360a;S3B;OLCI;L2_THETIS_GRID_20241105_20241115.nc;1.986944638;0.222064518;0.111761804;LXP;08.11.2024;46.500283;6.660889;0.884939759;0
S3A_OL_1_EFR____20241109T101652_20241109T101952_20241110T104323_0180_119_065_2160_PS1_O_NT_004.SEN3;af0f1e63-48d6-4d74-99db-1dada63f272f;S3A;OLCI;L2_THETIS_GRID_20241105_20241115.nc;2.115340354;0.179986912;0.085086502;LXP;09.11.2024;46.500283;6.660889;1;0
S3B_OL_1_EFR____20241109T093808_20241109T094108_20241109T200543_0179_099_307_2160_PS2_O_NT_004.SEN3;31defeb0-952d-4b55-ab1c-5ac76c4b96db;S3B;OLCI;L2_THETIS_GRID_20241105_20241115.nc;2.115340354;0.179986912;0.085086502;LXP;09.11.2024;46.500283;6.660889;1;0
S3A_OL_1_EFR____20241110T095041_20241110T095341_20241111T101355_0180_119_079_2160_PS1_O_NT_004.SEN3;187a805a-e4e0-4eb1-a647-b1a11945f8f9;S3A;OLCI;L2_THETIS_GRID_20241105_20241115.nc;2.103994875;0.220035815;0.104580015;LXP;10.11.2024;46.500283;6.660889;0.67876506;0
S3A_OL_1_EFR____20241111T092429_20241111T092729_20241112T095023_0179_119_093_2160_PS1_O_NT_004.SEN3;e1cb7b12-2584-439a-8871-324898fe13c8;S3A;OLCI;L2_THETIS_GRID_20241105_20241115.nc;1.715024279;0.14460515;0.084316678;LXP;11.11.2024;46.500283;6.660889;0.832831325;0
S3B_OL_1_EFR____20241111T102644_20241111T102918_20241111T201009_0153_099_336_2160_PS2_O_NT_004.SEN3;afdf169b-72e3-4073-a9fa-46bafb8725ae;S3B;OLCI;L2_THETIS_GRID_20241105_20241115.nc;1.715024279;0.14460515;0.084316678;LXP;11.11.2024;46.500283;6.660889;0.83245283;0
S3B_OL_1_EFR____20241112T100032_20241112T100332_20241112T214012_0179_099_350_2160_PS2_O_NT_004.SEN3;ed6561d0-b5b2-4b6a-8b02-f5b2d0a42033;S3B;OLCI;L2_THETIS_GRID_20241105_20241115.nc;1.595183492;0.092197035;0.057797135;LXP;12.11.2024;46.500283;6.660889;1;0
S3B_OL_1_EFR____20241115T102301_20241115T102601_20241115T213608_0179_100_008_2160_PS2_O_NT_004.SEN3;b574f58a-0ef8-4e94-8a39-9cd9a0dd0a45;S3B;OLCI;L2_THETIS_GRID_20241115_20241125.nc;1.641773482;0.10508561;0.064007374;LXP;15.11.2024;46.500283;6.660889;0.103915663;0
S3A_OL_1_EFR____20241115T092046_20241115T092346_20241116T094645_0179_119_150_2160_PS1_O_NT_004.SEN3;68013531-e204-41dd-b4f1-bb70f719b7b6;S3A;OLCI;L2_THETIS_GRID_20241115_20241125.nc;1.641773482;0.10508561;0.064007374;LXP;15.11.2024;46.500283;6.660889;0.103915663;0
S3B_OL_1_EFR____20241116T095650_20241116T095950_20241116T213915_0179_100_022_2160_PS2_O_NT_004.SEN3;d1354aba-fb5a-43be-8a56-75e924c286c9;S3B;OLCI;L2_THETIS_GRID_20241115_20241125.nc;1.502133398;0.282094776;0.187796088;LXP;16.11.2024;46.500283;6.660889;0.837048193;0
S3B_OL_1_EFR____20241117T093040_20241117T093340_20241117T201753_0179_100_036_2160_PS2_O_NT_004.SEN3;f888b505-01a9-4176-893a-ddfb2da732f1;S3B;OLCI;L2_THETIS_GRID_20241115_20241125.nc;1.475931588;0.155180411;0.105140653;LXP;17.11.2024;46.500283;6.660889;0.356626506;0
S3A_OL_1_EFR____20241117T100923_20241117T101223_20241118T103324_0179_119_179_2160_PS1_O_NT_004.SEN3;0a39a471-f0c4-4d48-94ca-1c6cb098d108;S3A;OLCI;L2_THETIS_GRID_20241115_20241125.nc;1.475931588;0.155180411;0.105140653;LXP;17.11.2024;46.500283;6.660889;0.356626506;0
S3A_OL_1_EFR____20241118T094312_20241118T094612_20241119T100924_0180_119_193_2160_PS1_O_NT_004.SEN3;2cd8179a-e288-4bea-aa06-0dc293e15452;S3A;OLCI;L2_THETIS_GRID_20241115_20241125.nc;1.466699204;0.179400457;0.12231578;LXP;18.11.2024;46.500283;6.660889;1;0
S3B_OL_1_EFR____20241119T101918_20241119T102218_20241119T201441_0180_100_065_2160_PS2_O_NT_004.SEN3;a09fe774-8ebd-40a7-bb02-21b7dcea351f;S3B;OLCI;L2_THETIS_GRID_20241115_20241125.nc;1.505015841;0.158463739;0.105290413;LXP;19.11.2024;46.500283;6.660889;1;0
S3B_OL_1_EFR____20241120T095307_20241120T095607_20241120T214235_0180_100_079_2160_PS2_O_NT_004.SEN3;330f82ab-9b3d-43fe-8bb5-e8e00f69d880;S3B;OLCI;L2_THETIS_GRID_20241115_20241125.nc;1.501351019;0.07875071;0.05245323;LXP;20.11.2024;46.500283;6.660889;0.82876506;0
S3B_OL_1_EFR____20241121T092656_20241121T092956_20241121T201126_0179_100_093_2160_PS2_O_NT_004.SEN3;3a507b6f-0752-4f05-8c59-e1741f05968d;S3B;OLCI;L2_THETIS_GRID_20241115_20241125.nc;1.264365356;0.065382541;0.051711747;LXP;21.11.2024;46.500283;6.660889;1;0
S3A_OL_1_EFR____20241121T100539_20241121T100839_20241122T103013_0179_119_236_2160_PS1_O_NT_004.SEN3;1fdd809e-a6b0-423e-99cf-739210a0d73d;S3A;OLCI;L2_THETIS_GRID_20241115_20241125.nc;1.264365356;0.065382541;0.051711747;LXP;21.11.2024;46.500283;6.660889;1;0
S3A_OL_1_EFR____20241122T093928_20241122T094228_20241123T100616_0180_119_250_2160_PS1_O_NT_004.SEN3;846ac6f8-27c9-450e-89db-bd29779a60a3;S3A;OLCI;L2_THETIS_GRID_20241115_20241125.nc;1.254236438;0.060829667;0.048499362;LXP;22.11.2024;46.500283;6.660889;1;0
S3B_OL_1_EFR____20241123T101534_20241123T101834_20241123T215107_0179_100_122_2160_PS2_O_NT_004.SEN3;ee4198d1-1b56-43f0-984e-58120f1a7c4d;S3B;OLCI;L2_THETIS_GRID_20241115_20241125.nc;1.250087078;0.067206606;0.05376154;LXP;23.11.2024;46.500283;6.660889;1;0
S3B_OL_1_EFR____20241124T094923_20241124T095223_20241124T221310_0179_100_136_2160_PS2_O_NT_004.SEN3;3f2baea4-ffa7-4942-80c5-66be0a1ca169;S3B;OLCI;L2_THETIS_GRID_20241115_20241125.nc;1.394069731;0.130636155;0.093708479;LXP;24.11.2024;46.500283;6.660889;1;0
S3A_OL_1_EFR____20241125T100153_20241125T100453_20241126T102803_0179_119_293_2160_PS1_O_NT_004.SEN3;a82c328d-2789-4791-87be-cb2cb48558ff;S3A;OLCI;L2_THETIS_GRID_20241125_20241205.nc;1.411111856;0.143834094;0.101929619;LXP;25.11.2024;46.500283;6.660889;0.12560241;0
S3B_OL_1_EFR____20241125T092312_20241125T092612_20241125T200536_0179_100_150_2160_PS2_O_NT_004.SEN3;47b26a57-8195-4aba-8b12-4b5bea11e877;S3B;OLCI;L2_THETIS_GRID_20241125_20241205.nc;1.411111856;0.143834094;0.101929619;LXP;25.11.2024;46.500283;6.660889;0.12560241;0
S3A_OL_1_EFR____20241126T093542_20241126T093842_20241127T100502_0179_119_307_2160_PS1_O_NT_004.SEN3;37777209-313f-46ad-a1ae-89ce6eb05539;S3A;OLCI;L2_THETIS_GRID_20241125_20241205.nc;1.455679599;0.163779931;0.112510975;LXP;26.11.2024;46.500283;6.660889;1;0
S3B_OL_1_EFR____20250116T101529_20250116T101829_20250116T213458_0179_102_122_2160_PS2_O_NT_004.SEN3;a0c320b2-5e5a-4522-9897-3db2f0a1e5ef;S3B;OLCI;L2_THETIS_GRID_20250114_20250124.nc;1.142569593;0.081323772;0.071176209;LXP;16.01.2025;46.500283;6.660889;0.999548193;0
S3B_OL_1_EFR____20250117T094918_20250117T095218_20250117T213955_0179_102_136_2160_PS2_O_NT_004.SEN3;657ae067-9c2b-4f74-8d88-84f71234361a;S3B;OLCI;L2_THETIS_GRID_20250114_20250124.nc;1.150228794;0.133060077;0.1156814;LXP;17.01.2025;46.500283;6.660889;0.974849398;0
S3B_OL_1_EFR____20250118T092307_20250118T092607_20250118T202017_0179_102_150_2160_PS2_O_NT_004.SEN3;7de638e0-ab07-448a-8dab-d9d8ece2f9a8;S3B;OLCI;L2_THETIS_GRID_20250114_20250124.nc;1.184068628;0.068518703;0.057867172;LXP;18.01.2025;46.500283;6.660889;1;0
S3A_OL_1_EFR____20250118T100158_20250118T100458_20250119T102514_0179_121_293_2160_PS1_O_NT_004.SEN3;afb7bbab-ab05-4aec-a099-88a0641e2515;S3A;OLCI;L2_THETIS_GRID_20250114_20250124.nc;1.184068628;0.068518703;0.057867172;LXP;18.01.2025;46.500283;6.660889;1;0
S3A_OL_1_EFR____20250119T093547_20250119T093847_20250120T100122_0179_121_307_2160_PS1_O_NT_004.SEN3;bb511cfd-8b7a-4b6b-af34-6185e551c355;S3A;OLCI;L2_THETIS_GRID_20250114_20250124.nc;1.157018827;0.083653246;0.072300678;LXP;19.01.2025;46.500283;6.660889;1;0
S3B_OL_1_EFR____20250120T101144_20250120T101444_20250120T213707_0179_102_179_2160_PS2_O_NT_004.SEN3;22381e5b-2983-43e2-b82d-379911916ade;S3B;OLCI;L2_THETIS_GRID_20250114_20250124.nc;1.17104446;0.053777277;0.04592249;LXP;20.01.2025;46.500283;6.660889;1;0
S3B_OL_1_EFR____20250121T094533_20250121T094833_20250122T100326_0179_102_193_2160_ESA_O_NT_004.SEN3;189d9f1a-3482-3f78-a840-72e089d40fae;S3B;OLCI;L2_THETIS_GRID_20250114_20250124.nc;1.16264067;0.045791992;0.039386195;LXP;21.01.2025;46.500283;6.660889;1;0
S3A_OL_1_EFR____20250121T102424_20250121T102724_20250122T104843_0179_121_336_2160_PS1_O_NT_004.SEN3;297d4940-438b-48ec-8e61-068e6e862442;S3A;OLCI;L2_THETIS_GRID_20250114_20250124.nc;1.16264067;0.045791992;0.039386195;LXP;21.01.2025;46.500283;6.660889;1;0
S3B_OL_1_EFR____20250121T094533_20250121T094833_20250121T201332_0179_102_193_2160_PS2_O_NT_004.SEN3;4186a329-276a-4fc4-8aa2-9a050b68da71;S3B;OLCI;L2_THETIS_GRID_20250114_20250124.nc;1.16264067;0.045791992;0.039386195;LXP;21.01.2025;46.500283;6.660889;1;0
S3B_OL_1_EFR____20250122T091922_20250122T092222_20250123T092513_0179_102_207_2160_ESA_O_NT_004.SEN3;122e1378-651e-362b-bd3c-379466e24986;S3B;OLCI;L2_THETIS_GRID_20250114_20250124.nc;1.23113976;0.070163325;0.056990545;LXP;22.01.2025;46.500283;6.660889;1;0
S3B_OL_1_EFR____20250122T091922_20250122T092222_20250122T202704_0179_102_207_2160_PS2_O_NT_004.SEN3;0c7a005f-3eed-4266-81d9-d7832c069af7;S3B;OLCI;L2_THETIS_GRID_20250114_20250124.nc;1.23113976;0.070163325;0.056990545;LXP;22.01.2025;46.500283;6.660889;1;0
S3A_OL_1_EFR____20250122T095813_20250122T100113_20250123T102332_0180_121_350_2160_PS1_O_NT_004.SEN3;2eaeea4b-c897-432c-939f-47ea82cdbc2c;S3A;OLCI;L2_THETIS_GRID_20250114_20250124.nc;1.23113976;0.070163325;0.056990545;LXP;22.01.2025;46.500283;6.660889;1;0
S3A_OL_1_EFR____20250123T093203_20250123T093503_20250124T095738_0180_121_364_2160_PS1_O_NT_004.SEN3;0debf7a8-498b-487d-b651-83722e740f8b;S3A;OLCI;L2_THETIS_GRID_20250114_20250124.nc;1.20388921;0.065100101;0.054074827;LXP;23.01.2025;46.500283;6.660889;0.965813253;0
S3B_OL_1_EFR____20250124T100759_20250124T101059_20250124T214217_0179_102_236_2160_PS2_O_NT_004.SEN3;cde8157a-9851-41f8-a236-6b2d2790c6fe;S3B;OLCI;L2_THETIS_GRID_20250124_20250203.nc;1.200681761;0.104156703;0.086747968;LXP;24.01.2025;46.500283;6.660889;0.551807229;0
S3B_OL_1_EFR____20250124T100759_20250124T101059_20250125T111420_0179_102_236_2160_ESA_O_NT_004.SEN3;f0e9f24e-75ad-3f4b-873c-934eaf3f6166;S3B;OLCI;L2_THETIS_GRID_20250124_20250203.nc;1.200681761;0.104156703;0.086747968;LXP;24.01.2025;46.500283;6.660889;0.551807229;0
S3B_OL_1_EFR____20250125T094148_20250125T094448_20250126T103804_0179_102_250_2160_ESA_O_NT_004.SEN3;cfaed7e0-0182-3883-ad9c-aa65d8276cbd;S3B;OLCI;L2_THETIS_GRID_20250124_20250203.nc;1.327531678;0.093865398;0.07070671;LXP;25.01.2025;46.500283;6.660889;0.689608434;0
S3B_OL_1_EFR____20250125T094148_20250125T094448_20250125T201022_0179_102_250_2160_PS2_O_NT_004.SEN3;b7c308a3-197b-4213-a82c-84be6605a0ff;S3B;OLCI;L2_THETIS_GRID_20250124_20250203.nc;1.327531678;0.093865398;0.07070671;LXP;25.01.2025;46.500283;6.660889;0.689608434;0
S3A_OL_1_EFR____20250125T102040_20250125T102340_20250126T104633_0180_122_008_2160_PS1_O_NT_004.SEN3;2c070a63-25b5-4fc3-b44b-dd9c085db8f5;S3A;OLCI;L2_THETIS_GRID_20250124_20250203.nc;1.327531678;0.093865398;0.07070671;LXP;25.01.2025;46.500283;6.660889;0.689608434;0
S3A_OL_1_EFR____20250126T095429_20250126T095729_20250127T101837_0179_122_022_2160_PS1_O_NT_004.SEN3;3fc41b72-c16d-47b4-997b-202cd81ce0e6;S3A;OLCI;L2_THETIS_GRID_20250124_20250203.nc;1.289848061;0.144794387;0.112256933;LXP;26.01.2025;46.500283;6.660889;0.105120482;0
S3A_OL_1_EFR____20250127T092818_20250127T093118_20250128T094745_0179_122_036_2160_PS1_O_NT_004.SEN3;a4d6ceb1-d40d-41a7-b90d-03b892e34fb0;S3A;OLCI;L2_THETIS_GRID_20250124_20250203.nc;1.334977588;0.174365427;0.130613;LXP;27.01.2025;46.500283;6.660889;0.998493976;0
S3B_OL_1_EFR____20250128T100414_20250128T100714_20250129T102914_0179_102_293_2160_ESA_O_NT_004.SEN3;aa472f97-af6f-3811-9d7e-14c4bee1da1d;S3B;OLCI;L2_THETIS_GRID_20250124_20250203.nc;1.448236817;0.084983514;0.058680675;LXP;28.01.2025;46.500283;6.660889;0.582680723;0
S3B_OL_1_EFR____20250128T100414_20250128T100714_20250805T123630_0179_102_293_2160_ESA_O_NT_004.SEN3;f76c362f-5916-47a9-992c-2d8fbbec1ef3;S3B;OLCI;L2_THETIS_GRID_20250124_20250203.nc;1.448236817;0.084983514;0.058680675;LXP;28.01.2025;46.500283;6.660889;0.582680723;0
S3A_OL_1_EFR____20250129T101654_20250129T101954_20250130T105116_0180_122_065_2160_PS1_O_NT_004.SEN3;005a88a2-6335-4f26-a459-7a4335dbf880;S3A;OLCI;L2_THETIS_GRID_20250124_20250203.nc;1.21523287;0.109641671;0.090222766;LXP;29.01.2025;46.500283;6.660889;0.919277108;0
S3B_OL_1_EFR____20250129T093802_20250129T094102_20250130T093356_0179_102_307_2160_ESA_O_NT_004.SEN3;ead6f952-f347-3031-af25-09322424486d;S3B;OLCI;L2_THETIS_GRID_20250124_20250203.nc;1.21523287;0.109641671;0.090222766;LXP;29.01.2025;46.500283;6.660889;0.919277108;0
S3A_OL_1_EFR____20250130T095043_20250130T095343_20250131T101821_0179_122_079_2160_PS1_O_NT_004.SEN3;717087ee-f452-4f14-989c-7ecec57c1782;S3A;OLCI;L2_THETIS_GRID_20250124_20250203.nc;1.246747835;0.042593077;0.034163345;LXP;30.01.2025;46.500283;6.660889;1;0
S3A_OL_1_EFR____20250131T092432_20250131T092732_20250201T094946_0179_122_093_2160_PS1_O_NT_004.SEN3;bcc753da-5446-4c23-9bc9-6ee21a01df83;S3A;OLCI;L2_THETIS_GRID_20250124_20250203.nc;1.263246017;0.065443582;0.051805888;LXP;31.01.2025;46.500283;6.660889;1;0
S3B_OL_1_EFR____20250131T102640_20250131T102940_20250201T114353_0179_102_336_2160_ESA_O_NT_004.SEN3;ef35624c-1857-3dd4-8c20-87bf29174c60;S3B;OLCI;L2_THETIS_GRID_20250124_20250203.nc;1.263246017;0.065443582;0.051805888;LXP;31.01.2025;46.500283;6.660889;1;0
S3B_OL_1_EFR____20250201T100029_20250201T100329_20250202T105554_0179_102_350_2160_ESA_O_NT_004.SEN3;b6f33a24-9169-3124-b5e4-36d862289dc9;S3B;OLCI;L2_THETIS_GRID_20250124_20250203.nc;1.323534412;0.085287204;0.064438977;LXP;01.02.2025;46.500283;6.660889;1;0
S3A_OL_1_EFR____20250202T101310_20250202T101610_20250203T103806_0179_122_122_2160_PS1_O_NT_004.SEN3;8829367a-d355-4bff-8cc7-36aeea811235;S3A;OLCI;L2_THETIS_GRID_20250124_20250203.nc;1.303439459;0.081801646;0.062758301;LXP;02.02.2025;46.500283;6.660889;0.925301205;0
S3B_OL_1_EFR____20250202T093418_20250202T093718_20250203T101816_0179_102_364_2160_ESA_O_NT_004.SEN3;86547658-1e1d-379a-9036-c483f78f1768;S3B;OLCI;L2_THETIS_GRID_20250124_20250203.nc;1.303439459;0.081801646;0.062758301;LXP;02.02.2025;46.500283;6.660889;0.925301205;0
S3A_OL_1_EFR____20250203T094659_20250203T094959_20250204T102140_0180_122_136_2160_PS1_O_NT_004.SEN3;0ebbf24c-172b-4ad5-a75d-00f556c9ebd3;S3A;OLCI;L2_THETIS_GRID_20250203_20250213.nc;1.138271346;0.14768657;0.129746365;LXP;03.02.2025;46.500283;6.660889;0.869728916;0
S3A_OL_1_EFR____20250204T092048_20250204T092348_20250205T095028_0179_122_150_2160_PS1_O_NT_004.SEN3;e3733b30-be10-4801-ac4d-0f046b83b2a3;S3A;OLCI;L2_THETIS_GRID_20250203_20250213.nc;1.202681625;0.108411007;0.090141069;LXP;04.02.2025;46.500283;6.660889;0.892921687;0
S3B_OL_1_EFR____20250204T102256_20250204T102556_20250205T104150_0179_103_008_2160_ESA_O_NT_004.SEN3;523675cb-7137-3738-9b06-8ae1577b7307;S3B;OLCI;L2_THETIS_GRID_20250203_20250213.nc;1.202681625;0.108411007;0.090141069;LXP;04.02.2025;46.500283;6.660889;0.892921687;0
S3B_OL_1_EFR____20250205T095645_20250205T095945_20250206T095921_0179_103_022_2160_ESA_O_NT_004.SEN3;94bf388a-6020-3332-aafa-04b84f6699ed;S3B;OLCI;L2_THETIS_GRID_20250203_20250213.nc;1.119390323;0.158481657;0.141578548;LXP;05.02.2025;46.500283;6.660889;0.872289157;0
S3B_OL_1_EFR____20250206T093035_20250206T093335_20250207T110402_0180_103_036_2160_ESA_O_NT_004.SEN3;ce67d078-de49-3d66-84dc-7a79778145a0;S3B;OLCI;L2_THETIS_GRID_20250203_20250213.nc;1.300579671;0.058894371;0.04528317;LXP;06.02.2025;46.500283;6.660889;1;0
S3A_OL_1_EFR____20250206T100926_20250206T101226_20250207T110144_0180_122_179_2160_PS1_O_NT_004.SEN3;b10606d0-9430-4d69-be32-413b97cc6bf5;S3A;OLCI;L2_THETIS_GRID_20250203_20250213.nc;1.300579671;0.058894371;0.04528317;LXP;06.02.2025;46.500283;6.660889;1;0
S3A_OL_1_EFR____20250207T094315_20250207T094615_20250208T103129_0179_122_193_2160_PS1_O_NT_004.SEN3;1c225680-2295-43c9-a6b9-f32bd98d66ef;S3A;OLCI;L2_THETIS_GRID_20250203_20250213.nc;1.092709363;0.128375896;0.117484027;LXP;07.02.2025;46.500283;6.660889;1;0
S3B_OL_1_EFR____20250208T101913_20250208T102213_20250209T113627_0179_103_065_2160_ESA_O_NT_004.SEN3;a62975b2-3b0b-3af5-9ad2-53f30e309054;S3B;OLCI;L2_THETIS_GRID_20250203_20250213.nc;1.297322682;0.108384049;0.083544403;LXP;08.02.2025;46.500283;6.660889;1;0
S3B_OL_1_EFR____20250209T095303_20250209T095603_20250210T111741_0179_103_079_2160_ESA_O_NT_004.SEN3;17c69c53-4aa7-3ed9-8959-9a265dafa66c;S3B;OLCI;L2_THETIS_GRID_20250203_20250213.nc;1.163711796;0.160351237;0.137792912;LXP;09.02.2025;46.500283;6.660889;0.754066265;0
S3A_OL_1_EFR____20250210T100543_20250210T100843_20250211T110144_0179_122_236_2160_PS1_O_NT_004.SEN3;6001d114-18a2-4419-a485-258c70359973;S3A;OLCI;L2_THETIS_GRID_20250203_20250213.nc;1.647701951;0.03847899;0.023353125;LXP;10.02.2025;46.500283;6.660889;1;0
S3B_OL_1_EFR____20250210T092653_20250210T092953_20250211T100636_0179_103_093_2160_ESA_O_NT_004.SEN3;b6e0e182-ec07-3e99-97a2-3c77da8bec95;S3B;OLCI;L2_THETIS_GRID_20250203_20250213.nc;1.647701951;0.03847899;0.023353125;LXP;10.02.2025;46.500283;6.660889;1;0
S3A_OL_1_EFR____20250211T093932_20250211T094232_20250212T102629_0179_122_250_2160_PS1_O_NT_004.SEN3;0b74011c-6fd0-45b5-b214-4314630a5117;S3A;OLCI;L2_THETIS_GRID_20250203_20250213.nc;1.827837015;0.246243774;0.134718671;LXP;11.02.2025;46.500283;6.660889;1;0
S3B_OL_1_EFR____20250212T101531_20250212T101831_20250213T150302_0179_103_122_2160_ESA_O_NT_004.SEN3;8d3bd947-c070-33db-a6a2-6c5882fe1d14;S3B;OLCI;L2_THETIS_GRID_20250203_20250213.nc;2.399262621;0.109941115;0.045822877;LXP;12.02.2025;46.500283;6.660889;1;0
S3B_OL_1_EFR____20250213T094920_20250213T095220_20250214T114836_0179_103_136_2160_ESA_O_NT_004.SEN3;97c3e111-1d11-3430-bad4-b036de5661c3;S3B;OLCI;L2_THETIS_GRID_20250213_20250223.nc;2.635315501;0.310752578;0.117918548;LXP;13.02.2025;46.500283;6.660889;1;0
S3B_OL_1_EFR____20250214T092310_20250214T092610_20250215T101941_0179_103_150_2160_ESA_O_NT_004.SEN3;2ec72cc7-3841-3a08-a077-515e5a5ee1b4;S3B;OLCI;L2_THETIS_GRID_20250213_20250223.nc;1.28001906;0.256703817;0.200546871;LXP;14.02.2025;46.500283;6.660889;0.121385542;0
S3A_OL_1_EFR____20250214T100159_20250214T100459_20250215T104928_0179_122_293_2160_PS1_O_NT_004.SEN3;232425ab-067b-430c-a984-36789cf6480f;S3A;OLCI;L2_THETIS_GRID_20250213_20250223.nc;1.28001906;0.256703817;0.200546871;LXP;14.02.2025;46.500283;6.660889;0.121385542;0
S3A_OL_1_EFR____20250215T093548_20250215T093848_20250216T102406_0179_122_307_2160_PS1_O_NT_004.SEN3;9bf08346-3232-4d30-9f67-1cea7df2a113;S3A;OLCI;L2_THETIS_GRID_20250213_20250223.nc;1.221458468;0.09844931;0.080599802;LXP;15.02.2025;46.500283;6.660889;0.913554217;0
S3B_OL_1_EFR____20250216T101147_20250216T101447_20250217T110839_0180_103_179_2160_ESA_O_NT_004.SEN3;dac15e74-5785-35df-a2d2-29e56cc184a2;S3B;OLCI;L2_THETIS_GRID_20250213_20250223.nc;1.438393277;0.250788757;0.174353399;LXP;16.02.2025;46.500283;6.660889;0.291566265;0
S3B_OL_1_EFR____20250217T094537_20250217T094837_20250220T100026_0179_103_193_2160_ESA_O_NT_004.SEN3;bf254bd3-375d-3fd2-946f-e5fc1a0e79b9;S3B;OLCI;L2_THETIS_GRID_20250213_20250223.nc;1.54662182;0.140789992;0.091030652;LXP;17.02.2025;46.500283;6.660889;1;0
S3A_OL_1_EFR____20250217T102425_20250217T102725_20250218T111246_0179_122_336_2160_PS1_O_NT_004.SEN3;0f35f29d-f83e-4f43-b918-d0e1898d7b56;S3A;OLCI;L2_THETIS_GRID_20250213_20250223.nc;1.54662182;0.140789992;0.091030652;LXP;17.02.2025;46.500283;6.660889;1;0
S3B_OL_1_EFR____20250217T094537_20250217T094837_20250218T095756_0179_103_193_2160_ESA_O_NT_004.SEN3;7ef7bd98-4204-3c7a-8131-1db38e26bb3d;S3B;OLCI;L2_THETIS_GRID_20250213_20250223.nc;1.54662182;0.140789992;0.091030652;LXP;17.02.2025;46.500283;6.660889;1;0
S3A_OL_1_EFR____20250218T095814_20250218T100114_20250219T105023_0179_122_350_2160_PS1_O_NT_004.SEN3;e4d7aeff-1fdb-498b-89c8-161581409a12;S3A;OLCI;L2_THETIS_GRID_20250213_20250223.nc;1.453368002;0.284203406;0.195548138;LXP;18.02.2025;46.500283;6.660889;0.996536145;0
S3B_OL_1_EFR____20250218T091926_20250218T092226_20250221T111232_0179_103_207_2160_ESA_O_NT_004.SEN3;bfd45da7-1762-397b-ab23-50b25f971855;S3B;OLCI;L2_THETIS_GRID_20250213_20250223.nc;1.453368002;0.284203406;0.195548138;LXP;18.02.2025;46.500283;6.660889;0.996536145;0
S3A_OL_1_EFR____20250219T093203_20250219T093503_20250220T102330_0180_122_364_2160_PS1_O_NT_004.SEN3;545e93e2-d55f-413f-b109-fd6ce0cf4417;S3A;OLCI;L2_THETIS_GRID_20250213_20250223.nc;1.424624126;0.177356198;0.124493328;LXP;19.02.2025;46.500283;6.660889;1;0
