date;satellite;C_phy;C_1;C_2;C_3;C_4;C_5;C_x;C_y;bb_wc;bb_nap;bb_phy;a_wc;a_nap;a_phy;a_cdom;rrs_fitted;rrs_input
2018-10-22;S3A;1.5836606310565533;4.91893196674642e-06;1.5836557113389558;3.2298913543726826e-10;2.3132079585153065e-10;2.3132079585153065e-10;0.3636635311626074;0.13778856859299168;"[0.00541297 0.00535327 0.00514489 0.0048765  0.00478123 0.00457827
 0.00438558 0.00426803 0.00423009 0.00417069]";"[0.00312751 0.00312751 0.00312751 0.00312751 0.00312751 0.00312751
 0.00312751 0.00312751 0.00312751 0.00312751]";"[0.00228546 0.00222576 0.00201739 0.001749   0.00165373 0.00145076
 0.00125808 0.00114052 0.00110258 0.00104319]";"[0.2944909  0.2740812  0.20344209 0.11564448 0.09239752 0.07178271
 0.02458645 0.02719761 0.03001466 0.0046695 ]";"[0.02197279 0.02018545 0.0145118  0.0086061  0.00690656 0.00398474
 0.00205952 0.00125542 0.00104961 0.00077586]";"[0.04680337 0.05126309 0.05579114 0.0385674  0.03374171 0.04210005
 0.01143287 0.02003359 0.02426081 0.0006912 ]";"[0.22571475 0.20263266 0.13313915 0.06847098 0.05174925 0.02569792
 0.01109406 0.00590861 0.00470423 0.00320243]";"[0.00131898 0.00137614 0.00164434 0.00236611 0.00236203 0.00196236
 0.00075057 0.00046193 0.00041073 0.00024765]";"[0.00138537 0.00136308 0.00153488 0.00240181 0.0024227  0.00184848
 0.00063259 0.00045351 0.00048229 0.00021492]"
2018-10-23;S3A;2.56421102364631;2.315597713575812e-10;2.5642110082781584;2.3132079585153065e-10;1.0760902169337783e-08;4.144369014635885e-09;0.793368802043739;0.10316565575376899;"[0.01052352 0.01042685 0.01008946 0.00965489 0.00950063 0.00917199
 0.00886001 0.00866967 0.00860823 0.00851207]";"[0.00682297 0.00682297 0.00682297 0.00682297 0.00682297 0.00682297
 0.00682297 0.00682297 0.00682297 0.00682297]";"[0.00370055 0.00360388 0.00326649 0.00283192 0.00267766 0.00234902
 0.00203704 0.00184669 0.00178526 0.00168909]";"[0.29271653 0.27875621 0.22167875 0.13248809 0.10844682 0.09610091
 0.03131119 0.03960049 0.04509435 0.00520953]";"[0.04793586 0.04403661 0.03165896 0.01877508 0.01506736 0.00869311
 0.00449305 0.00273883 0.00228984 0.00169263]";"[0.07578255 0.08300359 0.09033527 0.06244712 0.05463353 0.06816714
 0.01851175 0.03243774 0.03928234 0.00111917]";"[0.16899813 0.15171601 0.09968452 0.05126589 0.03874592 0.01924066
 0.00830639 0.00442392 0.00352217 0.00239774]";"[0.00226149 0.0023305  0.00270744 0.00396828 0.00403447 0.00328677
 0.00148009 0.00090959 0.00080828 0.00050114]";"[0.00226152 0.00227659 0.00268273 0.00404876 0.00403064 0.00323664
 0.00137494 0.00101533 0.00103046 0.00050153]"
2018-10-23;S3B;2.5642018466570384;2.3132329385333605e-10;2.564201841925372;2.3132079585153065e-10;3.3905278584711596e-09;8.784947769235885e-10;0.7931760118156711;0.10318201924438014;"[0.01052185 0.01042518 0.01008779 0.00965322 0.00949896 0.00917033
 0.00885834 0.008668   0.00860657 0.0085104 ]";"[0.00682131 0.00682131 0.00682131 0.00682131 0.00682131 0.00682131
 0.00682131 0.00682131 0.00682131 0.00682131]";"[0.00370054 0.00360386 0.00326647 0.00283191 0.00267765 0.00234901
 0.00203703 0.00184669 0.00178525 0.00168909]";"[0.29273142 0.27876927 0.22168654 0.13249144 0.1084491  0.09610161
 0.03131135 0.03960041 0.04509421 0.0052095 ]";"[0.04792421 0.04402591 0.03165127 0.01877052 0.0150637  0.008691
 0.00449195 0.00273816 0.00228928 0.00169221]";"[0.07578228 0.08300329 0.09033494 0.0624469  0.05463334 0.0681669
 0.01851169 0.03243763 0.0392822  0.00111917]";"[0.16902493 0.15174007 0.09970033 0.05127402 0.03875207 0.01924371
 0.00830771 0.00442462 0.00352273 0.00239812]";"[0.0022615  0.0023305  0.00270745 0.00396827 0.00403447 0.00328677
 0.00148009 0.00090959 0.00080828 0.00050114]";"[0.00226152 0.00227659 0.00268273 0.00404876 0.00403064 0.00323664
 0.00137494 0.00101533 0.00103046 0.00050153]"
2019-02-25;S3B;3.104504001261943;2.1417756585551477;0.24210794546713987;2.6174062917050378e-11;2.3132246118606759e-10;0.7206203969821587;0.1793500906236889;0.16338905761059597;"[0.00602268 0.00590564 0.00549716 0.00497103 0.00478427 0.00438638
 0.00400866 0.00377821 0.00370384 0.00358741]";"[0.00154241 0.00154241 0.00154241 0.00154241 0.00154241 0.00154241
 0.00154241 0.00154241 0.00154241 0.00154241]";"[0.00448027 0.00436323 0.00395475 0.00342862 0.00324186 0.00284397
 0.00246625 0.0022358  0.00216142 0.002045  ]";"[0.34555086 0.32408369 0.24817459 0.14278419 0.10598498 0.06436624
 0.0296107  0.04324855 0.04920005 0.00976227]";"[0.01083645 0.00995498 0.00715687 0.00424432 0.00340615 0.00196518
 0.0010157  0.00061914 0.00051764 0.00038264]";"[0.06706289 0.07384782 0.08314192 0.05734729 0.0412148  0.03192859
 0.01543971 0.03562301 0.04310415 0.00558221]";"[0.26765152 0.24028089 0.15787579 0.08119257 0.06136403 0.03047247
 0.01315529 0.0070064  0.00557826 0.00379743]";"[0.00120367 0.0012392  0.00140689 0.00195511 0.00210843 0.00200625
 0.00067752 0.00039695 0.00034804 0.0002131 ]";"[0.00126888 0.00125309 0.0013467  0.00199392 0.00210968 0.00198786
 0.00059972 0.00036982 0.00054347 0.00022305]"
2019-02-26;S3B;3.5816663426438793;0.8165178864914929;1.3111420131509193;0.4806894119438948;0.37761115436198894;0.5957058766955834;0.4240070064323881;0.12401488429320279;"[0.00881535 0.00868032 0.00820906 0.00760206 0.00738659 0.00692755
 0.00649177 0.00622591 0.0061401  0.00600577]";"[0.00364646 0.00364646 0.00364646 0.00364646 0.00364646 0.00364646
 0.00364646 0.00364646 0.00364646 0.00364646]";"[0.00516889 0.00503386 0.0045626  0.0039556  0.00374013 0.00328109
 0.00284531 0.00257945 0.00249364 0.00235931]";"[0.33562305 0.31998498 0.25853055 0.15880169 0.12330413 0.08768948
 0.04077347 0.05807638 0.0662673  0.0151952 ]";"[0.02561878 0.02353487 0.01691978 0.01003413 0.00805258 0.00464593
 0.00240126 0.00146374 0.00122378 0.0009046 ]";"[0.10685252 0.11407311 0.12178054 0.08714111 0.06867528 0.05991446
 0.02838714 0.05129467 0.06080953 0.01140829]";"[0.20315175 0.182377   0.11983023 0.06162645 0.04657627 0.02312909
 0.00998507 0.00531797 0.00423398 0.00288231]";"[0.00167723 0.00171187 0.00189856 0.00260741 0.00279801 0.00261539
 0.00104462 0.00062586 0.00055168 0.00034949]";"[0.00174839 0.00173619 0.00186786 0.00264987 0.002784   0.00264107
 0.00096953 0.00062842 0.00084897 0.0003794 ]"
2019-02-27;S3A;4.399850678865817;1.661822319123444;1.2653752555327946;0.6372130894694161;0.05884901657519426;0.7765909981649677;0.4313619595980489;0.13173747804245398;"[0.01005937 0.00989349 0.00931458 0.00856891 0.00830423 0.00774033
 0.007205   0.0068784  0.00677299 0.00660798]";"[0.00370971 0.00370971 0.00370971 0.00370971 0.00370971 0.00370971
 0.00370971 0.00370971 0.00370971 0.00370971]";"[0.00634966 0.00618378 0.00560486 0.0048592  0.00459451 0.00403061
 0.00349529 0.00316869 0.00306327 0.00289826]";"[0.35534923 0.34088977 0.28026819 0.17054851 0.13086522 0.09288513
 0.04253375 0.06570491 0.07508294 0.01442919]";"[0.02606317 0.02394311 0.01721327 0.01020819 0.00819226 0.00472652
 0.00244291 0.00148913 0.00124501 0.0009203 ]";"[0.11348375 0.12321276 0.13576268 0.09487631 0.07319631 0.06358923
 0.02948398 0.05856666 0.06934029 0.0104471 ]";"[0.21580231 0.19373389 0.12729224 0.06546402 0.04947664 0.02456937
 0.01060686 0.00564913 0.00449764 0.00306179]";"[0.00176062 0.00178597 0.00194918 0.00271861 0.00297562 0.00281579
 0.0011514  0.00067914 0.00059722 0.00038396]";"[0.00183677 0.00181031 0.00192024 0.00277095 0.00294059 0.00284098
 0.00106795 0.00066743 0.00092992 0.0004085 ]"
2019-05-30;S3A;6.0358751565117075;2.299432749559655;1.2657370062339681;0.37112732614497906;0.29309411142947384;1.8064839631436314;1.4579160399382625;0.056387388055136184;"[0.02124877 0.02102121 0.02022703 0.01920411 0.018841   0.01806742
 0.01733304 0.016885   0.01674039 0.01651402]";"[0.01253808 0.01253808 0.01253808 0.01253808 0.01253808 0.01253808
 0.01253808 0.01253808 0.01253808 0.01253808]";"[0.00871069 0.00848313 0.00768896 0.00666603 0.00630292 0.00552934
 0.00479496 0.00434692 0.00420231 0.00397595]";"[0.33881198 0.33528143 0.3005407  0.19522651 0.14564656 0.10395896
 0.05411296 0.08840556 0.10386042 0.02133495]";"[0.08808823 0.08092287 0.05817737 0.0345016  0.02768819 0.01597469
 0.00825654 0.00503295 0.00420786 0.00311042]";"[0.15835422 0.17143494 0.18787863 0.13270444 0.09678097 0.07746787
 0.04131638 0.08095462 0.09772743 0.016914  ]";"[0.09236953 0.08292362 0.0544847  0.02802046 0.02117741 0.01051639
 0.00454004 0.00241799 0.00192512 0.00131053]";"[0.00364514 0.00362059 0.00377426 0.00530737 0.00622266 0.0063119
 0.00272504 0.0016033  0.00140652 0.00094621]";"[0.00367541 0.00361514 0.00376325 0.00540613 0.00610478 0.00637784
 0.00261941 0.00156621 0.00186839 0.00094113]"
2019-05-30;S3B;2.622802923693963;0.6111781925761589;2.9026281378463636e-09;0.25599715332111417;2.3026247575330672e-10;1.7556275746637995;0.96965445934526;0.06333321725180341;"[0.01212413 0.01202525 0.01168015 0.01123566 0.01107787 0.01074172
 0.01042261 0.01022792 0.01016508 0.01006672]";"[0.00833903 0.00833903 0.00833903 0.00833903 0.00833903 0.00833903
 0.00833903 0.00833903 0.00833903 0.00833903]";"[0.00378511 0.00368622 0.00334113 0.00289663 0.00273884 0.0024027
 0.00208358 0.00188889 0.00182605 0.00172769]";"[0.23023953 0.22099714 0.18313033 0.11341535 0.07805487 0.04184254
 0.030864   0.0455668  0.05354382 0.01401861]";"[0.05858715 0.05382149 0.03869355 0.02294689 0.01841531 0.01062471
 0.00549139 0.00334739 0.00279863 0.00206873]";"[0.06790472 0.07403745 0.08324063 0.05899643 0.0358535  0.01940603
 0.02027333 0.03950357 0.04858293 0.01047792]";"[0.10374766 0.09313819 0.06119615 0.03147204 0.02378606 0.01181181
 0.00509928 0.00271584 0.00216226 0.00147197]";"[0.00326849 0.00335179 0.00375184 0.00530821 0.00610702 0.00613678
 0.00171794 0.00104091 0.00092203 0.00057465]";"[0.00330707 0.00332791 0.00371595 0.0054142  0.00590401 0.00623308
 0.00147697 0.00080658 0.00088132 0.00039491]"
2019-05-31;S3A;3.8841348392360784;0.9165767113699277;2.047204072930242e-10;1.5532632352266034;1.1661870502610583e-06;1.4142937262477768;1.7363172689339368;0.04288487504749916;"[0.02053773 0.02039129 0.01988023 0.01922197 0.01898831 0.0184905
 0.01801793 0.01772961 0.01763655 0.01749088]";"[0.01493233 0.01493233 0.01493233 0.01493233 0.01493233 0.01493233
 0.01493233 0.01493233 0.01493233 0.01493233]";"[0.0056054  0.00545897 0.00494791 0.00428964 0.00405598 0.00355818
 0.0030856  0.00279728 0.00270422 0.00255855]";"[0.28078797 0.27278541 0.23621123 0.15142614 0.11169794 0.06317359
 0.04574783 0.07038816 0.07907077 0.02191453]";"[0.10490941 0.09637577 0.06928683 0.04108997 0.03297548 0.01902519
 0.0098332  0.00599403 0.00501139 0.00370438]";"[0.10562782 0.1133429  0.1254866  0.08902548 0.06261619 0.03615026
 0.03246175 0.06255515 0.07259525 0.01721344]";"[0.07025074 0.06306674 0.0414378  0.02131069 0.01610627 0.00799814
 0.00345288 0.00183898 0.00146413 0.00099671]";"[0.0043525  0.00443086 0.00485007 0.0069517  0.00800526 0.00895002
 0.0029311  0.00175896 0.00156254 0.00100607]";"[0.00428959 0.00434715 0.00492796 0.0069969  0.00774486 0.00902967
 0.00278574 0.00159451 0.00151483 0.00079499]"
2019-06-01;S3B;2.5532737481964096;0.7283460114762998;4.183478563568599e-10;0.7820408784331423;0.3471039740308235;0.6957828838377961;1.068454440659753;0.03225827512346141;"[0.01287347 0.01277721 0.01244126 0.01200855 0.01185495 0.01152771
 0.01121706 0.01102753 0.01096635 0.0108706 ]";"[0.00918871 0.00918871 0.00918871 0.00918871 0.00918871 0.00918871
 0.00918871 0.00918871 0.00918871 0.00918871]";"[0.00368476 0.0035885  0.00325255 0.00281984 0.00266624 0.002339
 0.00202835 0.00183882 0.00177765 0.00168189]";"[0.19451816 0.18793611 0.1600616  0.10410202 0.07869054 0.04551743
 0.03096742 0.04588275 0.05163582 0.01578075]";"[0.06455671 0.05930547 0.04263611 0.02528499 0.02029168 0.01170728
 0.00605092 0.00368847 0.00308379 0.00227951]";"[0.0771184  0.08119144 0.08625571 0.062787   0.04628362 0.02779389
 0.02231922 0.040811   0.04745069 0.0127515 ]";"[0.05284305 0.0474392  0.03116978 0.01603004 0.01211524 0.00601625
 0.00259728 0.00138329 0.00110133 0.00074973]";"[0.0041485  0.00423229 0.00460798 0.00617299 0.00649281 0.00634177
 0.00184908 0.00112085 0.00099781 0.00061796]";"[0.00405755 0.00414868 0.00470502 0.00612868 0.00637182 0.00638565
 0.00175484 0.00102383 0.00096818 0.00043825]"
2019-06-02;S3B;4.7659880672022;1.23807930757807;1.4291709914726511;0.5508876131657053;0.1171374721895449;1.4307126827962287;1.4699624251794612;0.07532343198961475;"[0.01951973 0.01934004 0.01871295 0.01790524 0.01761853 0.0170077
 0.01642783 0.01607405 0.01595986 0.01578112]";"[0.01264168 0.01264168 0.01264168 0.01264168 0.01264168 0.01264168
 0.01264168 0.01264168 0.01264168 0.01264168]";"[0.00687805 0.00669837 0.00607128 0.00526356 0.00497685 0.00436602
 0.00378615 0.00343237 0.00331819 0.00313945]";"[0.34109569 0.33212989 0.28512585 0.18042747 0.13625227 0.09783485
 0.04925934 0.07489956 0.0868103  0.01820697]";"[0.08881608 0.08159151 0.05865808 0.03478668 0.02791697 0.01610669
 0.00832476 0.00507453 0.00424263 0.00313612]";"[0.12889049 0.1397673  0.15368599 0.10821048 0.08004608 0.06768015
 0.0348699  0.06659503 0.07999605 0.01332021]";"[0.12338911 0.11077107 0.07278178 0.03743031 0.02828922 0.01404801
 0.00606467 0.00323    0.00257161 0.00175064]";"[0.00332794 0.00336852 0.00369534 0.00535631 0.00616146 0.00617061
 0.00261564 0.00156686 0.00138237 0.00090687]";"[0.00340624 0.00338091 0.00366339 0.00544719 0.00610102 0.0062382
 0.00249053 0.00152391 0.00195722 0.00092475]"
2019-06-03;S3A;4.814829936899963;3.6162514069529723;2.6588481416567333e-10;1.0576706177545248e-10;2.2285506773300767e-11;1.198578529553054;0.8639051956414318;0.05178693757827077;"[0.01437812 0.0141966  0.01356308 0.01274709 0.01245744 0.01184035
 0.01125454 0.01089713 0.01078178 0.0106012 ]";"[0.00742958 0.00742958 0.00742958 0.00742958 0.00742958 0.00742958
 0.00742958 0.00742958 0.00742958 0.00742958]";"[0.00694854 0.00676701 0.0061335  0.0053175  0.00502785 0.00441077
 0.00382495 0.00346755 0.00335219 0.00317162]";"[0.23768225 0.23501874 0.20987461 0.13260935 0.09649957 0.06206089
 0.03202103 0.05988456 0.07040425 0.01220776]";"[0.05219771 0.04795179 0.03447368 0.02044433 0.01640696 0.00946599
 0.00489251 0.00298233 0.00249342 0.00184311]";"[0.10065112 0.11090878 0.12536145 0.08643064 0.06064299 0.0429365
 0.02295889 0.05468152 0.06614277 0.00916104]";"[0.08483342 0.07615817 0.05003948 0.02573437 0.01944962 0.0096584
 0.00416963 0.00222071 0.00176805 0.00120361]";"[0.00369014 0.00365233 0.0037345  0.00514418 0.00577566 0.00554583
 0.0018499  0.00107407 0.00094488 0.00060553]";"[0.00362786 0.00358783 0.00373012 0.00519988 0.00561563 0.00555674
 0.0017262  0.00089462 0.00095704 0.00039669]"
2019-06-12;S3A;2.602474147525463;7.1938796586401565e-09;0.4590469747484596;1.2884211815365896;0.31085159124666834;0.5441543927998658;2.0820006757872287;0.08102790522661732;"[0.02166097 0.02156286 0.02122043 0.02077938 0.02062282 0.02028928
 0.01997264 0.01977946 0.01971711 0.0196195 ]";"[0.01790521 0.01790521 0.01790521 0.01790521 0.01790521 0.01790521
 0.01790521 0.01790521 0.01790521 0.01790521]";"[0.00375577 0.00365765 0.00331523 0.00287418 0.00271762 0.00238407
 0.00206743 0.00187425 0.0018119  0.0017143 ]";"[0.34554643 0.32603184 0.25802655 0.15987636 0.12446789 0.0751902
 0.04508164 0.05699399 0.06167975 0.02059208]";"[0.12579583 0.11556322 0.08308114 0.04927058 0.03954056 0.02281292
 0.01179089 0.00718738 0.00600911 0.00444188]";"[0.08701686 0.09130852 0.09665165 0.07034076 0.05449568 0.03726537
 0.02676678 0.046332   0.05290427 0.01426698]";"[0.13273375 0.1191601  0.07829377 0.04026502 0.03043165 0.01511191
 0.00652397 0.00347461 0.00276637 0.00188322]";"[0.00364393 0.00384328 0.00471027 0.00714905 0.00795163 0.0089355
 0.00329202 0.00204055 0.00182568 0.00113833]";"[0.00368715 0.0038079  0.00471864 0.00718    0.00786239 0.00899782
 0.00322007 0.00205615 0.00200757 0.00121236]"
2019-06-13;S3B;1.9632864068570877;2.3033325247112657e-10;5.530909064077605e-11;2.3122254111385132e-10;2.3242824331859424e-10;1.9632864061077946;1.132708353052338;0.0824296461958938;"[0.01257461 0.0125006  0.01224227 0.01190955 0.01179144 0.01153982
 0.01130095 0.01115521 0.01110818 0.01103455]";"[0.00974129 0.00974129 0.00974129 0.00974129 0.00974129 0.00974129
 0.00974129 0.00974129 0.00974129 0.00974129]";"[0.00283332 0.0027593  0.00250098 0.00216826 0.00205015 0.00179853
 0.00155966 0.00141392 0.00136688 0.00129325]";"[0.25747891 0.24319932 0.19163929 0.1155253  0.07800314 0.03922731
 0.03025083 0.03931007 0.04649845 0.01361167]";"[0.06843897 0.06287194 0.04520013 0.02680556 0.02151197 0.01241132
 0.00641481 0.00391028 0.00326924 0.0024166 ]";"[0.05400997 0.05910587 0.06679095 0.04775816 0.02553307 0.01144265
 0.01719919 0.03186507 0.04041498 0.00927927]";"[0.13502997 0.12122151 0.07964821 0.04096159 0.0309581  0.01537334
 0.00663683 0.00353472 0.00281423 0.0019158 ]";"[0.0029788  0.00311664 0.00372658 0.00551831 0.00650333 0.00680404
 0.0018689  0.0011516  0.00102216 0.00062941]";"[0.00289242 0.00299071 0.00366214 0.00564234 0.00630693 0.00700985
 0.00153506 0.00079325 0.00076036 0.00031476]"
2020-02-22;S3B;1.4563956314751652;0.35855113200693484;1.0253213060698432;1.7932580420598754e-09;2.3071833610277537e-08;0.07252316853329555;0.6308985546645224;0.07988264116212299;"[0.00752753 0.00747262 0.00728099 0.00703417 0.00694656 0.0067599
 0.0065827  0.0064746  0.0064397  0.00638508]";"[0.00542573 0.00542573 0.00542573 0.00542573 0.00542573 0.00542573
 0.00542573 0.00542573 0.00542573 0.00542573]";"[0.0021018  0.00204689 0.00185527 0.00160845 0.00152083 0.00133417
 0.00115698 0.00104887 0.00101398 0.00095936]";"[0.20798466 0.19528635 0.14933806 0.08703907 0.06923938 0.05305562
 0.0192774  0.02324391 0.02586018 0.00433952]";"[0.0381193  0.03501856 0.02517567 0.01493022 0.01198179 0.00691289
 0.00357294 0.00217796 0.00182091 0.001346  ]";"[0.0390077  0.04279192 0.04697523 0.03241294 0.02725608 0.03124441
 0.00927271 0.01764045 0.021312   0.00113692]";"[0.13085766 0.11747587 0.07718715 0.03969591 0.03000152 0.01489832
 0.00643176 0.0034255  0.00272727 0.0018566 ]";"[0.00246527 0.0025745  0.00306845 0.00439764 0.00425511 0.0034208
 0.00113986 0.00070193 0.00062644 0.00037587]";"[0.00245032 0.00254242 0.00308957 0.00440059 0.00429439 0.00343989
 0.00111396 0.00070675 0.00083476 0.00036802]"
2020-02-23;S3B;2.2019363229477187;1.0429789915061514;0.733821424592338;1.9402063289319926e-10;0.09132616072732469;0.3338097459278841;0.5955726787559396;0.07277844805336289;"[0.00829966 0.00821664 0.00792692 0.00755375 0.00742128 0.00713907
 0.00687117 0.00670772 0.00665496 0.00657238]";"[0.00512193 0.00512193 0.00512193 0.00512193 0.00512193 0.00512193
 0.00512193 0.00512193 0.00512193 0.00512193]";"[0.00317773 0.00309472 0.00280499 0.00243182 0.00229936 0.00201715
 0.00174924 0.00158579 0.00153304 0.00145046]";"[0.21069658 0.20049388 0.16026745 0.09648854 0.07467881 0.05377233
 0.02241572 0.03187458 0.03642845 0.00689558]";"[0.03598489 0.03305777 0.02376601 0.01409424 0.01131089 0.00652582
 0.00337288 0.00205601 0.00171895 0.00127063]";"[0.05549158 0.06040771 0.06617876 0.04622867 0.03603452 0.03367315
 0.01318308 0.02669771 0.03222477 0.00393345]";"[0.11922011 0.1070284  0.07032267 0.03616564 0.0273334  0.01357337
 0.00585976 0.00312086 0.00248472 0.00169149]";"[0.00263917 0.00271394 0.0030751  0.00427041 0.00428927 0.00359906
 0.00117867 0.00071414 0.00063434 0.00038616]";"[0.00261442 0.00268493 0.00311642 0.00428737 0.00425081 0.00361528
 0.00114122 0.00071845 0.00084618 0.00036715]"
2020-02-24;S3A;2.426729616249231;0.821527405075053;1.0364677344576836;5.624309351581758e-10;0.20406761856943623;0.36466685758462736;0.47835783439251545;0.0812576287272152;"[0.00761602 0.00752453 0.00720523 0.00679396 0.00664797 0.00633695
 0.0060417  0.00586156 0.00580342 0.00571241]";"[0.00411388 0.00411388 0.00411388 0.00411388 0.00411388 0.00411388
 0.00411388 0.00411388 0.00411388 0.00411388]";"[0.00350214 0.00341065 0.00309135 0.00268008 0.0025341  0.00222308
 0.00192782 0.00174768 0.00168954 0.00159853]";"[0.22945125 0.21880264 0.17596258 0.10713265 0.08350988 0.06237817
 0.02581539 0.03627284 0.04176708 0.0081744 ]";"[0.02890269 0.02655166 0.01908862 0.01132035 0.00908479 0.00524147
 0.00270906 0.00165136 0.00138065 0.00102056]";"[0.0674385  0.07275305 0.07835822 0.05543313 0.04390716 0.04198195
 0.01656387 0.03113701 0.03761223 0.00526528]";"[0.13311006 0.11949794 0.07851574 0.04037918 0.03051793 0.01515475
 0.00654247 0.00348446 0.00277421 0.00188856]";"[0.00223786 0.00228805 0.00254936 0.00347018 0.00351049 0.00293446
 0.00102228 0.00061736 0.0005467  0.00033515]";"[0.002246   0.00227753 0.00255831 0.00349404 0.00348021 0.00295578
 0.00099109 0.00062986 0.00080373 0.00035474]"
2020-02-28;S3A;0.0487133435556264;2.280001187848768e-10;0.04871334287511159;7.919498390407398e-12;2.1374901848503214e-10;2.308461755085034e-10;0.4603564627862028;0.08327447203821642;"[0.00402937 0.00402753 0.00402112 0.00401286 0.00400993 0.00400369
 0.00399776 0.00399415 0.00399298 0.00399115]";"[0.00395907 0.00395907 0.00395907 0.00395907 0.00395907 0.00395907
 0.00395907 0.00395907 0.00395907 0.00395907]";"[7.03007972e-05 6.84642666e-05 6.20547518e-05 5.37990807e-05
 5.08685637e-05 4.46252967e-05 3.86983968e-05 3.50823994e-05
 3.39153168e-05 3.20884009e-05]";"[0.16566861 0.14959325 0.10055094 0.05346208 0.0410562  0.02187012
 0.00966364 0.0057764  0.00491802 0.00293885]";"[0.02781504 0.02555248 0.01837028 0.01089434 0.00874291 0.00504422
 0.00260711 0.00158922 0.00132869 0.00098216]";"[1.43967146e-03 1.57685246e-03 1.71613523e-03 1.18633298e-03
 1.03789510e-03 1.29499853e-03 3.51675202e-04 6.16232803e-04
 7.46262318e-04 2.12613197e-05]";"[0.1364139  0.12246392 0.08046453 0.0413814  0.03127539 0.0155309
 0.00670485 0.00357095 0.00284307 0.00193543]";"[0.00198673 0.00215078 0.00284791 0.00411048 0.00364893 0.00289639
 0.00072479 0.00045535 0.0004095  0.00023784]";"[0.00197058 0.00209018 0.00280018 0.00411637 0.00379106 0.00281269
 0.00068649 0.00042593 0.00044048 0.00020337]"
2020-02-28;S3B;1.1511225306293227e-09;2.3153645667406408e-10;2.402628096476178e-10;2.2019386314298117e-10;2.2788437803455963e-10;2.3124502313009998e-10;0.4592946443173712;0.07839086925038705;"[0.00394993 0.00394993 0.00394993 0.00394993 0.00394993 0.00394993
 0.00394993 0.00394993 0.00394993 0.00394993]";"[0.00394993 0.00394993 0.00394993 0.00394993 0.00394993 0.00394993
 0.00394993 0.00394993 0.00394993 0.00394993]";"[1.66124568e-12 1.61784747e-12 1.46638719e-12 1.27130124e-12
 1.20205154e-12 1.05451978e-12 9.14463948e-13 8.29015983e-13
 8.01437194e-13 7.58266187e-13]";"[0.15616484 0.1407756  0.09407362 0.04982382 0.03816401 0.01965268
 0.00891275 0.00494709 0.00400196 0.00280182]";"[0.02775088 0.02549354 0.01832791 0.01086921 0.00872275 0.00503259
 0.0026011  0.00158555 0.00132562 0.00097989]";"[3.75525490e-11 3.94088142e-11 4.10915880e-11 3.01081602e-11
 2.33063859e-11 1.73197381e-11 1.03688350e-11 1.79789434e-11
 2.11374256e-11 5.35163051e-12]";"[0.12841396 0.11528206 0.07574571 0.03895461 0.02944126 0.0146201
 0.00631165 0.00336153 0.00267634 0.00182193]";"[0.00209632 0.00227403 0.00302318 0.00432878 0.00378171 0.00295701
 0.00072115 0.00045304 0.00040752 0.00023637]";"[1.86600555e-03 2.02075564e-03 2.89543111e-03 4.44196315e-03
 4.04142732e-03 2.89863537e-03 5.00448638e-04 2.66758073e-04
 2.68013422e-04 8.75245525e-05]"
2020-03-15;S3A;8.399531096989763;3.3611081418083444e-08;3.4940034572263325;6.403144681144113e-09;1.989920184172755;2.9156074155764498;0.8301367052283198;0.12051178206314778;"[0.01926098 0.01894431 0.01783914 0.01641563 0.01591033 0.01483381
 0.01381185 0.01318835 0.01298712 0.01267211]";"[0.00713918 0.00713918 0.00713918 0.00713918 0.00713918 0.00713918
 0.00713918 0.00713918 0.00713918 0.00713918]";"[0.01212181 0.01180514 0.01069996 0.00927645 0.00877115 0.00769464
 0.00667268 0.00604918 0.00584794 0.00553293]";"[0.54220411 0.53364369 0.4715326  0.3165738  0.24014497 0.18177951
 0.09497348 0.13957234 0.16692377 0.04225763]";"[0.0501574  0.04607744 0.03312617 0.0196452  0.01576564 0.00909598
 0.00470127 0.00286576 0.00239596 0.00177107]";"[0.29463348 0.31034093 0.3219611  0.23704295 0.17911872 0.15020778
 0.08056919 0.13153883 0.16041343 0.03768567]";"[0.19741323 0.17722532 0.11644533 0.05988566 0.04526061 0.02247575
 0.00970302 0.00516775 0.00411439 0.00280089]";"[0.00200502 0.00198909 0.00206068 0.00273219 0.00325442 0.00334368
 0.00190775 0.00113523 0.00098048 0.00071193]";"[0.00211115 0.00202539 0.00199911 0.00285877 0.0031727  0.00336363
 0.00178943 0.00107597 0.00152403 0.00083551]"
2020-03-17;S3B;8.604678635795459;0.8346877482352808;2.3130165117481245;4.053010105031785e-06;1.211872095857684;4.245098226944264;0.8937141682981986;0.0726348988740593;"[0.02010381 0.0197794  0.01864723 0.01718896 0.01667132 0.01556851
 0.01452159 0.01388286 0.01367671 0.01335401]";"[0.00768594 0.00768594 0.00768594 0.00768594 0.00768594 0.00768594
 0.00768594 0.00768594 0.00768594 0.00768594]";"[0.01241787 0.01209346 0.01096129 0.00950302 0.00898537 0.00788257
 0.00683565 0.00619692 0.00599077 0.00566806]";"[0.44144564 0.4430322  0.41198133 0.27940503 0.19979741 0.14242953
 0.08582262 0.13686203 0.16599535 0.03910516]";"[0.05399879 0.04960636 0.03566319 0.02114976 0.01697308 0.00979261
 0.00506133 0.00308524 0.00257945 0.00190671]";"[0.26846189 0.28660854 0.30613417 0.22216097 0.15554484 0.11909032
 0.07491309 0.13066208 0.16093607 0.03551029]";"[0.11898496 0.1068173  0.07018397 0.0360943  0.02727949 0.01354659
 0.00584821 0.00311471 0.00247982 0.00168815]";"[0.00261544 0.00254157 0.00249295 0.00327234 0.00409534 0.00429556
 0.00206587 0.00120242 0.00103491 0.00075342]";"[0.00264485 0.00254235 0.00248064 0.00344414 0.0038831  0.00429663
 0.00197962 0.00113754 0.00142771 0.00080004]"
2020-03-18;S3A;11.45404670023808;9.340028750415286e-12;3.5630805415647058;1.0186442606086032e-07;1.1528586762714799;6.738107380528128;1.264518456246782;0.0623462089037809;"[0.0274048  0.02697297 0.02546589 0.02352472 0.02283567 0.02136768
 0.01997407 0.01912384 0.01884942 0.01841986]";"[0.01087486 0.01087486 0.01087486 0.01087486 0.01087486 0.01087486
 0.01087486 0.01087486 0.01087486 0.01087486]";"[0.01652994 0.01609811 0.01459103 0.01264986 0.01196081 0.01049282
 0.00909922 0.00824898 0.00797456 0.007545  ]";"[0.53360467 0.54348432 0.52320746 0.35853168 0.24965254 0.18284137
 0.11419893 0.18465915 0.22622228 0.05051499]";"[0.07640302 0.07018817 0.05045994 0.02992485 0.02401525 0.0138556
 0.00716128 0.00436531 0.00364968 0.00269781]";"[0.35507083 0.38160945 0.41250507 0.29762526 0.20222193 0.15735805
 0.10201784 0.17762032 0.22044405 0.04636816]";"[0.10213081 0.09168669 0.06024245 0.03098157 0.02341536 0.01162773
 0.00501981 0.00267351 0.00212856 0.00144903]";"[0.00288729 0.0027657  0.00263635 0.00349022 0.00460824 0.00494685
 0.00267917 0.00154499 0.00131565 0.00103696]";"[0.00288308 0.00274402 0.00263568 0.00376075 0.0043492  0.00494896
 0.00261123 0.00144543 0.00166224 0.00114339]"
2020-03-18;S3B;11.460589564057976;1.927624726505428e-12;3.5643958016031503;2.0691917262949389e-07;1.1529587891847568;6.7432347663489685;1.2570135259582864;0.06296043489639028;"[0.0273497  0.02691762 0.02540968 0.02346741 0.02277796 0.02130913
 0.01991473 0.01906401 0.01878943 0.01835962]";"[0.01081032 0.01081032 0.01081032 0.01081032 0.01081032 0.01081032
 0.01081032 0.01081032 0.01081032 0.01081032]";"[0.01653938 0.01610731 0.01459937 0.01265709 0.01196764 0.01049881
 0.00910441 0.00825369 0.00797912 0.00754931]";"[0.53434291 0.54417348 0.52372727 0.35882014 0.24983877 0.18294057
 0.1142618  0.18476145 0.22634965 0.05053919]";"[0.07594957 0.0697716  0.05016046 0.02974724 0.02387272 0.01377336
 0.00711878 0.0043394  0.00362802 0.0026818 ]";"[0.35525635 0.3818119  0.41273086 0.2977861  0.20231999 0.15742493
 0.10207375 0.1777222  0.2205721  0.04639409]";"[0.10313699 0.09258998 0.06083595 0.03128679 0.02364605 0.01174228
 0.00506927 0.00269985 0.00214953 0.0014633 ]";"[0.00288695 0.00276559 0.00263654 0.00349017 0.00460817 0.00494687
 0.00267925 0.00154486 0.00131547 0.00103691]";"[0.00288308 0.00274402 0.00263568 0.00376075 0.0043492  0.00494896
 0.00261123 0.00144543 0.00166224 0.00114339]"
2020-03-24;S3B;1.8592874025643515;0.21050628563146961;0.9729249928406242;3.817612892476063e-11;0.4450378322875778;0.23081829176650387;1.076695263462717;0.07102915871014259;"[0.01194282 0.01187272 0.01162808 0.01131298 0.01120113 0.01096283
 0.01073662 0.0105986  0.01055406 0.01048433]";"[0.00925958 0.00925958 0.00925958 0.00925958 0.00925958 0.00925958
 0.00925958 0.00925958 0.00925958 0.00925958]";"[0.00268324 0.00261314 0.0023685  0.0020534  0.00194155 0.00170326
 0.00147704 0.00133902 0.00129448 0.00122475]";"[0.2453137  0.23149812 0.18094235 0.11154083 0.08840834 0.06336664
 0.02825298 0.03381712 0.03808466 0.0106723 ]";"[0.06505462 0.05976289 0.04296496 0.02548001 0.02044819 0.01179758
 0.00609759 0.00371692 0.00310758 0.00229709]";"[0.06390451 0.06727934 0.06934498 0.05076446 0.04128373 0.03832194
 0.01643647 0.02705436 0.03255208 0.00672437]";"[0.11635456 0.10445589 0.06863241 0.03529637 0.02667642 0.01324712
 0.00571892 0.00304585 0.002425   0.00165083]";"[0.00303635 0.00317851 0.00382276 0.00548864 0.0056336  0.00510858
 0.00180672 0.00112023 0.0009993  0.0006075 ]";"[0.00306057 0.00315568 0.00384668 0.00552806 0.00563443 0.00516908
 0.00178395 0.00112395 0.00120882 0.00060027]"
2020-03-25;S3B;1.5493978071289014;0.8417760452904616;0.5105900645409406;4.3311021435954444e-10;2.720576264270136e-09;0.19703169414381272;0.6817731901221669;0.09001221015190719;"[0.00809927 0.00804085 0.00783699 0.00757441 0.0074812  0.00728262
 0.00709411 0.0069791  0.00694197 0.00688387]";"[0.00586325 0.00586325 0.00586325 0.00586325 0.00586325 0.00586325
 0.00586325 0.00586325 0.00586325 0.00586325]";"[0.00223602 0.0021776  0.00197374 0.00171116 0.00161795 0.00141937
 0.00123086 0.00111585 0.00107873 0.00102062]";"[0.22490848 0.21009187 0.15856098 0.09142336 0.07068279 0.04734824
 0.01942069 0.02407067 0.0265719  0.00551447]";"[0.04119318 0.0378424  0.0272058  0.01613417 0.01294798 0.00747033
 0.00386105 0.00235358 0.00196775 0.00145454]";"[0.03626415 0.039877   0.04438027 0.03055961 0.02392892 0.0230904
 0.00831229 0.01785721 0.02153106 0.0019679 ]";"[0.14745115 0.13237247 0.08697491 0.04472957 0.03380588 0.01678751
 0.00724734 0.00385988 0.0030731  0.00209203]";"[0.00238354 0.00250575 0.00304642 0.00446634 0.00446743 0.00387766
 0.00121766 0.00074864 0.00066846 0.00040086]";"[0.00239086 0.0024764  0.00306143 0.00447717 0.0044707  0.00390534
 0.00117894 0.00073845 0.00081929 0.00040005]"
2020-03-26;S3A;1.5317724527412198;0.71798228849284;0.6356402557750798;4.392894381588519e-10;0.0505213355468212;0.1276285724871895;0.7988058263877496;0.0744213003789064;"[0.00908031 0.00902256 0.00882102 0.00856142 0.00846927 0.00827296
 0.00808659 0.00797288 0.00793618 0.00787874]";"[0.00686973 0.00686973 0.00686973 0.00686973 0.00686973 0.00686973
 0.00686973 0.00686973 0.00686973 0.00686973]";"[0.00221058 0.00215283 0.00195129 0.00169169 0.00159954 0.00140323
 0.00121686 0.00110315 0.00106645 0.00100901]";"[0.20873176 0.19583593 0.14984579 0.08789904 0.06896418 0.04843592
 0.0194531  0.02407162 0.02663472 0.00557688]";"[0.04826436 0.0443384  0.03187593 0.01890375 0.01517062 0.00875268
 0.00452384 0.0027576  0.00230553 0.00170423]";"[0.03855609 0.04205314 0.04605977 0.03201327 0.02584316 0.02580347
 0.00893722 0.01812271 0.02178838 0.00214298]";"[0.12191131 0.10944439 0.07191009 0.03698202 0.02795041 0.01387976
 0.00599204 0.00319131 0.00254081 0.00172967]";"[0.00284335 0.00298388 0.00360518 0.00523337 0.00515625 0.00437494
 0.00138945 0.00085533 0.00076413 0.00045809]";"[0.00282552 0.00293857 0.00365806 0.00522909 0.00515472 0.00441807
 0.00136638 0.00083856 0.00088993 0.00044274]"
2020-03-26;S3B;1.3828137372336051;2.621727834828391e-10;1.0624058965971885;6.7842406692442125e-09;0.3204078194707033;1.4119299895920534e-08;1.080129135571028;0.08113593896428944;"[0.01128472 0.01123259 0.01105064 0.01081629 0.0107331  0.01055588
 0.01038763 0.01028499 0.01025186 0.0102    ]";"[0.00928911 0.00928911 0.00928911 0.00928911 0.00928911 0.00928911
 0.00928911 0.00928911 0.00928911 0.00928911]";"[0.00199561 0.00194348 0.00176153 0.00152718 0.00144399 0.00126677
 0.00109852 0.00099588 0.00096275 0.00091089]";"[0.24747016 0.23128795 0.1749781  0.10479993 0.08437027 0.06170406
 0.02511827 0.02709106 0.02970956 0.00825743]";"[0.0652621  0.05995349 0.04310198 0.02556127 0.0205134  0.0118352
 0.00611704 0.00372877 0.00311749 0.00230442]";"[0.04929734 0.05201549 0.05347796 0.03891995 0.03338465 0.0347368
 0.01246856 0.01988304 0.02382201 0.00406728]";"[0.13291072 0.11931898 0.07839816 0.04031871 0.03047222 0.01513206
 0.00653267 0.00347925 0.00277006 0.00188573]";"[0.00286784 0.00303539 0.00378854 0.00560014 0.00562352 0.00499993
 0.00177172 0.00110719 0.00099075 0.00059485]";"[0.0028668  0.0029969  0.00382891 0.00560716 0.00564276 0.00506483
 0.00173789 0.00112672 0.00127569 0.00061719]"
2020-04-02;S3A;1.4656276505182935;0.5031597029873933;0.6684820391301632;5.029393568278806e-11;6.4947972000517495e-09;0.29398590185564566;0.8608517095069163;0.07041927472862927;"[0.00951845 0.00946319 0.00927035 0.00902197 0.0089338  0.00874596
 0.00856763 0.00845884 0.00842373 0.00836876]";"[0.00740332 0.00740332 0.00740332 0.00740332 0.00740332 0.00740332
 0.00740332 0.00740332 0.00740332 0.00740332]";"[0.00211512 0.00205987 0.00186703 0.00161864 0.00153047 0.00134263
 0.00116431 0.00105552 0.0010204  0.00096544]";"[0.20462919 0.19224172 0.14771561 0.08676562 0.0671314  0.04705246
 0.01967993 0.02412101 0.0269514  0.00564095]";"[0.05201322 0.04778231 0.03435183 0.02037207 0.01634897 0.00943253
 0.00487522 0.00297179 0.00248461 0.0018366 ]";"[0.03726048 0.04090042 0.04532067 0.03140025 0.02433507 0.02448655
 0.0091349  0.01812952 0.02206261 0.0021677 ]";"[0.1153555  0.10355899 0.06804311 0.0349933  0.02644737 0.01313337
 0.00566982 0.0030197  0.00240418 0.00163666]";"[0.0030161  0.00316483 0.00382276 0.00556719 0.00554125 0.00469006
 0.00146827 0.00090525 0.0008086  0.00048502]";"[0.00299306 0.00311758 0.00387276 0.00557873 0.00552461 0.00472869
 0.00147338 0.00090415 0.00092215 0.00048095]"
2020-04-02;S3B;1.4655348795799328;0.5033528860168066;0.6684603091139976;1.4964479655432683e-09;1.0395839189492051e-08;0.29372167255684145;0.8580228388460553;0.07061032222429331;"[0.00949399 0.00943874 0.00924591 0.00899754 0.00890937 0.00872154
 0.00854323 0.00843445 0.00839933 0.00834437]";"[0.007379 0.007379 0.007379 0.007379 0.007379 0.007379 0.007379 0.007379
 0.007379 0.007379]";"[0.00211499 0.00205974 0.00186691 0.00161854 0.00153037 0.00134255
 0.00116424 0.00105545 0.00102034 0.00096538]";"[0.20476693 0.19236099 0.14778209 0.08678971 0.06714794 0.0470569
 0.01967749 0.02411676 0.0269462  0.00563829]";"[0.0518423  0.04762529 0.03423895 0.02030512 0.01629524 0.00940154
 0.0048592  0.00296203 0.00247644 0.00183056]";"[0.03725618 0.04089576 0.04531543 0.03139635 0.02433358 0.02448635
 0.00913309 0.01812684 0.02205905 0.00216663]";"[0.11566846 0.10383995 0.06822771 0.03508824 0.02651912 0.013169
 0.0056852  0.00302789 0.0024107  0.0016411 ]";"[0.00301609 0.00316483 0.0038228  0.00556722 0.0055413  0.00469002
 0.00146829 0.00090525 0.0008086  0.00048502]";"[0.00299306 0.00311758 0.00387276 0.00557873 0.00552461 0.00472869
 0.00147338 0.00090415 0.00092215 0.00048095]"
2020-04-04;S3A;2.4686691832123375;0.9004670170448853;0.40616676762011694;0.47138909657281375;0.23945908391525245;0.4511872180592691;0.9637625839398462;0.07853465749710473;"[0.01185103 0.01175795 0.01143314 0.01101476 0.01086625 0.01054986
 0.0102495  0.01006625 0.0100071  0.00991452]";"[0.00828836 0.00828836 0.00828836 0.00828836 0.00828836 0.00828836
 0.00828836 0.00828836 0.00828836 0.00828836]";"[0.00356267 0.0034696  0.00314478 0.0027264  0.00257789 0.0022615
 0.00196114 0.00177789 0.00171874 0.00162616]";"[0.25656858 0.24324342 0.19403375 0.11888394 0.09152776 0.0581434
 0.03048793 0.04205162 0.04694511 0.01268133]";"[0.05823116 0.05349446 0.03845844 0.02280746 0.01830341 0.01056015
 0.00545803 0.00332705 0.00278163 0.00205616]";"[0.06968792 0.07425544 0.07969067 0.05705042 0.04372909 0.03293634
 0.01870667 0.03535687 0.04148223 0.0087999 ]";"[0.1286495  0.11549352 0.07588465 0.03902606 0.02949526 0.01464691
 0.00632323 0.0033677  0.00268125 0.00182527]";"[0.00287077 0.00298331 0.00348507 0.0050079  0.0053014  0.0051474
 0.00170746 0.00104251 0.00092885 0.00057254]";"[0.0028614  0.0029513  0.00350571 0.00503155 0.0052518  0.00518788
 0.00168765 0.00101943 0.0010778  0.00055885]"
2020-04-05;S3B;2.466056629881127;0.8134253028306062;0.4059678333377431;0.6298535809589432;0.21536299527880332;0.401446917475031;0.9230990365527902;0.08065634808619895;"[0.01149755 0.01140458 0.0110801  0.01066217 0.01051381 0.01019776
 0.00989771 0.00971466 0.00965558 0.00956309]";"[0.00793865 0.00793865 0.00793865 0.00793865 0.00793865 0.00793865
 0.00793865 0.00793865 0.00793865 0.00793865]";"[0.0035589  0.00346592 0.00314145 0.00272352 0.00257516 0.0022591
 0.00195906 0.00177601 0.00171692 0.00162444]";"[0.25829476 0.24476072 0.19522535 0.11949293 0.09235499 0.05836216
 0.0310561  0.04298903 0.04767119 0.01303731]";"[0.05577424 0.0512374  0.03683578 0.02184515 0.01753115 0.01011459
 0.00522774 0.00318668 0.00266427 0.0019694 ]";"[0.07039543 0.07490964 0.08045482 0.0575674  0.04453174 0.03320496
 0.01933431 0.03634367 0.04225324 0.00919333]";"[0.13212509 0.11861369 0.07793475 0.04008039 0.0302921  0.01504261
 0.00649405 0.00345868 0.00275368 0.00187458]";"[0.00276336 0.00287131 0.00334704 0.00480195 0.0050661  0.00493635
 0.0016374  0.0009995  0.00089097 0.00054985]";"[0.0027788  0.00285204 0.00335945 0.00483686 0.00502197 0.00497759
 0.00160736 0.0009802  0.0010597  0.0005522 ]"
2020-04-06;S3A;3.872061297759289;1.8385757602835797;6.769459992561622e-10;0.3022089552788765;2.3709424423756786e-08;1.7312765578104625;0.598807784518437;0.09837379479697245;"[0.01073772 0.01059174 0.01008227 0.00942606 0.00919312 0.00869686
 0.00822575 0.00793833 0.00784556 0.00770035]";"[0.00514975 0.00514975 0.00514975 0.00514975 0.00514975 0.00514975
 0.00514975 0.00514975 0.00514975 0.00514975]";"[0.00558798 0.005442   0.00493253 0.00427631 0.00404337 0.00354712
 0.00307601 0.00278858 0.00269582 0.0025506 ]";"[0.28900911 0.2781483  0.23173517 0.14209235 0.10012357 0.05693363
 0.03610368 0.05826327 0.0682247  0.01540022]";"[0.03618035 0.03323733 0.02389511 0.0141708  0.01137233 0.00656126
 0.0033912  0.00206718 0.00172829 0.00127754]";"[0.09168029 0.1002419  0.11278571 0.07903688 0.05180499 0.03202541
 0.0247919  0.05197766 0.06313783 0.01183632]";"[0.16114846 0.14466907 0.09505435 0.04888468 0.03694624 0.01834696
 0.00792058 0.00421843 0.00335857 0.00228637]";"[0.00229637 0.00233057 0.00253638 0.00354928 0.00411179 0.00421932
 0.00132672 0.00078526 0.00069114 0.00044006]";"[0.00229398 0.00230377 0.00254024 0.00361618 0.00396625 0.00424671
 0.00126176 0.00072803 0.0008036  0.00038796]"
2020-04-06;S3B;3.871986921364158;1.8386585208991661;9.168441006401906e-10;0.3013241973125341;7.15131287520876e-10;1.7320042015204824;0.5960529788272878;0.09866148259405624;"[0.01071392 0.01056795 0.01005849 0.00940228 0.00916935 0.0086731
 0.008202   0.00791459 0.00782182 0.00767661]";"[0.00512606 0.00512606 0.00512606 0.00512606 0.00512606 0.00512606
 0.00512606 0.00512606 0.00512606 0.00512606]";"[0.00558787 0.00544189 0.00493243 0.00427623 0.00404329 0.00354705
 0.00307595 0.00278853 0.00269576 0.00255055]";"[0.28930726 0.27841258 0.23189805 0.14216629 0.1001711  0.05695146
 0.03610826 0.05826124 0.06822372 0.01539906]";"[0.03601391 0.03308443 0.02378518 0.0141056  0.01132001 0.00653108
 0.0033756  0.00205767 0.00172034 0.00127166]";"[0.09167362 0.10023601 0.11278054 0.07903305 0.0517968  0.03201977
 0.02478893 0.0519728  0.06313498 0.01183435]";"[0.16161973 0.14509214 0.09533233 0.04902764 0.03705429 0.01840062
 0.00794374 0.00423077 0.0033684  0.00229305]";"[0.00229624 0.00233051 0.00253651 0.00354922 0.00411178 0.00421931
 0.00132676 0.00078524 0.00069109 0.00044002]";"[0.00229398 0.00230377 0.00254024 0.00361618 0.00396625 0.00424671
 0.00126176 0.00072803 0.0008036  0.00038796]"
2020-04-07;S3A;4.460204486371303;1.7037955943622454;0.30053461642513407;9.087787189443475e-09;0.020667201245256894;2.43520706525088;0.7384317707514299;0.10935474120580463;"[0.01278727 0.01261912 0.01203226 0.01127637 0.01100805 0.01043642
 0.00989375 0.00956267 0.00945581 0.00928853]";"[0.00635051 0.00635051 0.00635051 0.00635051 0.00635051 0.00635051
 0.00635051 0.00635051 0.00635051 0.00635051]";"[0.00643676 0.0062686  0.00568175 0.00492586 0.00465754 0.0040859
 0.00354323 0.00321215 0.00310529 0.00293802]";"[0.33266874 0.32123723 0.26945266 0.16619977 0.1150892  0.06802574
 0.0426692  0.06757816 0.08062357 0.01763755]";"[0.04461653 0.04098728 0.02946673 0.017475   0.01402401 0.00809115
 0.00418192 0.00254918 0.00213128 0.00157542]";"[0.1089156  0.11943223 0.13432116 0.09438335 0.05999482 0.03953965
 0.02968257 0.06033967 0.07475882 0.01352055]";"[0.17913661 0.16081771 0.10566477 0.05434142 0.04107036 0.02039494
 0.00880471 0.00468932 0.00373347 0.00254158]";"[0.00230773 0.00233843 0.00255274 0.00362826 0.00439338 0.00463533
 0.00157241 0.00093218 0.00081739 0.00053085]";"[0.0023084  0.00235512 0.00255754 0.00368444 0.00428832 0.00464422
 0.00142498 0.00090824 0.00136574 0.00059296]"
2020-04-09;S3B;5.242373509398388;1.7526369178655978;1.2497219925577951e-09;0.5253542398385913;4.3713277164680875e-08;2.9643823067312;0.6048250719638276;0.0860675295337735;"[0.01276704 0.0125694  0.01187963 0.01099118 0.01067581 0.01000393
 0.00936609 0.00897695 0.00885135 0.00865475]";"[0.0052015 0.0052015 0.0052015 0.0052015 0.0052015 0.0052015 0.0052015
 0.0052015 0.0052015 0.0052015]";"[0.00756555 0.0073679  0.00667813 0.00578968 0.00547431 0.00480243
 0.0041646  0.00377546 0.00364986 0.00345325]";"[0.30864874 0.30317145 0.26805983 0.17051596 0.11529472 0.06373714
 0.04808326 0.08133938 0.09695697 0.02225741]";"[0.03654392 0.03357133 0.02413523 0.01431319 0.01148661 0.0066272
 0.00342528 0.00208795 0.00174566 0.00129037]";"[0.13111554 0.14302871 0.16076127 0.11343342 0.07148373 0.04105813
 0.03772825 0.07556071 0.09227289 0.01896669]";"[0.14098928 0.1265714  0.08316334 0.04276935 0.03232438 0.01605181
 0.00692974 0.00369072 0.00293843 0.00200035]";"[0.00249804 0.0024792  0.00253216 0.00343753 0.0042436  0.00459682
 0.00145654 0.00084782 0.00073999 0.00049068]";"[0.0024932  0.00246262 0.00253997 0.00354791 0.00406347 0.00462981
 0.00134979 0.00075777 0.00090379 0.00043952]"
2020-04-10;S3A;6.29322392287086;1.8282058115759128;3.252831337619e-10;0.9265372495838211;2.6076675901931523e-07;3.538480600619084;0.7746884562905293;0.07433975278031496;"[0.0157444  0.01550714 0.01467911 0.01361257 0.01323398 0.01242741
 0.01166172 0.01119458 0.0110438  0.01080779]";"[0.00666232 0.00666232 0.00666232 0.00666232 0.00666232 0.00666232
 0.00666232 0.00666232 0.00666232 0.00666232]";"[0.00908208 0.00884482 0.00801679 0.00695024 0.00657165 0.00576509
 0.0049994  0.00453226 0.00438148 0.00414547]";"[0.32971047 0.32757911 0.29925115 0.19422858 0.13099646 0.0723629
 0.05775931 0.0993989  0.11824723 0.0276243 ]";"[0.04680718 0.04299974 0.03091353 0.01833301 0.01471259 0.00848842
 0.00438725 0.00267434 0.00223592 0.00165277]";"[0.16112557 0.1752549  0.19650632 0.13895408 0.08836409 0.05000992
 0.04738659 0.09353674 0.11347328 0.02424375]";"[0.12177773 0.10932447 0.07183129 0.03694149 0.02791978 0.01386455
 0.00598547 0.00318781 0.00253803 0.00172778]";"[0.00282299 0.0027728  0.00275863 0.00373567 0.00473431 0.00537645
 0.00177211 0.0010244  0.00089223 0.00060985]";"[0.00279962 0.00274879 0.00278047 0.00387893 0.00449858 0.00538609
 0.00169794 0.00096863 0.00108734 0.00059963]"
2020-04-10;S3B;6.295176778381077;1.8287244307165946;3.401885440013075e-09;0.9260959578133016;3.02988712452823e-07;3.5403560834605825;0.7706694581843998;0.0746877162938977;"[0.01571266 0.01547533 0.01464703 0.01358016 0.01320145 0.01239464
 0.01162871 0.01116142 0.0110106  0.01077451]";"[0.00662776 0.00662776 0.00662776 0.00662776 0.00662776 0.00662776
 0.00662776 0.00662776 0.00662776 0.00662776]";"[0.0090849  0.00884757 0.00801927 0.0069524  0.00657369 0.00576688
 0.00500096 0.00453366 0.00438284 0.00414675]";"[0.33008487 0.32792023 0.29948704 0.19434883 0.13107235 0.07239451
 0.05777798 0.09942672 0.1182827  0.02763044]";"[0.04656435 0.04277666 0.03075316 0.0182379  0.01463626 0.00844439
 0.00436449 0.00266047 0.00222432 0.0016442 ]";"[0.16117279 0.17530738 0.19656636 0.13899652 0.08838563 0.05002067
 0.0474     0.09356352 0.11350847 0.02425037]";"[0.12234773 0.10983619 0.07216752 0.03711441 0.02805046 0.01392945
 0.00601349 0.00320274 0.00254991 0.00173586]";"[0.00282277 0.00277272 0.0027588  0.00373559 0.00473426 0.00537646
 0.00177216 0.00102433 0.00089213 0.00060979]";"[0.00279962 0.00274879 0.00278047 0.00387893 0.00449858 0.00538609
 0.00169794 0.00096863 0.00108734 0.00059963]"
2020-04-11;S3A;6.101935443491926;1.0261574616018752;1.4887532873153475e-09;1.369987614248309;9.030915931740324e-08;3.705790275843829;0.8505555694352812;0.06394159551736156;"[0.0161208  0.01589076 0.01508789 0.01405376 0.01368668 0.01290464
 0.01216222 0.01170927 0.01156308 0.01133424]";"[0.00731478 0.00731478 0.00731478 0.00731478 0.00731478 0.00731478
 0.00731478 0.00731478 0.00731478 0.00731478]";"[0.00880603 0.00857598 0.00777311 0.00673899 0.0063719  0.00558986
 0.00484744 0.00439449 0.0042483  0.00401946]";"[0.32100438 0.31972869 0.29513155 0.19367367 0.13008036 0.06962246
 0.06088312 0.10287381 0.12177074 0.03031284]";"[0.05139112 0.04721081 0.03394097 0.02012841 0.01615343 0.00931972
 0.00481691 0.00293625 0.00245489 0.00181463]";"[0.16486901 0.178485   0.19940657 0.1417709  0.08991239 0.04837747
 0.05091795 0.09719564 0.11713283 0.0270121 ]";"[0.10474426 0.09403288 0.061784   0.03177436 0.02401454 0.01192527
 0.00514826 0.00274192 0.00218303 0.00148611]";"[0.00297894 0.00292088 0.00288294 0.00388041 0.00494589 0.00574418
 0.00183677 0.00106757 0.00093128 0.00063906]";"[0.00291049 0.00287826 0.00294466 0.00400318 0.00467655 0.00578171
 0.00170476 0.00094678 0.00104807 0.00053531]"
2020-04-14;S3A;2.436143798436425;2.0583534876550402e-12;0.6548505458515774;0.9764881493439242;0.8048051010976367;2.141228028218478e-09;1.1127565537599144;0.10423793706093423;"[0.01308543 0.01299359 0.01267305 0.01226019 0.01211363 0.01180141
 0.011505   0.01132417 0.0112658  0.01117444]";"[0.00956971 0.00956971 0.00956971 0.00956971 0.00956971 0.00956971
 0.00956971 0.00956971 0.00956971 0.00956971]";"[0.00351573 0.00342388 0.00310334 0.00269048 0.00254393 0.0022317
 0.0019353  0.00175446 0.0016961  0.00160473]";"[0.33346175 0.31309138 0.243673   0.15206389 0.12185548 0.07716894
 0.04210906 0.05206219 0.05648542 0.02019616]";"[0.06723347 0.0617645  0.04440396 0.0263334  0.02113305 0.01219271
 0.00630182 0.0038414  0.00321166 0.00237403]";"[0.09547363 0.09803397 0.09854842 0.07393176 0.06157379 0.04553559
 0.02741451 0.04375089 0.04971498 0.01539947]";"[0.17075466 0.15329291 0.10072062 0.05179873 0.03914864 0.01944064
 0.00839273 0.0044699  0.00355878 0.00242266]";"[0.0023433  0.0024641  0.00298526 0.00431998 0.00459872 0.00487971
 0.00183978 0.00114476 0.00102363 0.00063664]";"[0.00240503 0.0024753  0.00294696 0.0043489  0.0046009  0.00494557
 0.00174372 0.00115189 0.0013961  0.00073366]"
2020-04-14;S3B;2.43558173175385;8.348652436040993e-08;0.6548515241592889;0.9756365190205682;0.805093572987578;3.2099890245884666e-08;1.1088413076499715;0.1045274428553746;"[0.01305095 0.01295913 0.01263866 0.01222589 0.01207937 0.01176722
 0.01147089 0.01129009 0.01123174 0.0111404 ]";"[0.00953604 0.00953604 0.00953604 0.00953604 0.00953604 0.00953604
 0.00953604 0.00953604 0.00953604 0.00953604]";"[0.00351492 0.00342309 0.00310263 0.00268986 0.00254334 0.00223119
 0.00193485 0.00175406 0.00169571 0.00160436]";"[0.33368841 0.31328731 0.24378032 0.15210488 0.12188157 0.0771756
 0.04210525 0.05205009 0.05647274 0.0201925 ]";"[0.06699691 0.06154718 0.04424773 0.02624075 0.02105869 0.01214981
 0.00627964 0.00382789 0.00320036 0.00236568]";"[0.0954626  0.09802148 0.09853224 0.07392154 0.06156551 0.04553116
 0.02740957 0.04373989 0.04970372 0.01539743]";"[0.1712289  0.15371866 0.10100036 0.0519426  0.03925737 0.01949463
 0.00841604 0.00448231 0.00356867 0.00242939]";"[0.00234326 0.00246407 0.00298531 0.00431996 0.00459876 0.00487971
 0.0018398  0.00114477 0.00102363 0.00063664]";"[0.00240503 0.0024753  0.00294696 0.0043489  0.0046009  0.00494557
 0.00174372 0.00115189 0.0013961  0.00073366]"
2020-04-15;S3A;2.316310204196736;7.738667207046745e-09;0.5365673578337715;1.0613435519004701;0.5407734450892904;0.17762584163453665;1.1154836333601825;0.09827997966459101;"[0.01293595 0.01284862 0.01254385 0.0121513  0.01201195 0.01171508
 0.01143326 0.01126132 0.01120583 0.01111896]";"[0.00959316 0.00959316 0.00959316 0.00959316 0.00959316 0.00959316
 0.00959316 0.00959316 0.00959316 0.00959316]";"[0.00334279 0.00325546 0.00295069 0.00255814 0.00241879 0.00212192
 0.0018401  0.00166816 0.00161267 0.0015258 ]";"[0.31321556 0.29430531 0.22973022 0.14204777 0.11239404 0.06965409
 0.03931657 0.04956868 0.05371684 0.01840867]";"[0.06739824 0.06191587 0.04451279 0.02639794 0.02118484 0.01222259
 0.00631726 0.00385082 0.00321953 0.00237985]";"[0.08482254 0.08785834 0.09025373 0.06681177 0.05429818 0.03910204
 0.02508628 0.04150345 0.04714194 0.01374464]";"[0.16099478 0.1445311  0.0949637  0.04883806 0.03691101 0.01832947
 0.00791302 0.00421441 0.00335537 0.00228419]";"[0.00248742 0.00261441 0.00315742 0.0046001  0.00490777 0.00516676
 0.00184855 0.00114641 0.00102539 0.00063593]";"[0.0025375  0.00261898 0.00313884 0.00462607 0.00489719 0.00522005
 0.00177684 0.00114203 0.0013207  0.00068818]"
2020-04-17;S3B;6.854999446356455;2.031901218339124;2.831151979520996e-11;0.7593118179877334;0.2168223355788046;3.8469640744224813;1.049684657767544;0.057970207718198385;"[0.0189201  0.01866166 0.01775971 0.01659796 0.01618557 0.01530701
 0.01447297 0.01396412 0.01379989 0.01354281]";"[0.00902729 0.00902729 0.00902729 0.00902729 0.00902729 0.00902729
 0.00902729 0.00902729 0.00902729 0.00902729]";"[0.00989281 0.00963437 0.00873242 0.00757067 0.00715828 0.00627972
 0.00544568 0.00493684 0.0047726  0.00451552]";"[0.33858512 0.33862208 0.31450613 0.20784321 0.14036314 0.07851695
 0.06282928 0.1076956  0.12872534 0.0308859 ]";"[0.06342263 0.05826364 0.04188711 0.0248408  0.01993521 0.01150162
 0.00594463 0.00362367 0.00302962 0.00223947]";"[0.18020012 0.19510712 0.21660491 0.15419539 0.09865606 0.05620374
 0.05221717 0.10158606 0.12371656 0.02729911]";"[0.09496238 0.08525132 0.05601411 0.02880701 0.02177187 0.01081159
 0.00466748 0.00248586 0.00197916 0.00134732]";"[0.00327431 0.00320166 0.00316249 0.00428256 0.00550719 0.00640975
 0.00219311 0.00126882 0.00110377 0.00076556]";"[0.00321862 0.00316208 0.00321526 0.0044274  0.00521044 0.0064098
 0.00211491 0.00121594 0.0013966  0.00072365]"
2020-04-18;S3A;7.808791132321891;2.6742918004729024;1.1668569444012178e-08;2.1192037056790656;0.3069425038967427;2.70835311060461;1.7105424759201555;0.05943777254682073;"[0.02597994 0.02568555 0.0246581  0.0233347  0.02286494 0.02186414
 0.02091405 0.0203344  0.02014732 0.01985446]";"[0.01471067 0.01471067 0.01471067 0.01471067 0.01471067 0.01471067
 0.01471067 0.01471067 0.01471067 0.01471067]";"[0.01126928 0.01097488 0.00994743 0.00862404 0.00815427 0.00715347
 0.00620339 0.00562374 0.00543665 0.0051438 ]";"[0.4100483  0.40678339 0.37206988 0.24547037 0.1784034  0.1040637
 0.07508668 0.12648308 0.14559927 0.03702534]";"[0.10335208 0.09494511 0.0682583  0.04048001 0.03248597 0.01874277
 0.00968723 0.00590505 0.004937   0.00364939]";"[0.20932978 0.22442875 0.24637943 0.17545407 0.12359439 0.07423563
 0.06061381 0.11802924 0.13863301 0.03199452]";"[0.09736644 0.08740953 0.05743215 0.02953628 0.02232304 0.0110853
 0.00478564 0.00254879 0.00202926 0.00138143]";"[0.00363325 0.00360018 0.00368447 0.00516172 0.00637729 0.00783776
 0.003144   0.00182315 0.00159893 0.00113225]";"[0.0035013  0.00352041 0.00379343 0.00522589 0.0061269  0.00790228
 0.00311368 0.00171701 0.0017033  0.00098252]"
2020-04-22;S3A;7.155598072646603;2.1362610196957936;9.109206722257568e-09;0.7643666830696055;1.4210804200054383e-08;4.254970346561192;1.512553194088696;0.09857988530033224;"[0.02333458 0.02306481 0.0221233  0.02091061 0.02048014 0.01956305
 0.01869244 0.01816128 0.01798984 0.01772149]";"[0.01300796 0.01300796 0.01300796 0.01300796 0.01300796 0.01300796
 0.01300796 0.01300796 0.01300796 0.01300796]";"[0.01032662 0.01005685 0.00911534 0.00790265 0.00747218 0.0065551
 0.00568448 0.00515332 0.00498189 0.00471353]";"[0.43430185 0.42671877 0.37785817 0.24185659 0.16384493 0.09024479
 0.06946185 0.11441318 0.13604396 0.03243935]";"[0.09138944 0.08395555 0.06035764 0.03579459 0.02872583 0.01657336
 0.00856597 0.00522156 0.00436556 0.00322698]";"[0.18142635 0.19779108 0.22224705 0.15707491 0.09809545 0.05528603
 0.05295871 0.10496434 0.12831279 0.02692121]";"[0.16148607 0.14497215 0.09525349 0.04898709 0.03702365 0.0183854
 0.00793717 0.00422727 0.00336561 0.00229116]";"[0.00305383 0.0030555  0.00323169 0.00465653 0.00613301 0.00764768
 0.0028278  0.00165218 0.00143951 0.0010096 ]";"[0.00297254 0.00299316 0.00327449 0.00477298 0.00582269 0.00772007
 0.00269622 0.00147561 0.0015601  0.00093582]"
2020-04-24;S3B;4.645101803154844;1.8049182722220776;4.677391807206277e-10;0.4420601498336768;1.5868315828004853e-08;2.398123364763035;1.3293594499372707;0.05780658881582282;"[0.01813608 0.01796096 0.01734977 0.01656255 0.01628311 0.01568777
 0.01512261 0.0147778  0.01466651 0.01449231]";"[0.01143249 0.01143249 0.01143249 0.01143249 0.01143249 0.01143249
 0.01143249 0.01143249 0.01143249 0.01143249]";"[0.00670359 0.00652847 0.00591728 0.00513006 0.00485061 0.00425528
 0.00369012 0.00334531 0.00323402 0.00305982]";"[0.28887329 0.28308309 0.24862401 0.15852122 0.10996878 0.0626168
 0.04422349 0.07230259 0.08525812 0.02000344]";"[0.08032076 0.07378723 0.05304739 0.03145931 0.02524669 0.01456607
 0.00752849 0.00458915 0.00383682 0.00283614]";"[0.11385818 0.12428517 0.13972061 0.09833621 0.06301167 0.03726966
 0.03204069 0.0652346  0.07944772 0.01582377]";"[0.09469435 0.0850107  0.05585601 0.0287257  0.02171042 0.01078108
 0.0046543  0.00247884 0.00197357 0.00134352]";"[0.00373633 0.00375247 0.00399176 0.00566634 0.00689386 0.00753188
 0.0024413  0.00144572 0.00127204 0.00083072]";"[0.00372467 0.00370701 0.00400345 0.00580497 0.006571   0.007587
 0.00231003 0.00129936 0.00133986 0.0007021 ]"
2020-04-27;S3A;4.359479959714467;1.5182870866154838;2.182203584499831e-09;0.7470760902176726;9.348568585920702e-09;2.094116771350539;1.1675752271473465;0.04324231086939459;"[0.01633254 0.01616819 0.01559458 0.01485576 0.0145935  0.01403478
 0.01350436 0.01318076 0.01307631 0.01291282]";"[0.01004115 0.01004115 0.01004115 0.01004115 0.01004115 0.01004115
 0.01004115 0.01004115 0.01004115 0.01004115]";"[0.0062914  0.00612704 0.00555344 0.00481462 0.00455236 0.00399363
 0.00346322 0.00313961 0.00303517 0.00287167]";"[0.25124605 0.24777369 0.22203218 0.14339584 0.10034308 0.05719728
 0.04180533 0.06941614 0.08122335 0.01949938]";"[0.07054565 0.06480726 0.04659147 0.02763068 0.02217414 0.01279337
 0.00661227 0.00403065 0.00336988 0.00249098]";"[0.10986414 0.11937404 0.13365753 0.09427684 0.06192842 0.03633911
 0.0317114  0.06353119 0.07637714 0.01600338]";"[0.07083626 0.06359239 0.04178318 0.02148831 0.01624051 0.0080648
 0.00348166 0.0018543  0.00147633 0.00100502]";"[0.00394808 0.0039333  0.00406536 0.00561465 0.0066543  0.00703203
 0.00218427 0.00129201 0.00113866 0.00073923]";"[0.00391888 0.00388948 0.00409688 0.00572824 0.00635669 0.00705328
 0.00207891 0.00122286 0.00128576 0.00066016]"
2020-05-19;S3A;2.4542095625015667;1.116349533005124;0.1366718155222288;0.22874118970096946;0.22322285252790924;0.749224171745335;1.8486779386860301;0.042170978811680304;"[0.01944043 0.0193479  0.01902499 0.01860906 0.01846142 0.01814688
 0.01784828 0.0176661  0.01760731 0.01751526]";"[0.01589863 0.01589863 0.01589863 0.01589863 0.01589863 0.01589863
 0.01589863 0.01589863 0.01589863 0.01589863]";"[0.0035418  0.00344927 0.00312636 0.00271043 0.00256279 0.00224825
 0.00194965 0.00176747 0.00170868 0.00161663]";"[0.24609188 0.23461549 0.19035278 0.11893508 0.08983134 0.05451144
 0.03109527 0.04196034 0.04720699 0.01353485]";"[0.11169832 0.10261244 0.07377052 0.04374899 0.03510939 0.02025635
 0.01046952 0.00638192 0.00533569 0.00394409]";"[0.06531227 0.06998617 0.07583427 0.05423015 0.0388838  0.0263901
 0.01723034 0.03377006 0.04043155 0.00861064]";"[0.06908129 0.06201688 0.040748   0.02095593 0.01583815 0.00786499
 0.0033954  0.00180836 0.00143976 0.00098012]";"[0.00477083 0.00497258 0.00588036 0.00859441 0.00935797 0.00950486
 0.00305485 0.00186695 0.00166342 0.00101826]";"[0.00472258 0.00489695 0.00594262 0.00860736 0.0092344  0.00956149
 0.00303377 0.00182425 0.00171557 0.00090481]"
2020-05-19;S3B;2.4971033378917857;1.3797115266581548;0.0039060908997401445;0.16712220692406438;0.09012295603611858;0.8562405573737081;1.794867674614184;0.05391518003288809;"[0.01903956 0.01894542 0.01861686 0.01819367 0.01804344 0.01772341
 0.01741959 0.01723423 0.0171744  0.01708075]";"[0.01543586 0.01543586 0.01543586 0.01543586 0.01543586 0.01543586
 0.01543586 0.01543586 0.01543586 0.01543586]";"[0.0036037  0.00350956 0.003181   0.0027578  0.00260758 0.00228755
 0.00198373 0.00179837 0.00173854 0.00164489]";"[0.25662643 0.24389661 0.19579077 0.12002804 0.08929798 0.05238147
 0.02995806 0.04100777 0.04619899 0.01251598]";"[0.10844707 0.09962566 0.07162325 0.04247557 0.03408744 0.01966674
 0.01016478 0.00619616 0.00518038 0.00382929]";"[0.05985961 0.06498298 0.07207161 0.05076051 0.03496162 0.02265941
 0.01545229 0.03249964 0.03917789 0.00743361]";"[0.08831974 0.07928797 0.05209591 0.02679195 0.02024892 0.01005532
 0.00434099 0.00231197 0.00184072 0.00125308]";"[0.00447255 0.00467556 0.00559041 0.00833822 0.00920407 0.00948777
 0.00299588 0.0018273  0.00162783 0.00099603]";"[0.0044367  0.00460235 0.00565563 0.00834409 0.00910171 0.0095414
 0.00293952 0.00178341 0.00174775 0.00089161]"
2020-05-24;S3A;2.9211511131658954;0.5428697677158492;3.2341371247746054e-09;1.1050228325916898;0.0545319761628707;1.2187265334613484;1.1467455377528073;0.028007234811715798;"[0.01407768 0.01396755 0.0135832  0.01308813 0.0129124  0.01253802
 0.01218261 0.01196577 0.01189578 0.01178623]";"[0.00986201 0.00986201 0.00986201 0.00986201 0.00986201 0.00986201
 0.00986201 0.00986201 0.00986201 0.00986201]";"[0.00421567 0.00410554 0.00372118 0.00322612 0.00305039 0.00267601
 0.00232059 0.00210376 0.00203377 0.00192422]";"[0.19716256 0.19261284 0.16950512 0.11005166 0.080077   0.04476506
 0.03414594 0.05314567 0.06031959 0.01685589]";"[0.06928711 0.06365109 0.04576028 0.02713775 0.02177855 0.01256513
 0.00649431 0.00395874 0.00330976 0.00244654]";"[0.08199613 0.08777415 0.09668266 0.06899634 0.04777977 0.02697651
 0.02539663 0.04798593 0.05605364 0.01375841]";"[0.04587932 0.0411876  0.02706218 0.01391757 0.01051868 0.00522342
 0.00225501 0.001201   0.00095619 0.00065093]";"[0.00446218 0.00449938 0.00473975 0.00641037 0.00703052 0.00702628
 0.00200229 0.00120493 0.00107063 0.00067262]";"[0.00439065 0.00443574 0.004835   0.00645405 0.0068538  0.00707745
 0.00189086 0.00112251 0.00115569 0.00054354]"
2020-05-26;S3A;2.8697561949458508;0.8657197607454459;0.09154705470644703;0.8984723948663911;0.4514530360202934;0.5625639486072733;1.1550793541443567;0.035184786661196815;"[0.01407518 0.01396699 0.0135894  0.01310304 0.01293041 0.01256261
 0.01221345 0.01200042 0.01193167 0.01182405]";"[0.00993368 0.00993368 0.00993368 0.00993368 0.00993368 0.00993368
 0.00993368 0.00993368 0.00993368 0.00993368]";"[0.0041415  0.0040333  0.00365571 0.00316936 0.00299672 0.00262892
 0.00227976 0.00206674 0.00199799 0.00189036]";"[0.21570254 0.20846625 0.17767222 0.11602612 0.08932385 0.05355907
 0.03449147 0.05103899 0.05715035 0.01747311]";"[0.06979064 0.06411366 0.04609283 0.02733497 0.02193683 0.01265645
 0.0065415  0.00398751 0.00333381 0.00246432]";"[0.08827486 0.09260964 0.09758184 0.07120685 0.05417267 0.03434057
 0.02511706 0.0455427  0.0526153  0.01419104]";"[0.05763704 0.05174295 0.03399754 0.0174843  0.01321435 0.00656205
 0.00283291 0.00150878 0.00120124 0.00081775]";"[0.00402463 0.00410644 0.0044882  0.00606325 0.0064109  0.00641001
 0.00199856 0.00121026 0.00107734 0.00067211]";"[0.00399165 0.00405166 0.00453101 0.00604018 0.00632545 0.00644138
 0.00195291 0.00117726 0.00120107 0.00059365]"
2020-05-28;S3A;1.6730593270589096;0.6916888895045423;0.4107156752977775;1.518479592066413e-08;0.11090023268015226;0.4597545143916415;2.2924038729958953;0.032714595506846966;"[0.02212915 0.02206608 0.02184594 0.0215624  0.02146175 0.02124733
 0.02104377 0.02091958 0.02087949 0.02081675]";"[0.01971467 0.01971467 0.01971467 0.01971467 0.01971467 0.01971467
 0.01971467 0.01971467 0.01971467 0.01971467]";"[0.00241448 0.0023514  0.00213127 0.00184773 0.00174708 0.00153266
 0.0013291  0.0012049  0.00116482 0.00110208]";"[0.23602543 0.22290061 0.17493217 0.10716349 0.08289131 0.05394181
 0.02665317 0.0309426  0.03403345 0.00991933]";"[0.13850853 0.12724183 0.09147717 0.05424977 0.04353646 0.02511835
 0.01298245 0.00791373 0.00661638 0.00489077]";"[0.04392634 0.04754852 0.0518443  0.03665693 0.02706823 0.02272211
 0.0110367  0.02162602 0.02630016 0.00426823]";"[0.05359056 0.04811027 0.0316107  0.01625679 0.01228662 0.00610136
 0.00263402 0.00140286 0.00111691 0.00076034]";"[0.00570721 0.00603258 0.00747454 0.0111801  0.01177061 0.01137319
 0.00373161 0.00230652 0.0020612  0.00123047]";"[0.00572281 0.00597068 0.00752556 0.01114337 0.01179194 0.011486
 0.00362632 0.00226427 0.00246025 0.00113041]"
2020-05-29;S3B;1.593211956721954;0.8599172839676433;0.21938084304304523;7.746836505617694e-10;8.106134097296547e-09;0.5139138208304478;1.8324231960487847;0.03550158647173493;"[0.01805809 0.01799802 0.01778839 0.01751838 0.01742254 0.01721835
 0.0170245  0.01690624 0.01686807 0.01680832]";"[0.01575884 0.01575884 0.01575884 0.01575884 0.01575884 0.01575884
 0.01575884 0.01575884 0.01575884 0.01575884]";"[0.00229925 0.00223918 0.00202955 0.00175955 0.0016637  0.00145951
 0.00126566 0.0011474  0.00110923 0.00104948]";"[0.2055869  0.19428487 0.15275137 0.09246942 0.07020554 0.0440755
 0.02228437 0.0273414  0.03030189 0.00809058]";"[0.1107162  0.10171021 0.07312188 0.04336432 0.03480068 0.02007825
 0.01037747 0.0063258  0.00528877 0.00390941]";"[0.0367147  0.04036583 0.04532583 0.03146337 0.02207153 0.01737612
 0.00904849 0.01949323 0.02380106 0.00335605]";"[0.058156   0.05220884 0.03430365 0.01764173 0.01333333 0.00662114
 0.00285841 0.00152237 0.00121206 0.00082511]";"[0.00541361 0.00570626 0.00697988 0.0103309  0.01071061 0.00997209
 0.0029944  0.00184147 0.00164559 0.00098137]";"[0.00539795 0.00564202 0.00703596 0.01029106 0.01075206 0.01005174
 0.002888   0.00181515 0.00192236 0.00088448]"
2020-05-30;S3A;2.069375514418597;1.1108701094163396;1.2884768252341416e-09;0.25242719129501295;0.06951310991550469;0.6365651025032631;1.3368848807490596;0.0254164742624316;"[0.01448364 0.01440562 0.01413334 0.01378263 0.01365814 0.01339292
 0.01314114 0.01298753 0.01293796 0.01286035]";"[0.01149721 0.01149721 0.01149721 0.01149721 0.01149721 0.01149721
 0.01149721 0.01149721 0.01149721 0.01149721]";"[0.00298643 0.00290841 0.00263613 0.00228542 0.00216093 0.00189571
 0.00164393 0.00149032 0.00144075 0.00136314]";"[0.17265118 0.16597405 0.13811828 0.08669461 0.06471735 0.03860585
 0.02281119 0.03324089 0.0375646  0.00987443]";"[0.08077545 0.07420493 0.05334769 0.0316374  0.02538961 0.01464853
 0.00757111 0.00461513 0.00385854 0.0028522 ]";"[0.0502404  0.05439151 0.06021175 0.04242706 0.02978208 0.01921708
 0.01319367 0.02753586 0.03283831 0.00643151]";"[0.04163533 0.03737761 0.02455884 0.01263015 0.00954566 0.00474024
 0.00204641 0.0010899  0.00086774 0.00059072]";"[0.00529491 0.00545394 0.00615144 0.00853599 0.00879271 0.00804998
 0.00225482 0.00136965 0.00122114 0.00074021]";"[0.00520859 0.0053534  0.00624772 0.00849113 0.00866313 0.00808382
 0.00219493 0.00129602 0.00122384 0.00057613]"
2020-05-30;S3B;2.0703364953796655;1.111254479881346;3.434461048890114e-10;0.2528984949980709;0.07016322425742322;0.6360202958993794;1.3331921452807776;0.02558004954927995;"[0.01445326 0.01437521 0.0141028  0.01375193 0.01362739 0.01336205
 0.01311015 0.01295647 0.01290687 0.01282922]";"[0.01146545 0.01146545 0.01146545 0.01146545 0.01146545 0.01146545
 0.01146545 0.01146545 0.01146545 0.01146545]";"[0.00298781 0.00290976 0.00263735 0.00228648 0.00216193 0.00189659
 0.0016447  0.00149102 0.00144141 0.00136377]";"[0.17273958 0.16605267 0.13816897 0.08671998 0.06473812 0.03861542
 0.02281487 0.03325244 0.03757804 0.00987839]";"[0.08055233 0.07399996 0.05320033 0.03155001 0.02531948 0.01460807
 0.0075502  0.00460238 0.00384788 0.00284432]";"[0.05028396 0.05443454 0.06025175 0.04245853 0.02981154 0.0192366
 0.01320509 0.02755314 0.03285682 0.00643954]";"[0.04190329 0.03761817 0.0247169  0.01271144 0.0096071  0.00477074
 0.00205958 0.00109692 0.00087333 0.00059452]";"[0.00529491 0.00545396 0.00615149 0.00853602 0.00879267 0.00804999
 0.00225481 0.00136962 0.0012211  0.00074022]";"[0.00520859 0.0053534  0.00624772 0.00849113 0.00866313 0.00808382
 0.00219493 0.00129602 0.00122384 0.00057613]"
2020-09-11;S3A;5.673913238266402;1.970733900580944;0.027057343729715022;1.5917375646709782;4.605776843247256e-08;2.0843843832269964;0.9063371057941194;0.05722579736843028;"[0.01598282 0.01576891 0.01502236 0.01406078 0.01371944 0.01299225
 0.01230192 0.01188074 0.0117448  0.01153201]";"[0.0077945 0.0077945 0.0077945 0.0077945 0.0077945 0.0077945 0.0077945
 0.0077945 0.0077945 0.0077945]";"[0.00818832 0.00797441 0.00722786 0.00626628 0.00592494 0.00519776
 0.00450742 0.00408624 0.00395031 0.00373751]";"[0.29432236 0.29195069 0.26674065 0.17355954 0.12455881 0.07232413
 0.05231848 0.09038495 0.10427872 0.02491399]";"[0.05476147 0.05030701 0.0361669  0.02144848 0.01721281 0.00993093
 0.00513281 0.00312881 0.00261589 0.00193364]";"[0.14581794 0.15748709 0.17527892 0.12367397 0.08585371 0.05172044
 0.04257812 0.08480219 0.09970909 0.02165033]";"[0.09374295 0.08415659 0.05529482 0.02843709 0.02149229 0.01067276
 0.00460754 0.00245394 0.00195374 0.00133002]";"[0.00325378 0.00320805 0.00320896 0.00435612 0.0051599  0.00565651
 0.00191353 0.00111231 0.00097752 0.00065539]";"[0.00333012 0.00322646 0.00316973 0.00442354 0.00504057 0.00564449
 0.00176785 0.00114838 0.00139783 0.00065577]"
2020-09-11;S3B;5.675082159803852;1.9702264184572926;0.027292311053942475;1.5924077902990854;2.9922564426243525e-10;2.0851556396943054;0.9026702262851749;0.05750183035685216;"[0.01595297 0.01573902 0.01499231 0.01403053 0.01368913 0.01296179
 0.01227131 0.01185005 0.01171408 0.01150125]";"[0.00776296 0.00776296 0.00776296 0.00776296 0.00776296 0.00776296
 0.00776296 0.00776296 0.00776296 0.00776296]";"[0.00819001 0.00797606 0.00722935 0.00626757 0.00592616 0.00519883
 0.00450835 0.00408708 0.00395112 0.00373828]";"[0.29459303 0.29219577 0.26690782 0.17364368 0.12461571 0.07234923
 0.05233394 0.0904079  0.10430544 0.02492   ]";"[0.05453992 0.05010348 0.03602058 0.0213617  0.01714317 0.00989075
 0.00511205 0.00311615 0.0026053  0.00192582]";"[0.14585799 0.15752977 0.1753257  0.12370772 0.08587657 0.05173425
 0.04259213 0.08482597 0.09973697 0.02165775]";"[0.09419512 0.08456252 0.05556154 0.02857426 0.02159596 0.01072424
 0.00462977 0.00246578 0.00196317 0.00133644]";"[0.00325353 0.00320794 0.0032091  0.00435606 0.00515988 0.00565652
 0.00191357 0.00111227 0.00097746 0.00065537]";"[0.00333012 0.00322646 0.00316973 0.00442354 0.00504057 0.00564449
 0.00176785 0.00114838 0.00139783 0.00065577]"
2020-10-08;S3A;2.860999044306056;4.043654577845501e-09;2.2948432421818836;2.3131246917884596e-10;0.45563569012557037;0.1105201077236348;1.9660848009047505;0.04061230685122494;"[0.02103719 0.02092933 0.02055289 0.02006802 0.01989591 0.01952923
 0.01918114 0.01896876 0.01890022 0.01879292]";"[0.01690833 0.01690833 0.01690833 0.01690833 0.01690833 0.01690833
 0.01690833 0.01690833 0.01690833 0.01690833]";"[0.00412886 0.004021   0.00364456 0.00315969 0.00298758 0.0026209
 0.00227281 0.00206044 0.00199189 0.00188459]";"[0.28163552 0.27152947 0.22512718 0.1438376  0.11820896 0.10000192
 0.03876371 0.04851558 0.05522348 0.01178691]";"[0.11879212 0.10912921 0.07845558 0.04652743 0.03733913 0.02154281
 0.01113443 0.00678722 0.00567455 0.00419458]";"[0.09631541 0.10267557 0.10742968 0.07712879 0.06561706 0.07088481
 0.02435938 0.03998683 0.04816239 0.00664844]";"[0.06652799 0.05972469 0.03924192 0.02018139 0.01525276 0.0075743
 0.0032699  0.00174152 0.00138654 0.0009439 ]";"[0.00451777 0.00464928 0.00538627 0.00780824 0.00814241 0.00720292
 0.00327124 0.00201966 0.00179561 0.0011178 ]";"[0.00456343 0.0046337  0.00535969 0.00780355 0.00814344 0.00731716
 0.00318194 0.00219941 0.00237496 0.00131941]"
2020-10-08;S3B;2.8617583985272494;6.77364830892202e-10;2.2950783899285647;2.3735929888246687e-10;0.45684344311834185;0.10983656456561852;1.9610769420301848;0.04083537440561388;"[0.02099522 0.02088733 0.02051079 0.02002579 0.01985363 0.01948686
 0.01913867 0.01892624 0.01885768 0.01875036]";"[0.01686526 0.01686526 0.01686526 0.01686526 0.01686526 0.01686526
 0.01686526 0.01686526 0.01686526 0.01686526]";"[0.00412995 0.00402206 0.00364552 0.00316053 0.00298837 0.0026216
 0.00227341 0.00206098 0.00199242 0.00188509]";"[0.28175396 0.27163302 0.22518841 0.14386821 0.11823427 0.10001539
 0.03876711 0.04852403 0.05523462 0.01179187]";"[0.11848954 0.10885124 0.07825574 0.04640891 0.03724403 0.02148793
 0.01110607 0.00676994 0.0056601  0.00418389]";"[0.09637102 0.10272904 0.10747521 0.07716706 0.0656537  0.07091156
 0.02437318 0.040003   0.04818037 0.00665889]";"[0.0668934  0.06005274 0.03945746 0.02029223 0.01533654 0.0076159
 0.00328786 0.00175109 0.00139416 0.00094908]";"[0.00451766 0.00464923 0.00538636 0.00780829 0.0081424  0.00720287
 0.0032712  0.00201961 0.00179555 0.00111782]";"[0.00456343 0.0046337  0.00535969 0.00780355 0.00814344 0.00731716
 0.00318194 0.00219941 0.00237496 0.00131941]"
2020-10-24;S3A;3.025120825959679;2.1288928953033803e-09;2.1016849526791055;0.17046598222107162;0.6208831416235885;0.13208674730702058;1.1793846689717986;0.0647161031367684;"[0.01450842 0.01439437 0.01399634 0.01348366 0.01330167 0.01291396
 0.0125459  0.01232134 0.01224886 0.01213541]";"[0.01014271 0.01014271 0.01014271 0.01014271 0.01014271 0.01014271
 0.01014271 0.01014271 0.01014271 0.01014271]";"[0.00436571 0.00425166 0.00385363 0.00334095 0.00315896 0.00277125
 0.00240319 0.00217863 0.00210616 0.0019927 ]";"[0.28314338 0.2724819  0.22536989 0.14414893 0.11762959 0.09627986
 0.03937481 0.05142917 0.05877117 0.01360313]";"[0.07125918 0.06546275 0.04706272 0.02791016 0.02239842 0.01292277
 0.00667915 0.00407142 0.00340396 0.00251618]";"[0.1058712  0.11184728 0.11577479 0.08407954 0.07092574 0.07128738
 0.02748504 0.04458262 0.05315774 0.00958285]";"[0.10601299 0.09517187 0.06253238 0.03215923 0.02430543 0.01206972
 0.00521062 0.00277514 0.00220947 0.00150411]";"[0.00314115 0.00321757 0.00364999 0.00512944 0.00533252 0.00472642
 0.00207141 0.00127368 0.00113089 0.00071079]";"[0.00324233 0.00324273 0.00356318 0.00514491 0.00531307 0.00483597
 0.00198335 0.00142104 0.00153023 0.00087814]"
2020-10-30;S3B;1.7372019857536272;4.620286653267414e-09;1.2274196431047926;1.3166257584185104e-07;0.4224048235566827;0.08737738280928942;1.522787063228136;0.06310156694966931;"[0.01560302 0.01553752 0.01530895 0.01501454 0.01491003 0.01468738
 0.01447602 0.01434707 0.01430545 0.0142403 ]";"[0.01309597 0.01309597 0.01309597 0.01309597 0.01309597 0.01309597
 0.01309597 0.01309597 0.01309597 0.01309597]";"[0.00250705 0.00244155 0.00221298 0.00191857 0.00181406 0.00159142
 0.00138005 0.0012511  0.00120948 0.00114433]";"[0.25765176 0.24291943 0.18911152 0.11661105 0.09407781 0.07015408
 0.02965747 0.03340263 0.0371004  0.01041483]";"[0.09200778 0.08452359 0.06076601 0.03603678 0.02892019 0.0166855
 0.00862392 0.00525689 0.0043951  0.00324882]";"[0.06227579 0.06559831 0.06737319 0.04921735 0.04145856 0.04169998
 0.01595292 0.02543984 0.03055095 0.00569943]";"[0.10336818 0.09279753 0.06097232 0.03135693 0.02369905 0.0117686
 0.00508063 0.0027059  0.00215435 0.00146658]";"[0.00374399 0.00394316 0.00485398 0.00715195 0.00733689 0.0066954
 0.00250476 0.00156144 0.00139505 0.00084362]";"[0.00372894 0.0038892  0.00488077 0.00711156 0.00734706 0.00681038
 0.00247822 0.00161305 0.00159492 0.00084316]"
2020-11-02;S3A;5.216037350764437;1.2256894665885198e-08;2.8319080229097744;1.3382628338831637e-11;2.207288445051832;0.17684087053255332;1.26737199489537;0.07965617541805489;"[0.01842694 0.01823029 0.01754398 0.01666    0.01634621 0.0156777
 0.01504307 0.01465589 0.01453092 0.0143353 ]";"[0.0108994 0.0108994 0.0108994 0.0108994 0.0108994 0.0108994 0.0108994
 0.0108994 0.0108994 0.0108994]";"[0.00752754 0.00733089 0.00664458 0.0057606  0.00544681 0.00477831
 0.00414368 0.00375649 0.00363152 0.0034359 ]";"[0.41892758 0.40590337 0.34389396 0.23272336 0.19067164 0.14979257
 0.06864312 0.09087396 0.10538905 0.03145214]";"[0.07657544 0.07034656 0.05057381 0.02999238 0.02406945 0.01388686
 0.00717744 0.00437516 0.00365791 0.0027039 ]";"[0.21186546 0.21841398 0.21635182 0.16314761 0.13668573 0.12104963
 0.05505215 0.083083   0.0990116  0.0268969 ]";"[0.13048668 0.11714283 0.07696832 0.03958337 0.02991647 0.01485608
 0.00641353 0.00341579 0.00271954 0.00185134]";"[0.0025761  0.00261525 0.00289224 0.00389349 0.00424672 0.00420863
 0.00229179 0.00141131 0.0012421  0.00082889]";"[0.00284605 0.00270937 0.00269234 0.0039086  0.00427375 0.00426383
 0.00203317 0.00165307 0.00232023 0.0011991 ]"
2020-11-12;S3A;4.829622450928168;1.9966016340244863e-08;2.2012637788338822;0.5760340265563699;2.0523246253435294;2.2837065571934545e-10;1.1130786591640984;0.06853635678131978;"[0.01654236 0.01636028 0.01572482 0.01490632 0.01461578 0.01399679
 0.01340918 0.01305068 0.01293497 0.01275384]";"[0.00957248 0.00957248 0.00957248 0.00957248 0.00957248 0.00957248
 0.00957248 0.00957248 0.00957248 0.00957248]";"[0.00696988 0.0067878  0.00615234 0.00533384 0.0050433  0.00442432
 0.0038367  0.0034782  0.00336249 0.00318136]";"[0.37761178 0.3659341  0.31173954 0.21244929 0.17479517 0.1320619
 0.06472378 0.08727484 0.09984005 0.03158666]";"[0.06725293 0.06178238 0.04441682 0.02634102 0.02113917 0.01219624
 0.00630364 0.00384252 0.00321259 0.00237472]";"[0.1980878  0.20336176 0.201099   0.15205064 0.12791581 0.10708346
 0.05290193 0.08049337 0.09428756 0.02761905]";"[0.11227104 0.10078996 0.06622372 0.03405762 0.0257402  0.0127822
 0.00551821 0.00293895 0.0023399  0.0015929 ]";"[0.00260375 0.0026399  0.00288569 0.00381573 0.00409988 0.0041102
 0.00205225 0.00125859 0.00111099 0.00073455]";"[0.00288251 0.00273677 0.00268427 0.00387417 0.0041289  0.00421534
 0.00182129 0.00141423 0.00190055 0.00100872]"
2020-11-12;S3B;4.828525855797951;1.6905877531225855e-08;2.2011846010945755;0.5729544459208737;2.054386791641257;2.3536672610902087e-10;1.1100701613813768;0.06877885737764333;"[0.0165149  0.01633286 0.01569755 0.01487923 0.01458876 0.01396992
 0.01338244 0.01302401 0.01290833 0.01272724]";"[0.0095466 0.0095466 0.0095466 0.0095466 0.0095466 0.0095466 0.0095466
 0.0095466 0.0095466 0.0095466]";"[0.0069683  0.00678626 0.00615094 0.00533263 0.00504215 0.00442331
 0.00383583 0.00347741 0.00336173 0.00318064]";"[0.37784183 0.3661319  0.31184342 0.21250113 0.17483157 0.13207659
 0.06472305 0.08725451 0.09982163 0.03158992]";"[0.06707116 0.06161539 0.04429676 0.02626983 0.02108203 0.01216327
 0.0062866  0.00383213 0.00320391 0.0023683 ]";"[0.19810238 0.20336993 0.20108862 0.15205317 0.12791826 0.10708588
 0.05289871 0.08047303 0.09426955 0.02762309]";"[0.11266829 0.10114658 0.06645804 0.03417813 0.02583127 0.01282743
 0.00553774 0.00294935 0.00234817 0.00159853]";"[0.00260348 0.00263974 0.00288585 0.00381574 0.0040999  0.00411021
 0.00205229 0.00125864 0.00111101 0.00073453]";"[0.00288251 0.00273677 0.00268427 0.00387417 0.0041289  0.00421534
 0.00182129 0.00141423 0.00190055 0.00100872]"
2020-11-15;S3B;5.065171099439614;6.245389455594719e-08;1.993869593554543;1.1645433054210756;1.7462426869462684;0.16051545106383236;1.081304751944382;0.06967439982264687;"[0.01660904 0.01641808 0.01575162 0.0148932  0.01458849 0.01393932
 0.01332305 0.01294706 0.01282571 0.01263574]";"[0.00929922 0.00929922 0.00929922 0.00929922 0.00929922 0.00929922
 0.00929922 0.00929922 0.00929922 0.00929922]";"[0.00730982 0.00711885 0.0064524  0.00559398 0.00528927 0.0046401
 0.00402383 0.00364784 0.00352649 0.00333652]";"[0.37752409 0.36675192 0.31558537 0.21384854 0.17444833 0.12826598
 0.06636873 0.09266133 0.10519727 0.03242452]";"[0.06533313 0.06001874 0.0431489  0.02558909 0.02053573 0.01184808
 0.0061237  0.00373283 0.00312088 0.00230693]";"[0.19805565 0.20426961 0.2051131  0.1536363  0.12774499 0.10342345
 0.05463519 0.08594074 0.09969764 0.02849824]";"[0.1141353  0.10246357 0.06732336 0.03462315 0.02616761 0.01299445
 0.00560984 0.00298776 0.00237875 0.00161935]";"[0.00261844 0.00264639 0.00285633 0.00379162 0.00410587 0.00419124
 0.00203049 0.00123619 0.00109189 0.00072783]";"[0.00286672 0.00273813 0.00267453 0.00384989 0.00413799 0.00428832
 0.00181624 0.00135139 0.00182191 0.0009683 ]"
2021-07-02;S3A;3.4513533806305983;0.2486676714051203;4.720723811857397e-11;0.9331785653233249;0.5191439410940435;1.7503632027609024;0.9483310752515106;0.05728470383350248;"[0.01313648 0.01300636 0.01255224 0.01196733 0.0117597  0.01131736
 0.01089744 0.01064124 0.01055856 0.01042912]";"[0.00815565 0.00815565 0.00815565 0.00815565 0.00815565 0.00815565
 0.00815565 0.00815565 0.00815565 0.00815565]";"[0.00498083 0.00485071 0.0043966  0.00381168 0.00360405 0.00316171
 0.00274179 0.0024856  0.00240291 0.00227347]";"[0.26272465 0.25440021 0.21816746 0.14265948 0.10251048 0.05556201
 0.04411053 0.06542893 0.0756119  0.02349994]";"[0.05729878 0.05263792 0.03784265 0.02244227 0.01801034 0.01039106
 0.00537064 0.00327378 0.00273709 0.00202323]";"[0.11158643 0.11751907 0.12497308 0.09175085 0.06298572 0.0344872
 0.03412761 0.05969868 0.07091906 0.02014531]";"[0.09383944 0.08424321 0.05535174 0.02846636 0.02151442 0.01068374
 0.00461228 0.00245646 0.00195575 0.00133139]";"[0.00303543 0.00307908 0.00331532 0.00447228 0.00515994 0.00561837
 0.0017145  0.0010355  0.00091559 0.00058695]";"[0.00293004 0.00301773 0.00339752 0.00449397 0.00498601 0.00562972
 0.00163854 0.00097392 0.00101083 0.00051353]"
2021-07-18;S3A;1.5014570870374127;1.8950651048399436e-08;0.7769088275778274;2.8631350623697926e-08;0.2329086202047878;0.49163959167279586;1.6735609199239625;0.08516330448912654;"[0.01655946 0.01650285 0.01630529 0.01605084 0.01596051 0.01576808
 0.0155854  0.01547394 0.01543797 0.01538166]";"[0.01439262 0.01439262 0.01439262 0.01439262 0.01439262 0.01439262
 0.01439262 0.01439262 0.01439262 0.01439262]";"[0.00216683 0.00211023 0.00191267 0.00165821 0.00156789 0.00137545
 0.00119277 0.00108132 0.00104535 0.00098904]";"[0.29012245 0.27089584 0.20483477 0.12228852 0.09452875 0.06245994
 0.02973869 0.03192072 0.03524589 0.01083208]";"[0.10111763 0.09289242 0.06678257 0.03960484 0.03178363 0.01833756
 0.00947779 0.00577739 0.00483026 0.00357049]";"[0.04949677 0.05276177 0.05576258 0.04036366 0.03076034 0.0282392
 0.01340396 0.02249138 0.02750808 0.00528226]";"[0.13950804 0.12524165 0.08228962 0.04232002 0.03198478 0.01588317
 0.00685693 0.00365195 0.00290756 0.00197933]";"[0.00339692 0.00362042 0.00463195 0.00714758 0.00767777 0.00757117
 0.00265122 0.00166019 0.0014845  0.00089315]";"[0.00322438 0.00349405 0.00476645 0.00709363 0.00763942 0.00761096
 0.00266401 0.00166689 0.00154154 0.00077133]"
2021-07-19;S3B;1.9470813547248456;0.16229873923453042;0.796102326698541;8.202255541434056e-10;0.35539428726375527;0.6332860007077934;1.6952585328142917;0.05714938880991835;"[0.01738916 0.01731575 0.01705956 0.01672958 0.01661245 0.0163629
 0.01612601 0.01598147 0.01593482 0.0158618 ]";"[0.01457922 0.01457922 0.01457922 0.01457922 0.01457922 0.01457922
 0.01457922 0.01457922 0.01457922 0.01457922]";"[0.00280994 0.00273653 0.00248034 0.00215036 0.00203323 0.00178368
 0.00154678 0.00140225 0.0013556  0.00128258]";"[0.25988699 0.2458844  0.19405886 0.12035221 0.09280189 0.06290473
 0.0313791  0.03738036 0.04230803 0.01243963]";"[0.10242862 0.09409677 0.0676484  0.04011832 0.0321957  0.01857531
 0.00960067 0.00585229 0.00489289 0.00361678]";"[0.06384059 0.06774342 0.07118948 0.05183477 0.03914259 0.03367092
 0.01717704 0.02907741 0.03546401 0.0074946 ]";"[0.09361778 0.08404422 0.05522099 0.02839912 0.0214636  0.01065851
 0.00460139 0.00245066 0.00195113 0.00132824]";"[0.00401663 0.00421892 0.00513752 0.00757347 0.00812211 0.00783414
 0.00272872 0.00169273 0.00150909 0.0009182 ]";"[0.00395367 0.00413257 0.00524164 0.00757274 0.00807814 0.00787815
 0.0027239  0.0017163  0.00158679 0.00082892]"
2021-07-22;S3A;2.3392480331266206;1.0255960188841198;0.009424722766120941;2.5677210357955005e-10;0.544775446050067;0.7594518451695407;1.23932674050251;0.03714038329771974;"[0.0140341  0.01394591 0.01363812 0.01324168 0.01310095 0.01280115
 0.01251653 0.01234289 0.01228685 0.01219912]";"[0.01065821 0.01065821 0.01065821 0.01065821 0.01065821 0.01065821
 0.01065821 0.01065821 0.01065821 0.01065821]";"[0.00337589 0.0032877  0.00297991 0.00258347 0.00244274 0.00214294
 0.00185832 0.00168468 0.00162864 0.00154091]";"[0.20651955 0.19776611 0.16278899 0.10491482 0.07861708 0.04642015
 0.02842267 0.03926285 0.04521506 0.01421938]";"[0.07488092 0.06878988 0.04945468 0.02932869 0.02353682 0.01357956
 0.00701862 0.00427834 0.00357697 0.00264406]";"[0.07079808 0.07435736 0.07744716 0.05713005 0.04113145 0.02591381
 0.01841369 0.03339187 0.04037009 0.01071211]";"[0.06084055 0.05461886 0.03588715 0.01845609 0.01394881 0.00692678
 0.00299036 0.00159264 0.00126801 0.0008632 ]";"[0.0042284  0.00436548 0.00497776 0.00681135 0.00725111 0.00706509
 0.00210478 0.00128512 0.00114277 0.00069972]";"[0.0040402  0.00426055 0.00509529 0.00675435 0.0071478  0.00704802
 0.00206517 0.00126611 0.00118036 0.00058527]"
2021-07-23;S3B;2.2209542808245155;0.3630880965198166;1.93700472328473e-09;0.30491046588410176;0.4152057866608444;1.137749929822748;0.6299080427711723;0.05177803173491466;"[0.00862239 0.00853865 0.00824643 0.00787003 0.00773642 0.00745178
 0.00718156 0.0070167  0.00696349 0.00688019]";"[0.00541721 0.00541721 0.00541721 0.00541721 0.00541721 0.00541721
 0.00541721 0.00541721 0.00541721 0.00541721]";"[0.00320518 0.00312144 0.00282922 0.00245282 0.00231922 0.00203457
 0.00176435 0.00159949 0.00154628 0.00146298]";"[0.19389787 0.18588258 0.1541448  0.09884349 0.07109817 0.03890412
 0.02849316 0.04076887 0.04742205 0.01483845]";"[0.03805945 0.03496358 0.02513615 0.01490678 0.01196297 0.00690204
 0.00356733 0.00217454 0.00181805 0.00134389]";"[0.07101959 0.07477392 0.07897777 0.05820676 0.03968892 0.02234536
 0.02075692 0.036374   0.04383625 0.01229116]";"[0.08481883 0.07614507 0.05003088 0.02572995 0.01944627 0.00965673
 0.00416891 0.00222033 0.00176775 0.00120341]";"[0.00291252 0.00297425 0.0032442  0.00423855 0.00453625 0.00429178
 0.00117741 0.00071493 0.00063375 0.00039055]";"[0.00279575 0.0029363  0.00331219 0.00425121 0.00444276 0.00432189
 0.00108919 0.00064947 0.00067593 0.00030504]"
2021-08-18;S3A;3.9221768287280643;1.062046525445425;0.059624839820823505;1.8174322718599791;0.5416446894857879;0.44142850211604884;1.583083464074696;0.03322443235497524;"[0.01927482 0.01912695 0.01861088 0.01794618 0.01771022 0.01720754
 0.01673034 0.01643919 0.01634522 0.01619813]";"[0.01361452 0.01361452 0.01361452 0.01361452 0.01361452 0.01361452
 0.01361452 0.01361452 0.01361452 0.01361452]";"[0.0056603  0.00551243 0.00499637 0.00433166 0.00409571 0.00359303
 0.00311582 0.00282468 0.00273071 0.00258361]";"[0.27211362 0.26432979 0.22981364 0.15196599 0.1193397  0.07122807
 0.0475     0.07193511 0.07921818 0.02466338]";"[0.09565093 0.08787039 0.06317211 0.03746369 0.03006532 0.01734618
 0.0089654  0.00546504 0.00456913 0.00337746]";"[0.12203696 0.12759935 0.13453819 0.09799215 0.07679628 0.04768545
 0.03585953 0.06504535 0.07351474 0.02051373]";"[0.05442574 0.04886004 0.03210333 0.01651015 0.0124781  0.00619644
 0.00267507 0.00142472 0.00113431 0.00077219]";"[0.00425408 0.00432672 0.00469364 0.00646772 0.00703691 0.00774652
 0.00270125 0.00162539 0.00144808 0.00092994]";"[0.00424717 0.00430399 0.00471642 0.00644457 0.00693964 0.00776292
 0.00259318 0.00164055 0.00162559 0.00087603]"
2021-09-04;S3B;4.071711761896571;1.4089067810247675;1.1046413783688536e-10;1.2603557412804303;0.7088405151501204;0.6936087243307887;1.64554630451898;0.016279748193455845;"[0.0200278  0.01987429 0.01933855 0.0186485  0.01840355 0.01788171
 0.01738631 0.01708407 0.01698651 0.01683381]";"[0.0141517 0.0141517 0.0141517 0.0141517 0.0141517 0.0141517 0.0141517
 0.0141517 0.0141517 0.0141517]";"[0.0058761  0.0057226  0.00518686 0.0044968  0.00425186 0.00373001
 0.00323461 0.00293237 0.00283482 0.00268211]";"[0.25136003 0.24633629 0.21884008 0.14762433 0.11433705 0.06873297
 0.04590107 0.07050382 0.07918847 0.02432608]";"[0.09942497 0.09133745 0.06566466 0.03894188 0.03125159 0.0180306
 0.00931914 0.00568068 0.00474941 0.00351072]";"[0.12526681 0.13105775 0.13744501 0.1005926  0.07697128 0.04766616
 0.03527117 0.06412504 0.07388326 0.02043699]";"[0.02666824 0.02394109 0.01573042 0.00808986 0.00611418 0.00303621
 0.00131077 0.0006981  0.00055581 0.00037837]";"[0.00483963 0.00487661 0.00516704 0.00696043 0.00763795 0.00827398
 0.00283846 0.00170247 0.00151187 0.00097058]";"[0.0047557  0.00482354 0.00522199 0.00689451 0.00751387 0.00828761
 0.00272192 0.00168607 0.00163298 0.00084701]"
2021-09-05;S3A;18.0534604822307;1.1605541527792695e-09;1.3556988864849018e-10;7.516567013459315;3.664052394825035e-10;10.536893467108857;2.1702490909530416;0.16398610257273177;"[0.04471804 0.04403741 0.04166201 0.03860241 0.03751634 0.03520255
 0.033006   0.03166589 0.03123336 0.0305563 ]";"[0.01866414 0.01866414 0.01866414 0.01866414 0.01866414 0.01866414
 0.01866414 0.01866414 0.01866414 0.01866414]";"[0.0260539  0.02537327 0.02299787 0.01993827 0.0188522  0.01653841
 0.01434186 0.01300175 0.01256922 0.01189216]";"[0.92949131 0.92950863 0.87419241 0.58324142 0.39858143 0.20672983
 0.19965246 0.33396893 0.38831978 0.10490653]";"[0.13112785 0.12046152 0.08660265 0.05135898 0.04121654 0.02377988
 0.01229066 0.00749203 0.00626381 0.00463015]";"[0.5297339  0.56788821 0.62913707 0.45039319 0.29577662 0.15236613
 0.17415844 0.3194449  0.37645733 0.09646507]";"[0.26862955 0.24115891 0.15845269 0.08148926 0.06158826 0.03058382
 0.01320336 0.007032   0.00559864 0.0038113 ]";"[0.00257264 0.00252081 0.00249623 0.00348792 0.00488313 0.00771383
 0.00371279 0.0020883  0.00179338 0.00165241]";"[0.00275966 0.00263634 0.00247081 0.00347418 0.00443745 0.00818883
 0.00328324 0.0018177  0.00210456 0.00164723]"
2021-09-05;S3B;18.055635804125796;2.607422611156096e-10;6.604133906407128e-11;7.515752184099641;3.642386392499475e-10;10.539883619335134;2.1600977863790587;0.16495292003330614;"[0.04463388 0.04395317 0.04157748 0.03851751 0.03743131 0.03511724
 0.03292043 0.03158016 0.03114758 0.03047043]";"[0.01857684 0.01857684 0.01857684 0.01857684 0.01857684 0.01857684
 0.01857684 0.01857684 0.01857684 0.01857684]";"[0.02605704 0.02537633 0.02300064 0.01994067 0.01885447 0.0165404
 0.01434359 0.01300332 0.01257074 0.01189359]";"[0.93051798 0.93042983 0.8747939  0.58353333 0.39877342 0.20680648
 0.19969014 0.33400778 0.38836775 0.10491642]";"[0.13051451 0.11989806 0.08619756 0.05111875 0.04102375 0.02366865
 0.01223317 0.00745699 0.00623451 0.0046085 ]";"[0.52979016 0.56795105 0.62920945 0.45044489 0.2957983  0.1523737
 0.17417576 0.31947734 0.37650158 0.09647415]";"[0.27021332 0.24258071 0.15938689 0.0819697  0.06195137 0.03076414
 0.0132812  0.00707346 0.00563165 0.00383377]";"[0.00257208 0.00252049 0.00249639 0.00348805 0.00488309 0.00771398
 0.00371284 0.00208822 0.00179325 0.00165227]";"[0.00275966 0.00263634 0.00247081 0.00347418 0.00443745 0.00818883
 0.00328324 0.0018177  0.00210456 0.00164723]"
2021-09-06;S3A;12.53868936965948;2.3132162851879912e-10;2.7250951495361164e-10;7.3829890018806;2.313274571896784e-10;5.15570036704372;2.471258883308397;1.8019138187108652e-07;"[0.03934807 0.03887535 0.03722556 0.03510057 0.03434626 0.03273926
 0.03121369 0.03028295 0.02998254 0.0295123 ]";"[0.02125283 0.02125283 0.02125283 0.02125283 0.02125283 0.02125283
 0.02125283 0.02125283 0.02125283 0.02125283]";"[0.01809524 0.01762253 0.01597273 0.01384775 0.01309344 0.01148644
 0.00996087 0.00903012 0.00872972 0.00825947]";"[0.52675008 0.5385992  0.53987333 0.37452583 0.269905   0.14646464
 0.13955778 0.23799905 0.26998066 0.0754745 ]";"[0.14931506 0.13716932 0.09861428 0.05848238 0.04693321 0.02707811
 0.01399535 0.00853116 0.00713259 0.00527235]";"[0.37743472 0.40142961 0.44125887 0.31604337 0.22297173 0.1193865
 0.12556241 0.22946788 0.26284806 0.07020215]";"[2.95175808e-07 2.64990482e-07 1.74111154e-07 8.95421157e-08
 6.76744752e-08 3.36061498e-08 1.45081285e-08 7.72691030e-09
 6.15190353e-09 4.18794019e-09]";"[0.00425217 0.00407665 0.00379056 0.00512478 0.00665029 0.00951999
 0.00407476 0.00231159 0.00202169 0.00165454]";"[0.0043089  0.0041825  0.00400242 0.00505008 0.005995   0.01012583
 0.00369184 0.00207785 0.00211315 0.00132453]"
2021-09-08;S3B;12.655527912013175;2.3260726678131505e-10;4.600070324656258e-11;5.566028793481974;2.625458184191132e-10;7.089499117990048;2.421036380725793;0.13288617762746102;"[0.03908477 0.03860765 0.03694248 0.03479769 0.03403636 0.03241438
 0.0308746  0.02993518 0.02963197 0.02915735]";"[0.02082091 0.02082091 0.02082091 0.02082091 0.02082091 0.02082091
 0.02082091 0.02082091 0.02082091 0.02082091]";"[0.01826386 0.01778674 0.01612157 0.01397678 0.01321545 0.01159347
 0.01005369 0.00911426 0.00881106 0.00833644]";"[0.73661635 0.72885904 0.66663011 0.43949926 0.30563661 0.15998267
 0.14712793 0.23903186 0.27561256 0.07631589]";"[0.14628058 0.13438168 0.09661018 0.05729386 0.0459794  0.02652781
 0.01371093 0.00835779 0.00698764 0.0051652 ]";"[0.37265175 0.39905418 0.44161775 0.31617056 0.20974914 0.10867125
 0.12271766 0.22497569 0.26408806 0.0680622 ]";"[0.21768402 0.19542318 0.12840218 0.06603484 0.04990806 0.02478361
 0.01069934 0.00569838 0.00453686 0.00308849]";"[0.00289814 0.00288161 0.00297103 0.00425807 0.00579368 0.00876383
 0.0039423  0.00227761 0.00197893 0.00163092]";"[0.0030097  0.00292909 0.00291729 0.00435003 0.00539413 0.00917115
 0.00358417 0.00190448 0.002057   0.00161559]"
2021-09-12;S3B;5.236227021399016;1.6908295565351583;1.569527841027707e-10;2.4454461085063435;2.252563552351816e-08;1.0999513336749265;1.0795074335656678;0.09910148701744603;"[0.01684044 0.01664303 0.01595407 0.01506666 0.01475166 0.01408056
 0.01344348 0.01305479 0.01292934 0.01273297]";"[0.00928376 0.00928376 0.00928376 0.00928376 0.00928376 0.00928376
 0.00928376 0.00928376 0.00928376 0.00928376]";"[0.00755668 0.00735927 0.0066703  0.0057829  0.00546789 0.0047968
 0.00415971 0.00377103 0.00364558 0.0034492 ]";"[0.36750622 0.35531114 0.30386502 0.19147042 0.14473755 0.08312223
 0.05618348 0.09058943 0.10044032 0.02662137]";"[0.06522454 0.05991898 0.04307718 0.02554656 0.02050159 0.01182839
 0.00611352 0.00372662 0.00311569 0.00230309]";"[0.13994117 0.14965295 0.16503035 0.11667758 0.08701642 0.05281116
 0.04209079 0.08261317 0.09394121 0.022015  ]";"[0.16234051 0.14573922 0.09575749 0.04924629 0.03721954 0.01848268
 0.00797917 0.00424964 0.00338342 0.00230328]";"[0.00268242 0.0027255  0.00296015 0.00423311 0.00486541 0.00566392
 0.00208048 0.00122944 0.00109042 0.00072555]";"[0.00271106 0.00272138 0.00295467 0.00426298 0.00477784 0.00569155
 0.00195346 0.00116811 0.00121566 0.00069303]"
2021-09-13;S3A;4.9267055588134205;1.1469190118639727;4.241824391737481e-09;2.51672070558886;2.2779278796569713e-07;1.2630656093259753;1.4261769493990033;0.04304857524833561;"[0.01937511 0.01918937 0.01854113 0.01770618 0.0174098  0.01677838
 0.01617895 0.01581324 0.0156952  0.01551044]";"[0.01226512 0.01226512 0.01226512 0.01226512 0.01226512 0.01226512
 0.01226512 0.01226512 0.01226512 0.01226512]";"[0.00710999 0.00692425 0.00627601 0.00544106 0.00514468 0.00451325
 0.00391383 0.00354812 0.00343008 0.00324531]";"[0.29321306 0.28815498 0.2589306  0.16901378 0.12711955 0.07287263
 0.05396484 0.08813885 0.09816055 0.02674581]";"[0.08617053 0.07916116 0.05691084 0.0337505  0.02708541 0.01562692
 0.0080768  0.00492338 0.00411626 0.0030427 ]";"[0.13652362 0.14568633 0.16042378 0.11387124 0.08386639 0.04921704
 0.04242198 0.08136947 0.09257457 0.02270258]";"[0.0705189  0.06330748 0.04159598 0.02139204 0.01616775 0.00802867
 0.00346606 0.001846   0.00146972 0.00100052]";"[0.00394975 0.00395667 0.0041131  0.00572756 0.0065504  0.00745945
 0.00255762 0.00151241 0.00134235 0.00088967]";"[0.00388631 0.00391391 0.00418441 0.00573864 0.00638271 0.00750604
 0.00237528 0.00139166 0.00138339 0.00073584]"
2021-09-13;S3B;4.92894044442091;1.1479838251346897;2.1813309492024757e-09;2.5181386097678553;1.9737203205139053e-07;1.2628178099650014;1.4205470000824683;0.043363773095135005;"[0.01932992 0.01914409 0.01849556 0.01766023 0.01736372 0.01673201
 0.01613231 0.01576643 0.01564834 0.01546349]";"[0.0122167 0.0122167 0.0122167 0.0122167 0.0122167 0.0122167 0.0122167
 0.0122167 0.0122167 0.0122167]";"[0.00711321 0.00692739 0.00627886 0.00544353 0.00514701 0.0045153
 0.0039156  0.00354973 0.00343164 0.00324679]";"[0.29344758 0.28836787 0.25907804 0.16908462 0.12717099 0.07289602
 0.05397527 0.08816728 0.09819227 0.02674978]";"[0.08583037 0.07884867 0.05668618 0.03361727 0.02697849 0.01556523
 0.00804491 0.00490394 0.00410001 0.00303069]";"[0.13658198 0.14574819 0.16049132 0.11391869 0.08390637 0.04924334
 0.04243892 0.08140382 0.09261178 0.02271125]";"[0.07103523 0.06377101 0.04190054 0.02154867 0.01628613 0.00808745
 0.00349144 0.00185951 0.00148048 0.00100784]";"[0.00394965 0.00395665 0.00411319 0.00572751 0.00655035 0.00745947
 0.00255761 0.00151231 0.00134223 0.00088965]";"[0.00388631 0.00391391 0.00418441 0.00573864 0.00638271 0.00750604
 0.00237528 0.00139166 0.00138339 0.00073584]"
2021-09-18;S3A;2.5056086228752417;0.9478107818106694;0.7638772907877753;0.14548976735896946;0.3740375477265742;0.2743932351912534;1.166767682846398;0.054974597314496915;"[0.01365018 0.01355571 0.01322604 0.0128014  0.01265067 0.01232954
 0.01202468 0.01183869 0.01177866 0.01168469]";"[0.0100342 0.0100342 0.0100342 0.0100342 0.0100342 0.0100342 0.0100342
 0.0100342 0.0100342 0.0100342]";"[0.00361598 0.00352151 0.00319183 0.0027672  0.00261646 0.00229534
 0.00199048 0.00180449 0.00174446 0.00165049]";"[0.23395228 0.22363473 0.18207002 0.11420634 0.09007888 0.0637074
 0.02940413 0.04012999 0.0453621  0.01142353]";"[0.07049686 0.06476243 0.04655925 0.02761157 0.02215881 0.01278452
 0.0066077  0.00402786 0.00336755 0.00248926]";"[0.07340022 0.07802634 0.08239119 0.05927636 0.04727327 0.04066998
 0.01837014 0.03374472 0.04011767 0.00765657]";"[0.0900552  0.08084596 0.05311958 0.02731841 0.02064681 0.0102529
 0.00442629 0.0023574  0.00187688 0.0012777 ]";"[0.00362896 0.0037486  0.00432017 0.00610715 0.00631816 0.00579443
 0.00203278 0.00124179 0.00110563 0.00067953]";"[0.00358297 0.0037205  0.0043532  0.00606792 0.00628804 0.00580804
 0.00196289 0.00126791 0.00121992 0.00063377]"
2021-11-05;S3B;1.9133489480528072;1.0090061286494034e-08;1.578567250890421;7.21630322164657e-08;0.33478161467505346;2.3423929462751403e-10;0.7419990426606365;0.09553598364648835;"[0.00914245 0.00907031 0.00881856 0.0084943  0.00837919 0.00813397
 0.00790118 0.00775915 0.00771331 0.00764155]";"[0.00638119 0.00638119 0.00638119 0.00638119 0.00638119 0.00638119
 0.00638119 0.00638119 0.00638119 0.00638119]";"[0.00276125 0.00268912 0.00243737 0.00211311 0.001998   0.00175278
 0.00151998 0.00137796 0.00133212 0.00126036]";"[0.26668675 0.25119539 0.19430335 0.11710941 0.09483649 0.07469772
 0.02830437 0.03335987 0.03747113 0.00825766]";"[0.04483206 0.04118529 0.02960908 0.01755942 0.01409176 0.00813024
 0.00420213 0.00256149 0.00214157 0.00158303]";"[0.06535491 0.06951434 0.07238198 0.0520755  0.04486428 0.04874978
 0.01641015 0.02670164 0.03206787 0.00445422]";"[0.15649978 0.14049577 0.0923123  0.04747449 0.03588045 0.0178177
 0.00769209 0.00409674 0.00326169 0.00222041]";"[0.00222331 0.00231756 0.0027628  0.00396785 0.00399697 0.00342649
 0.00133407 0.0008267  0.00073671 0.00044935]";"[0.00226856 0.00230695 0.00274746 0.00397948 0.00400381 0.00349287
 0.00130192 0.00092772 0.00105028 0.00058163]"
2021-11-06;S3A;1.3057193259300803;1.4585749275042303e-10;1.2150948847885357;2.5291768679380766e-10;0.07520409184520155;0.015420348897567937;0.6877633258334975;0.10091878046741404;"[0.00779912 0.00774989 0.00757809 0.0073568  0.00727825 0.00711091
 0.00695204 0.00685512 0.00682384 0.00677487]";"[0.00591476 0.00591476 0.00591476 0.00591476 0.00591476 0.00591476
 0.00591476 0.00591476 0.00591476 0.00591476]";"[0.00188435 0.00183513 0.00166332 0.00144204 0.00136349 0.00119614
 0.00103728 0.00094035 0.00090907 0.0008601 ]";"[0.24740878 0.23052044 0.17205699 0.09945428 0.07957628 0.06027378
 0.02205399 0.02383564 0.02613381 0.00526187]";"[0.04155511 0.03817489 0.02744483 0.01627593 0.01306174 0.00753597
 0.00389498 0.00237426 0.00198504 0.00146732]";"[0.04053621 0.04393381 0.0470987  0.033029   0.02861247 0.0339162
 0.01003353 0.01713381 0.02070331 0.00144903]";"[0.16531747 0.14841174 0.09751346 0.05014935 0.03790207 0.01882161
 0.00812549 0.00432757 0.00344546 0.00234552]";"[0.00211172 0.00222538 0.00274308 0.00405036 0.00400963 0.00337901
 0.00119733 0.00074538 0.00066635 0.00039986]";"[0.00210991 0.00219158 0.00275838 0.0040247  0.00401398 0.00342461
 0.00117721 0.00082402 0.00086493 0.00046246]"
2022-04-06;S3A;2.956578170190259;1.7461668908028267;0.5876227624905059;1.1519106501989285e-08;1.0534323413580182e-10;0.6227885052724769;0.40564007529848956;0.11381823537878732;"[0.0077553  0.00764383 0.00725482 0.00675375 0.00657589 0.00619697
 0.00583724 0.00561777 0.00554694 0.00543606]";"[0.0034885 0.0034885 0.0034885 0.0034885 0.0034885 0.0034885 0.0034885
 0.0034885 0.0034885 0.0034885]";"[0.00426679 0.00415533 0.00376631 0.00326525 0.00308739 0.00270846
 0.00234874 0.00212927 0.00205844 0.00194755]";"[0.27813644 0.26379836 0.20889694 0.12327516 0.09282563 0.06228272
 0.02717539 0.04083317 0.0469033  0.0083989 ]";"[0.02450904 0.0225154  0.01618685 0.00959948 0.00770376 0.00444468
 0.00229724 0.00140033 0.00117077 0.00086542]";"[0.06717903 0.07390121 0.08273244 0.05711623 0.04237515 0.03661065
 0.01571406 0.03455212 0.04184668 0.00488816]";"[0.18644837 0.16738175 0.10997765 0.05655945 0.04274671 0.02122739
 0.00916409 0.00488072 0.00388586 0.00264532]";"[0.00182112 0.00186845 0.0021067  0.00296194 0.00314136 0.00283372
 0.00097055 0.00057847 0.00051075 0.00031502]";"[0.00179123 0.00183903 0.00211246 0.00298335 0.00310904 0.00282256
 0.0009297  0.00056571 0.00063648 0.00031135]"
2022-04-10;S3A;0.6107214002694356;0.22347572105093166;0.05584115836762493;4.195744585100414e-09;2.3132579185514146e-10;0.3314045164238086;0.7562390471412833;0.09035310317827741;"[0.00738502 0.007362   0.00728164 0.00717814 0.0071414  0.00706313
 0.00698882 0.00694349 0.00692885 0.00690595]";"[0.00650366 0.00650366 0.00650366 0.00650366 0.00650366 0.00650366
 0.00650366 0.00650366 0.00650366 0.00650366]";"[0.00088136 0.00085834 0.00077798 0.00067448 0.00063774 0.00055947
 0.00048516 0.00043983 0.0004252  0.00040229]";"[0.20865164 0.19125819 0.13595044 0.07575635 0.05658019 0.03077504
 0.01563386 0.01474741 0.01550767 0.00552014]";"[0.04569245 0.04197569 0.03017732 0.01789641 0.0143622  0.00828627
 0.00428277 0.00261065 0.00218267 0.00161341]";"[0.01494961 0.0164087  0.01846882 0.01296097 0.00828407 0.00563769
 0.0040763  0.00826226 0.01024026 0.00180677]";"[0.14800958 0.13287379 0.0873043  0.04489897 0.03393391 0.01685108
 0.00727479 0.00387449 0.00308474 0.00209995]";"[0.00238624 0.00256686 0.00334802 0.00505593 0.0050202  0.00450597
 0.00121038 0.00075765 0.00067988 0.00040025]";"[0.00238779 0.00250986 0.00331792 0.00506219 0.0050956  0.00445973
 0.0011599  0.00069411 0.00065855 0.00033619]"
2022-04-19;S3B;3.1096118704915585;1.6359081267199285;0.04927894826820878;8.582301536108616e-12;0.3292963627147019;1.095128432780137;0.5406486775854785;0.08631419555813957;"[0.00913722 0.00901999 0.00861084 0.00808384 0.00789677 0.00749823
 0.00711989 0.00688906 0.00681456 0.00669794]";"[0.00464958 0.00464958 0.00464958 0.00464958 0.00464958 0.00464958
 0.00464958 0.00464958 0.00464958 0.00464958]";"[0.00448765 0.00437041 0.00396126 0.00343426 0.00324719 0.00284865
 0.00247031 0.00223948 0.00216498 0.00204836]";"[0.2546547  0.24347131 0.19872839 0.12284456 0.08940613 0.0526518
 0.03052893 0.04652404 0.05432158 0.01364215]";"[0.03266634 0.03000916 0.0215743  0.01279446 0.01026779 0.005924
 0.00306183 0.0018664  0.00156043 0.00115346]";"[0.08059501 0.086528   0.09375241 0.06715817 0.04672132 0.03062998
 0.02051751 0.04095634 0.0498143  0.01048262]";"[0.14139335 0.12693415 0.08340168 0.04289193 0.03241702 0.01609782
 0.0069496  0.0037013  0.00294685 0.00200608]";"[0.00228383 0.00233222 0.00257826 0.00351984 0.00386537 0.00375352
 0.0011641  0.00069613 0.00061439 0.00038257]";"[0.00226813 0.00231111 0.00259769 0.00355794 0.00380905 0.00377281
 0.00114214 0.00068894 0.00072441 0.00035456]"
2022-04-28;S3A;1.655307237396002;0.48691639632241046;0.338221656586683;1.2911779145863278e-08;0.1580886708402096;0.6720805007349198;0.6209022068802722;0.08043565358092741;"[0.00772862 0.00766621 0.00744841 0.00716788 0.0070683  0.00685615
 0.00665475 0.00653188 0.00649222 0.00643014]";"[0.00533976 0.00533976 0.00533976 0.00533976 0.00533976 0.00533976
 0.00533976 0.00533976 0.00533976 0.00533976]";"[0.00238886 0.00232645 0.00210866 0.00182812 0.00172854 0.00151639
 0.00131499 0.00119212 0.00115246 0.00109038]";"[0.2157076  0.20270571 0.15658608 0.09339907 0.06931794 0.04275787
 0.02236727 0.02870192 0.03286179 0.00876701]";"[0.03751531 0.0344637  0.02477678 0.01469366 0.01179194 0.00680336
 0.00351632 0.00214345 0.00179206 0.00132467]";"[0.04642872 0.04995287 0.0540878  0.0387347  0.02731679 0.02095306
 0.01237466 0.02310926 0.02832359 0.00557288]";"[0.13176357 0.11828913 0.0777215  0.03997072 0.03020922 0.01500145
 0.00647629 0.00344922 0.00274615 0.00186946]";"[0.00237261 0.00247454 0.00291577 0.00409795 0.00423677 0.00378106
 0.00111688 0.00068537 0.00061    0.00036887]";"[0.00232495 0.00242658 0.00296206 0.00408923 0.00420209 0.00379659
 0.00111249 0.00068473 0.00066008 0.00034512]"
2022-05-18;S3A;2.7890979967061815;2.3132579185514146e-10;2.926264230929121e-09;1.0676493447041515;0.26604094944761764;1.4554076993968224;0.884904437520207;0.04038155667864976;"[0.01163527 0.01153012 0.01116314 0.01069046 0.01052267 0.01016521
 0.00982587 0.00961883 0.00955201 0.00944741]";"[0.00761018 0.00761018 0.00761018 0.00761018 0.00761018 0.00761018
 0.00761018 0.00761018 0.00761018 0.00761018]";"[0.00402509 0.00391994 0.00355296 0.00308028 0.0029125  0.00255504
 0.00221569 0.00200865 0.00194183 0.00183723]";"[0.20858685 0.2025582  0.17561646 0.11481127 0.08237237 0.04402083
 0.0366233  0.05484087 0.06282143 0.01932547]";"[0.0534665  0.04911737 0.03531165 0.02094128 0.01680577 0.00969608
 0.00501143 0.00305482 0.00255403 0.00188791]";"[0.08897036 0.09405547 0.10128586 0.07380327 0.0504005  0.02679348
 0.02836054 0.05005442 0.05888874 0.01649903]";"[0.06614999 0.05938535 0.03901896 0.02006672 0.0151661  0.00753126
 0.00325133 0.00173163 0.00137866 0.00093853]";"[0.00350359 0.00354325 0.00375064 0.00497182 0.00552953 0.00563801
 0.00158    0.00095549 0.0008475  0.00053414]";"[0.00337604 0.00346549 0.0038699  0.0049635  0.00535638 0.00569549
 0.00148449 0.00089119 0.0008623  0.00038417]"
2022-05-20;S3B;1.5558069710473048;2.3190283027219039e-10;2.3132162851879912e-10;4.4772352492117307e-10;2.31298313835282e-10;1.5558069699050585;0.577205714110437;0.05427453531821269;"[0.00720924 0.00715058 0.00694587 0.0066822  0.00658861 0.00638921
 0.00619992 0.00608443 0.00604716 0.00598881]";"[0.00496397 0.00496397 0.00496397 0.00496397 0.00496397 0.00496397
 0.00496397 0.00496397 0.00496397 0.00496397]";"[0.00224527 0.00218661 0.0019819  0.00171824 0.00162464 0.00142524
 0.00123595 0.00112046 0.00108319 0.00102484]";"[0.16658377 0.1586932  0.12840474 0.07847608 0.05157965 0.02551463
 0.02126828 0.02957147 0.03554579 0.00984624]";"[0.03487514 0.03203829 0.02303309 0.01365958 0.01096207 0.00632456
 0.00326886 0.0019926  0.00166594 0.00123145]";"[0.04280022 0.04683847 0.05292851 0.03784597 0.02023369 0.00906773
 0.0136295  0.02525148 0.03202686 0.00735336]";"[0.08890841 0.07981644 0.05244314 0.02697053 0.02038389 0.01012234
 0.00436992 0.00232738 0.00185298 0.00126143]";"[0.00296057 0.00304174 0.00338035 0.00451987 0.00490254 0.00430111
 0.00104182 0.00063561 0.00056365 0.00034242]";"[0.0028213  0.00291626 0.00339053 0.00460562 0.00479182 0.00435391
 0.0008126  0.00042768 0.00041942 0.00016712]"
2022-05-25;S3A;1.0861928867574133;2.3132912252421534e-10;2.3132079585153065e-10;1.3200857074124883e-10;1.7856706946428602e-08;1.086192868306048;0.827672799076351;0.03907145470082529;"[0.00868553 0.00864458 0.00850166 0.00831758 0.00825224 0.00811303
 0.00798087 0.00790024 0.00787422 0.00783348]";"[0.00711799 0.00711799 0.00711799 0.00711799 0.00711799 0.00711799
 0.00711799 0.00711799 0.00711799 0.00711799]";"[0.00156754 0.00152659 0.00138367 0.00119959 0.00113425 0.00099504
 0.00086288 0.00078225 0.00075623 0.0007155 ]";"[0.14389355 0.13609985 0.10773316 0.0654249  0.04451915 0.02268658
 0.01734865 0.02216213 0.02608246 0.00780768]";"[0.05000853 0.04594068 0.03302785 0.01958689 0.01571885 0.00906899
 0.00468732 0.00285725 0.00238884 0.00176581]";"[0.02988114 0.03270046 0.03695225 0.02642231 0.01412623 0.00633067
 0.00951549 0.01762943 0.02235968 0.00513378]";"[0.06400388 0.05745871 0.03775306 0.01941569 0.01467407 0.00728693
 0.00314584 0.00167545 0.00133394 0.00090808]";"[0.00405734 0.00423086 0.0049034  0.00664687 0.00679321 0.00572417
 0.0013631  0.00083989 0.00074887 0.00044811]";"[0.00387618 0.00407451 0.00498378 0.00669061 0.0067336  0.00580619
 0.00106936 0.00054444 0.00049831 0.00019761]"
2022-05-27;S3A;1.2293430886682724;0.33649463061585144;2.014471922606731e-11;1.2523732051406e-10;0.2738513424092001;0.6189971154978389;0.9700779670813731;0.020275523724501143;"[0.0101168  0.01007045 0.0099087  0.00970036 0.0096264  0.00946885
 0.00931927 0.00922802 0.00919857 0.00915246]";"[0.00834267 0.00834267 0.00834267 0.00834267 0.00834267 0.00834267
 0.00834267 0.00834267 0.00834267 0.00834267]";"[0.00177413 0.00172778 0.00156603 0.00135769 0.00128373 0.00112618
 0.0009766  0.00088535 0.0008559  0.00080979]";"[0.13045091 0.12432441 0.10094888 0.06457035 0.04746786 0.02691391
 0.01780973 0.02305007 0.02654312 0.00887177]";"[0.05861274 0.053845   0.03871045 0.02295691 0.01842335 0.01062935
 0.00549379 0.00334886 0.00279986 0.00206963]";"[0.03862436 0.04066211 0.04264707 0.03153797 0.02142963 0.01250313
 0.01068345 0.01883177 0.02305104 0.00633091]";"[0.03321382 0.0298173  0.01959136 0.01007547 0.00761488 0.00378144
 0.00163249 0.00086945 0.00069223 0.00047124]";"[0.00518531 0.00537835 0.00610013 0.00788057 0.00764872 0.00640154
 0.00160256 0.00098573 0.00087979 0.00052523]";"[0.00504758 0.00527781 0.00623011 0.00780788 0.00760201 0.00637939
 0.0015588  0.00093295 0.00086971 0.00042425]"
2022-05-28;S3B;0.8837396565296165;0.05794468634668343;8.298278730833886e-11;2.335681648091281e-10;0.09067521296905273;0.7351197568973294;0.978113611827216;0.02099676925161434;"[0.00968715 0.00965383 0.00953755 0.00938778 0.00933462 0.00922135
 0.00911383 0.00904823 0.00902706 0.00899391]";"[0.00841178 0.00841178 0.00841178 0.00841178 0.00841178 0.00841178
 0.00841178 0.00841178 0.00841178 0.00841178]";"[0.00127537 0.00124205 0.00112577 0.000976   0.00092284 0.00080958
 0.00070205 0.00063645 0.00061528 0.00058214]";"[0.11986655 0.11348712 0.09022568 0.05607317 0.039786   0.02133163
 0.01522749 0.01859627 0.02147276 0.00712507]";"[0.05909826 0.05429103 0.03903111 0.02314707 0.01857596 0.0107174
 0.0055393  0.0033766  0.00282305 0.00208677]";"[0.02637299 0.02831812 0.0309063  0.02249221 0.01332428 0.00669829
 0.00799763 0.0143193  0.01793286 0.0045503 ]";"[0.03439531 0.03087797 0.02028827 0.01043388 0.00788576 0.00391595
 0.00169056 0.00090038 0.00071685 0.000488  ]";"[0.00545842 0.00570785 0.00661192 0.00864489 0.00829609 0.00668436
 0.00157681 0.00097364 0.00087008 0.00051585]";"[0.00527592 0.00557235 0.00679286 0.00858275 0.00824835 0.00668684
 0.00145416 0.00084982 0.0007812  0.00035779]"
2022-06-25;S3A;1.6427323273725492;0.12925694581985503;2.389445308281779e-09;0.26774630772353175;1.1876302441482522e-08;1.2457290595634145;0.4099812703305883;0.04480663667268253;"[0.00589655 0.00583462 0.00561848 0.00534007 0.00524125 0.00503071
 0.00483084 0.0047089  0.00466955 0.00460794]";"[0.00352584 0.00352584 0.00352584 0.00352584 0.00352584 0.00352584
 0.00352584 0.00352584 0.00352584 0.00352584]";"[0.00237071 0.00230878 0.00209264 0.00181424 0.00171541 0.00150487
 0.001305   0.00118306 0.00114371 0.0010821 ]";"[0.14340334 0.13775618 0.11469942 0.07123136 0.04808021 0.02463415
 0.02020345 0.0301017  0.03552245 0.00959103]";"[0.02477133 0.02275636 0.01636009 0.00970221 0.00778621 0.00449225
 0.00232183 0.00141532 0.0011833  0.00087468]";"[0.04523319 0.04910692 0.05504462 0.03926349 0.02346597 0.01178535
 0.01427401 0.026765   0.03280941 0.00767497]";"[0.07339882 0.0658929  0.04329472 0.02226567 0.01682803 0.00835655
 0.00360761 0.00192138 0.00152974 0.00104138]";"[0.00296819 0.00300768 0.00316736 0.00399884 0.00411498 0.0034098
 0.00081704 0.00049282 0.00043644 0.00026464]";"[0.00300611 0.00301711 0.00314775 0.00411982 0.00404608 0.0034933
 0.00067425 0.00042027 0.00049617 0.00019755]"
2022-06-25;S3B;1.64263232920002;0.12890668055428905;1.3435119683435914e-09;0.26780156553698337;1.9812127771690058e-08;1.2459240619531078;0.40850395511319026;0.04494125436563465;"[0.0058837  0.00582177 0.00560564 0.00532726 0.00522844 0.00501792
 0.00481806 0.00469613 0.00465677 0.00459517]";"[0.00351313 0.00351313 0.00351313 0.00351313 0.00351313 0.00351313
 0.00351313 0.00351313 0.00351313 0.00351313]";"[0.00237057 0.00230864 0.00209251 0.00181413 0.00171531 0.00150478
 0.00130492 0.00118299 0.00114364 0.00108203]";"[0.14353518 0.13787261 0.11477098 0.07126392 0.04810205 0.0246414
 0.02020703 0.03010322 0.03552395 0.00959193]";"[0.02468207 0.02267436 0.01630113 0.00966725 0.00775815 0.00447606
 0.00231346 0.00141022 0.00117903 0.00087153]";"[0.04523376 0.04910739 0.05504505 0.03926411 0.02346531 0.01178367
 0.01427512 0.02676585 0.03281058 0.00767589]";"[0.07361934 0.06609087 0.04342479 0.02233256 0.01687859 0.00838166
 0.00361845 0.00192716 0.00153434 0.00104451]";"[0.00296808 0.00300763 0.00316747 0.00399878 0.00411499 0.0034098
 0.00081706 0.0004928  0.00043641 0.00026461]";"[0.00300611 0.00301711 0.00314775 0.00411982 0.00404608 0.0034933
 0.00067425 0.00042027 0.00049617 0.00019755]"
2022-06-26;S3A;1.5389130456886024;7.650713396145647e-11;2.0283358326267376e-10;2.2957549195012916e-08;2.3132162851879912e-10;1.5389130222203908;0.40947152622725247;0.05440908928096988;"[0.00574234 0.00568432 0.00548184 0.00522103 0.00512845 0.00493122
 0.00474398 0.00462975 0.00459288 0.00453517]";"[0.00352146 0.00352146 0.00352146 0.00352146 0.00352146 0.00352146
 0.00352146 0.00352146 0.00352146 0.00352146]";"[0.00222089 0.00216287 0.00196038 0.00169958 0.001607   0.00140977
 0.00122253 0.0011083  0.00107143 0.00101371]";"[0.15620483 0.14907225 0.12126668 0.07416255 0.04822493 0.02360337
 0.0201812  0.028724   0.0347185  0.00941167]";"[0.02474053 0.02272807 0.01633975 0.00969015 0.00777653 0.00448667
 0.00231894 0.00141356 0.00118182 0.00087359]";"[0.04233547 0.04632986 0.05235378 0.03743501 0.02001398 0.00896927
 0.01348151 0.02497729 0.0316791  0.00727352]";"[0.08912883 0.08001432 0.05257315 0.02703739 0.02043442 0.01014743
 0.00438075 0.00233315 0.00185758 0.00126456]";"[0.00265643 0.00270951 0.00292947 0.00377839 0.00402889 0.00339393
 0.0008042  0.00048708 0.00043088 0.00026107]";"[0.00268276 0.00269283 0.00287535 0.00391902 0.00391944 0.0036037
 0.00052162 0.0002828  0.00032919 0.000114  ]"
2022-06-29;S3A;1.6080166913894052;0.21672318428070936;1.9990259447766334e-10;0.30422690527334373;4.3987285647251184e-07;1.087066161762593;0.5260103462195792;0.03476870900585602;"[0.0068443  0.00678368 0.0065721  0.00629958 0.00620285 0.00599676
 0.00580111 0.00568175 0.00564323 0.00558292]";"[0.00452369 0.00452369 0.00452369 0.00452369 0.00452369 0.00452369
 0.00452369 0.00452369 0.00452369 0.00452369]";"[0.00232061 0.00225999 0.00204841 0.0017759  0.00167916 0.00147307
 0.00127743 0.00115806 0.00111954 0.00105923]";"[0.13240682 0.12768439 0.10759215 0.06745673 0.04631058 0.02441966
 0.019361   0.02906907 0.03402589 0.00916641]";"[0.03178189 0.02919665 0.02099017 0.01244804 0.00998979 0.00576361
 0.00297893 0.00181587 0.00151818 0.00112223]";"[0.04366948 0.04735668 0.05300648 0.03773115 0.02326271 0.0121716
 0.01358266 0.02576226 0.03132067 0.0072361 ]";"[0.05695545 0.05113106 0.0335955  0.01727754 0.01305808 0.00648445
 0.00279941 0.00149094 0.00118704 0.00080808]";"[0.00364035 0.00368927 0.00388336 0.00491779 0.00496951 0.0040836
 0.00098078 0.00059393 0.00052734 0.00031946]";"[0.00363699 0.00367047 0.00392876 0.00501638 0.00487283 0.00416529
 0.0008417  0.00050465 0.00052061 0.00022928]"
2022-07-02;S3B;0.9407247209012728;4.2300829505848014e-10;2.3135326987500093e-10;1.4131112946458302e-10;6.712247424545126e-10;0.9407247194343754;0.6464995148291874;0.03343084454584;"[0.00691751 0.00688204 0.00675826 0.00659883 0.00654224 0.00642167
 0.00630722 0.00623739 0.00621485 0.00617957]";"[0.0055599 0.0055599 0.0055599 0.0055599 0.0055599 0.0055599 0.0055599
 0.0055599 0.0055599 0.0055599]";"[0.00135761 0.00132214 0.00119837 0.00103894 0.00098235 0.00086178
 0.00074732 0.00067749 0.00065495 0.00061967]";"[0.1197051  0.11336916 0.09010443 0.05479585 0.03706808 0.01880161
 0.01459411 0.01893379 0.02237247 0.00660251]";"[0.03906192 0.03588451 0.02579822 0.01529942 0.01227807 0.00708383
 0.00366129 0.00223181 0.00186594 0.00137929]";"[0.02587932 0.02832106 0.03200343 0.02288371 0.01223438 0.00548284
 0.00824113 0.01526841 0.01936517 0.00444624]";"[0.05476387 0.04916359 0.03230278 0.01661272 0.01255562 0.00623494
 0.00269169 0.00143357 0.00114136 0.00077699]";"[0.00410294 0.00425809 0.00481343 0.00622695 0.00605204 0.00473513
 0.00108587 0.0006677  0.00059534 0.00035468]";"[0.00406371 0.00419603 0.00485331 0.00632791 0.00602031 0.00482043
 0.00084278 0.00047137 0.00044524 0.00018698]"
2022-07-03;S3A;0.9671768103345817;5.976112038563741e-07;2.3132079585153065e-10;1.6391055179809655e-11;2.3132079585153065e-10;0.9671762122443452;0.8554998344089565;0.025753550013635357;"[0.00875308 0.00871662 0.00858936 0.00842545 0.00836727 0.00824331
 0.00812563 0.00805384 0.00803067 0.0079944 ]";"[0.0073573 0.0073573 0.0073573 0.0073573 0.0073573 0.0073573 0.0073573
 0.0073573 0.0073573 0.0073573]";"[0.00139578 0.00135932 0.00123206 0.00106815 0.00100997 0.00088601
 0.00076834 0.00069654 0.00067337 0.0006371 ]";"[0.12048437 0.11447597 0.09192614 0.05657024 0.03849798 0.01981401
 0.01539132 0.01975541 0.0232581  0.006995  ]";"[0.05168985 0.04748525 0.03413827 0.02024542 0.01624733 0.00937389
 0.00484491 0.00295332 0.00246916 0.00182518]";"[0.02660701 0.02911741 0.03290332 0.02352717 0.0125784  0.00563701
 0.00847286 0.01569773 0.01990969 0.00457126]";"[0.04218751 0.03787332 0.02488454 0.01279766 0.00967226 0.0048031
 0.00207355 0.00110436 0.00087925 0.00059855]";"[0.00496179 0.00515632 0.0058662  0.00769049 0.00756588 0.00605657
 0.00139876 0.00086146 0.00076868 0.00045789]";"[0.0049469  0.00510579 0.00588941 0.00783043 0.00752409 0.00615998
 0.00110718 0.00064152 0.00059878 0.00024414]"
2022-07-05;S3B;0.6982354159589815;2.3132079585153065e-10;2.313191305169937e-10;1.3943846077779654e-10;5.263356583906642e-08;0.6982353627233373;0.9427907128939722;0.031273423630747865;"[0.00911566 0.00908934 0.00899747 0.00887913 0.00883713 0.00874764
 0.00866269 0.00861086 0.00859413 0.00856794]";"[0.008108 0.008108 0.008108 0.008108 0.008108 0.008108 0.008108 0.008108
 0.008108 0.008108]";"[0.00100766 0.00098134 0.00088947 0.00077113 0.00072913 0.00063964
 0.00055469 0.00050286 0.00048613 0.00045994]";"[0.12740221 0.11934206 0.09159368 0.0548368  0.03873122 0.02023246
 0.01397407 0.01592841 0.01816224 0.0060384 ]";"[0.05696402 0.0523304  0.03762157 0.02231116 0.01790512 0.01033036
 0.00533926 0.00325466 0.0027211  0.00201141]";"[0.01920844 0.02102078 0.02375395 0.01698501 0.00908074 0.00406953
 0.00611683 0.01133269 0.01437344 0.00330014]";"[0.05122974 0.04599088 0.03021816 0.01554064 0.01174536 0.00583257
 0.00251798 0.00134106 0.0010677  0.00072685]";"[0.00483408 0.00511106 0.00614999 0.00832982 0.00796791 0.00640958
 0.00150146 0.00093035 0.00083244 0.00049138]";"[0.0047022  0.00493135 0.00602816 0.00850693 0.00815966 0.00654835
 0.00089936 0.00049386 0.00047386 0.00018249]"
2022-07-07;S3A;0.967236751755497;1.910788235970351e-07;2.3132079585153065e-10;4.919789575730249e-10;2.3132079585153065e-10;0.9672365597220528;0.8550780897926819;0.025774678432038095;"[0.00874954 0.00871308 0.00858581 0.00842189 0.0083637  0.00823974
 0.00812205 0.00805026 0.00802708 0.00799081]";"[0.00735367 0.00735367 0.00735367 0.00735367 0.00735367 0.00735367
 0.00735367 0.00735367 0.00735367 0.00735367]";"[0.00139587 0.0013594  0.00123214 0.00106822 0.00101003 0.00088607
 0.00076838 0.00069659 0.00067341 0.00063714]";"[0.12049515 0.11448544 0.09193177 0.05657222 0.03849869 0.01981367
 0.01539116 0.01975583 0.02325884 0.00699487]";"[0.05166437 0.04746184 0.03412144 0.02023544 0.01623932 0.00936927
 0.00484252 0.00295186 0.00246794 0.00182428]";"[0.02660866 0.02911922 0.03290537 0.02352863 0.01257918 0.00563736
 0.00847339 0.01569871 0.01991093 0.00457155]";"[0.04222212 0.03790439 0.02490496 0.01280816 0.0096802  0.00480704
 0.00207525 0.00110526 0.00087997 0.00059905]";"[0.00496179 0.00515631 0.00586618 0.00769049 0.00756594 0.00605655
 0.00139874 0.00086145 0.00076867 0.00045789]";"[0.0049469  0.00510579 0.00588941 0.00783043 0.00752409 0.00615998
 0.00110718 0.00064152 0.00059878 0.00024414]"
2022-07-07;S3B;0.9676446411217448;4.6186376723156286e-07;2.3132079585153065e-10;2.780517482925404e-10;2.3132079585153065e-10;0.9676441785172842;0.852207045167469;0.02591872768190412;"[0.00872544 0.00868896 0.00856164 0.00839765 0.00833944 0.00821542
 0.00809769 0.00802586 0.00800268 0.00796639]";"[0.00732898 0.00732898 0.00732898 0.00732898 0.00732898 0.00732898
 0.00732898 0.00732898 0.00732898 0.00732898]";"[0.00139646 0.00135998 0.00123266 0.00106867 0.00101046 0.00088644
 0.00076871 0.00069688 0.0006737  0.00063741]";"[0.12056887 0.1145502  0.09197026 0.05658578 0.03850357 0.01981146
 0.01539007 0.01975871 0.02326387 0.00699402]";"[0.0514909  0.04730248 0.03400687 0.02016749 0.01618479 0.00933781
 0.00482626 0.00294195 0.00245966 0.00181816]";"[0.02661988 0.0291315  0.03291924 0.02353855 0.01258448 0.00563974
 0.00847696 0.01570533 0.01991932 0.00457347]";"[0.04245809 0.03811623 0.02504415 0.01287974 0.0097343  0.00483391
 0.00208685 0.00111144 0.00088489 0.00060239]";"[0.00496174 0.00515623 0.00586603 0.00769049 0.00756634 0.0060564
 0.00139863 0.00086136 0.00076858 0.00045785]";"[0.0049469  0.00510579 0.00588941 0.00783043 0.00752409 0.00615998
 0.00110718 0.00064152 0.00059878 0.00024414]"
2022-07-10;S3B;1.428616294880493;0.521797380470034;3.1772176556366105e-09;3.1093710939344987e-09;2.316272174063272e-10;0.9068189078922431;1.693504689939691;3.752415045354951e-12;"[0.01662585 0.01657199 0.01638402 0.01614191 0.01605596 0.01587287
 0.01569905 0.015593   0.01555877 0.0155052 ]";"[0.01456414 0.01456414 0.01456414 0.01456414 0.01456414 0.01456414
 0.01456414 0.01456414 0.01456414 0.01456414]";"[0.00206171 0.00200785 0.00181988 0.00157777 0.00149182 0.00130873
 0.00113491 0.00102886 0.00099463 0.00094106]";"[0.13703467 0.13209638 0.11063346 0.07040001 0.05045694 0.02902874
 0.01933256 0.02564747 0.02953877 0.00840348]";"[0.10232265 0.09399942 0.06757841 0.04007681 0.0321624  0.01855609
 0.00959074 0.00584624 0.00488783 0.00361304]";"[0.03471202 0.03809696 0.04305504 0.0303232  0.01829454 0.01047265
 0.00974182 0.01980123 0.02465095 0.00479044]";"[6.14692075e-12 5.51832314e-12 3.62579667e-12 1.86467953e-12
 1.40929448e-12 6.99834925e-13 3.02126102e-13 1.60909885e-13
 1.28110985e-13 8.72122164e-14]";"[0.00783246 0.00808019 0.00910641 0.01228311 0.01250187 0.01086403
 0.00277498 0.00169732 0.0015137  0.00090261]";"[0.007729   0.00802403 0.00933569 0.01222846 0.01231686 0.01091835
 0.00257336 0.00149732 0.00135832 0.00061824]"
2022-07-11;S3A;1.0525821033849372;2.3132079585153065e-10;1.7674861574334955e-10;2.3132079585153065e-10;3.863383613023075e-08;1.052582064111711;1.0858014962923235;0.03228354780546738;"[0.01085693 0.01081725 0.01067875 0.01050037 0.01043704 0.01030214
 0.01017408 0.01009594 0.01007072 0.01003125]";"[0.00933789 0.00933789 0.00933789 0.00933789 0.00933789 0.00933789
 0.00933789 0.00933789 0.00933789 0.00933789]";"[0.00151904 0.00147935 0.00134086 0.00116247 0.00109915 0.00096425
 0.00083618 0.00075805 0.00073283 0.00069336]";"[0.14744579 0.1394333  0.11033135 0.06734281 0.04643498 0.0240531
 0.01796953 0.02221663 0.02590384 0.00804177]";"[0.06560483 0.06026833 0.04332834 0.02569551 0.02062113 0.01189736
 0.00614916 0.00374835 0.00313386 0.00231652]";"[0.02895651 0.03168859 0.03580882 0.02560471 0.01368912 0.00613478
 0.00922105 0.01708391 0.02166779 0.00497492]";"[0.05288445 0.04747637 0.0311942  0.01604259 0.01212473 0.00602096
 0.00259931 0.00138437 0.00110219 0.00075032]";"[0.0048197  0.005049   0.00594862 0.00820052 0.00842074 0.00725703
 0.00175158 0.0010813  0.00096505 0.0005758 ]";"[0.00475993 0.0049514  0.00594119 0.00831833 0.00838001 0.00729901
 0.00143925 0.00081184 0.00076005 0.00033413]"
2022-07-11;S3B;1.0530392528558457;2.3121921044477745e-10;5.968309180204301e-11;2.3132079585153065e-10;3.3676299249219e-08;1.0530392186573232;1.082066334721361;0.03246106879969282;"[0.01082547 0.01078577 0.01064721 0.01046875 0.0104054  0.01027044
 0.01014232 0.01006415 0.01003892 0.00999943]";"[0.00930577 0.00930577 0.00930577 0.00930577 0.00930577 0.00930577
 0.00930577 0.00930577 0.00930577 0.00930577]";"[0.0015197  0.00148    0.00134144 0.00116298 0.00109963 0.00096467
 0.00083655 0.00075838 0.00073315 0.00069366]";"[0.14752349 0.1395008  0.11036938 0.06735376 0.04643666 0.02404794
 0.01796667 0.02221877 0.02590854 0.00804008]";"[0.06537915 0.06006101 0.04317929 0.02560712 0.02055019 0.01185643
 0.00612801 0.00373546 0.00312308 0.00230855]";"[0.02896909 0.03170235 0.03582437 0.02561583 0.01369506 0.00613744
 0.00922505 0.01709133 0.0216772  0.00497708]";"[0.05317525 0.04773743 0.03136573 0.01613081 0.0121914  0.00605407
 0.00261361 0.00139199 0.00110825 0.00075445]";"[0.00481954 0.0050488  0.00594835 0.00820056 0.00842129 0.00725694
 0.00175135 0.00108115 0.0009649  0.00057573]";"[0.00475993 0.0049514  0.00594119 0.00831833 0.00838001 0.00729901
 0.00143925 0.00081184 0.00076005 0.00033413]"
2022-07-12;S3A;0.8266398045105081;2.4589663638607817e-10;1.092326229468199e-10;1.534272708880735e-10;3.1445179793365696e-10;0.8266398036874998;0.6288760937100957;0.036374350751648854;"[0.0066013  0.00657014 0.00646137 0.00632128 0.00627155 0.0061656
 0.00606503 0.00600366 0.00598386 0.00595286]";"[0.00540833 0.00540833 0.00540833 0.00540833 0.00540833 0.00540833
 0.00540833 0.00540833 0.00540833 0.00540833]";"[0.00119297 0.0011618  0.00105304 0.00091294 0.00086321 0.00075727
 0.00065669 0.00059533 0.00057553 0.00054452]";"[0.12032364 0.1132851  0.0883642  0.05306631 0.03635517 0.01849255
 0.01373187 0.01714752 0.02007362 0.00609411]";"[0.0379971  0.0349063  0.02509497 0.01488236 0.01194338 0.00689073
 0.00356148 0.00217098 0.00181507 0.00134169]";"[0.02274084 0.02488647 0.02812226 0.02010853 0.01075068 0.00481792
 0.0072417  0.01341676 0.01701669 0.00390703]";"[0.05958569 0.05349233 0.03514696 0.01807543 0.01366111 0.00678391
 0.00292868 0.00155979 0.00124185 0.0008454 ]";"[0.00393777 0.00411097 0.0047322  0.00616123 0.00588752 0.00457085
 0.00104987 0.00064691 0.00057737 0.0003428 ]";"[0.00393426 0.00405353 0.00464525 0.00628838 0.00596203 0.00459706
 0.00076844 0.00045498 0.00043025 0.00019224]"
2022-07-13;S3B;1.163111932879497;2.3132079585153065e-10;2.3132079585153065e-10;7.2056485778126955e-09;1.1351336537401835e-10;1.1631119250976933;0.5888790049033499;0.03139992099736022;"[0.00674291 0.00669906 0.00654602 0.0063489  0.00627893 0.00612986
 0.00598835 0.00590201 0.00587414 0.00583052]";"[0.00506436 0.00506436 0.00506436 0.00506436 0.00506436 0.00506436
 0.00506436 0.00506436 0.00506436 0.00506436]";"[0.00167855 0.0016347  0.00148166 0.00128454 0.00121457 0.0010655
 0.00092399 0.00083765 0.00080978 0.00076616]";"[0.1190146  0.11387929 0.09340833 0.05783274 0.03810322 0.01908762
 0.01605247 0.02225724 0.02671475 0.00748347]";"[0.03558045 0.03268623 0.02349891 0.01393583 0.01118377 0.00645247
 0.00333497 0.0020329  0.00169963 0.00125635]";"[0.03199719 0.03501615 0.03956904 0.02829342 0.01512659 0.00677898
 0.01018934 0.01887786 0.02394309 0.00549733]";"[0.05143696 0.0461769  0.03034039 0.0156035  0.01179287 0.00585616
 0.00252817 0.00134648 0.00107202 0.00072979]";"[0.00404293 0.00414208 0.00450197 0.00571365 0.00571096 0.00449441
 0.00102531 0.00062695 0.00055758 0.00033442]";"[0.00403303 0.00410464 0.00445452 0.00584644 0.00568192 0.00459814
 0.00074253 0.000427   0.00041612 0.00017694]"
2022-07-14;S3B;1.103326025246917;2.3132162851879912e-10;9.990341887089471e-11;2.3119589576126032e-10;5.688040038975828e-09;1.103326018996456;0.9215331231641333;0.028583537696164202;"[0.00951745 0.00947586 0.00933069 0.0091437  0.00907733 0.00893592
 0.00880168 0.00871978 0.00869335 0.00865197]";"[0.00792518 0.00792518 0.00792518 0.00792518 0.00792518 0.00792518
 0.00792518 0.00792518 0.00792518 0.00792518]";"[0.00159227 0.00155067 0.0014055  0.00121851 0.00115214 0.00101073
 0.00087649 0.00079459 0.00076816 0.00072678]";"[0.13285548 0.12640186 0.10192745 0.06285114 0.04258558 0.02185886
 0.01718586 0.02231449 0.02634799 0.00784515]";"[0.05567963 0.05115048 0.03677329 0.02180809 0.01750141 0.01009743
 0.00521887 0.00318127 0.00265975 0.00196606]";"[0.03035248 0.03321627 0.03753512 0.02683909 0.01434906 0.00643053
 0.00966559 0.0179075  0.02271238 0.00521476]";"[0.04682338 0.04203511 0.02761904 0.01420396 0.01073512 0.0053309
 0.00230141 0.00122571 0.00097587 0.00066433]";"[0.00480908 0.00499321 0.00569562 0.00760574 0.00773046 0.00642975
 0.00151248 0.00093087 0.00082995 0.00049645]";"[0.0047808  0.00492039 0.0056416  0.00774556 0.00769317 0.00654655
 0.00114026 0.00065588 0.00062237 0.0002713 ]"
2022-07-15;S3A;1.0787904043601029;2.3158225337382987e-10;3.7475855751978315e-11;2.788794195573985e-10;2.3988727670953836e-10;1.0787904035722782;0.70200426737416;0.03560280572976371;"[0.0075941  0.00755342 0.00741148 0.00722865 0.00716376 0.00702549
 0.00689424 0.00681416 0.00678831 0.00674786]";"[0.00603724 0.00603724 0.00603724 0.00603724 0.00603724 0.00603724
 0.00603724 0.00603724 0.00603724 0.00603724]";"[0.00155686 0.00151619 0.00137425 0.00119142 0.00112652 0.00098826
 0.000857   0.00077692 0.00075108 0.00071062]";"[0.13041486 0.12380064 0.09911498 0.06054721 0.04073351 0.02061955
 0.01629283 0.02145941 0.02544895 0.00742396]";"[0.04241555 0.03896534 0.02801311 0.01661294 0.0133322  0.00769201
 0.00397563 0.00242343 0.00202614 0.0014977 ]";"[0.0296775  0.03247761 0.03670042 0.02624224 0.01402996 0.00628753
 0.00945064 0.01750928 0.0222073  0.00509879]";"[0.05832181 0.05235769 0.03440145 0.01769203 0.01337135 0.00664001
 0.00286656 0.00152671 0.00121551 0.00082747]";"[0.00403832 0.00418437 0.00473054 0.00622261 0.00624931 0.00507111
 0.00118093 0.00072569 0.00064656 0.00038688]";"[0.00396407 0.00409018 0.00465787 0.006359   0.00624477 0.00521879
 0.00075958 0.00041363 0.00040392 0.00016133]"
2022-07-18;S3A;1.4551768814358887;2.3132079585153065e-10;3.0160623998298774e-10;1.6786277517999437e-05;2.3132079585153065e-10;1.455160094394123;0.7699318816837841;0.026645704566991085;"[0.00872146 0.0086666  0.00847513 0.00822851 0.00814097 0.00795447
 0.00777742 0.0076694  0.00763454 0.00757997]";"[0.00662141 0.00662141 0.00662141 0.00662141 0.00662141 0.00662141
 0.00662141 0.00662141 0.00662141 0.00662141]";"[0.00210004 0.00204518 0.00185371 0.0016071  0.00151956 0.00133306
 0.00115601 0.00104799 0.00101313 0.00095855]";"[0.13020071 0.12573004 0.10597543 0.06685955 0.04355469 0.02188713
 0.01925368 0.0274188  0.03308727 0.00913968]";"[0.04651978 0.04273572 0.03072373 0.01822045 0.01462225 0.00843631
 0.00436032 0.00265792 0.00222219 0.00164262]";"[0.04003196 0.04380899 0.04950511 0.0353981  0.01892511 0.00848133
 0.01274798 0.02361827 0.02995537 0.00687777]";"[0.04364897 0.03918533 0.02574659 0.01324099 0.01000733 0.00496949
 0.00214538 0.00114261 0.00090971 0.00061929]";"[0.0045452  0.00462832 0.0049782  0.00644846 0.00679978 0.00567037
 0.00131892 0.00080548 0.0007155  0.00043302]";"[0.00451372 0.0046223  0.00497163 0.00659802 0.00661419 0.00583632
 0.00104576 0.00061289 0.0005884  0.00025911]"
2022-07-19;S3A;1.4555998017416878;2.3132079585153065e-10;2.062400250579799e-10;1.667793994575284e-07;5.696206006877702e-09;1.4555996288285216;0.8997733734527996;0.0264420922420239;"[0.0098387  0.00978383 0.0095923  0.00934562 0.00925805 0.0090715
 0.00889439 0.00878635 0.00875147 0.00869688]";"[0.00773805 0.00773805 0.00773805 0.00773805 0.00773805 0.00773805
 0.00773805 0.00773805 0.00773805 0.00773805]";"[0.00210065 0.00204578 0.00185425 0.00160757 0.00152    0.00133345
 0.00115634 0.00104829 0.00101342 0.00095883]";"[0.13772383 0.13265025 0.1109743  0.06984133 0.04594948 0.02327422
 0.01997628 0.02786511 0.03346376 0.00941394]";"[0.05436489 0.04994269 0.03590498 0.02129315 0.01708815 0.00985901
 0.00509564 0.00310615 0.00259694 0.00191964]";"[0.04004352 0.04382167 0.04951947 0.03540837 0.01893047 0.00848369
 0.01275165 0.02362507 0.02996406 0.00687974]";"[0.04331542 0.03888589 0.02554985 0.01313981 0.00993086 0.00493152
 0.00212899 0.00113388 0.00090276 0.00061456]";"[0.00475963 0.00487126 0.00533608 0.00704894 0.00749921 0.00640819
 0.00151293 0.00092583 0.00082296 0.0004979 ]";"[0.00473297 0.00484649 0.00526473 0.00723921 0.00735829 0.00656636
 0.00116396 0.00068351 0.0006638  0.00029857]"
2022-07-25;S3B;1.7035774491411586;2.3132079585153065e-10;7.829487058685913e-10;2.311051350289972e-10;2.3271222449050555e-08;1.7035774246245614;0.8757620951851325;0.025853799864440058;"[0.00999008 0.00992585 0.0097017  0.00941299 0.0093105  0.00909217
 0.00888489 0.00875844 0.00871762 0.00865373]";"[0.00753155 0.00753155 0.00753155 0.00753155 0.00753155 0.00753155
 0.00753155 0.00753155 0.00753155 0.00753155]";"[0.00245852 0.0023943  0.00217015 0.00188143 0.00177895 0.00156061
 0.00135334 0.00122688 0.00118607 0.00112218]";"[0.14213122 0.13791785 0.11788389 0.07501297 0.04849754 0.02434669
 0.02196531 0.03178179 0.03847909 0.01052108]";"[0.05291411 0.04860992 0.03494682 0.02072492 0.01663214 0.00959591
 0.00495966 0.00302326 0.00252764 0.00186841]";"[0.04686538 0.05128718 0.05795566 0.04144058 0.02215549 0.00992898
 0.01492403 0.02764987 0.03506877 0.00805179]";"[0.04235173 0.03802075 0.02498141 0.01284747 0.00970991 0.0048218
 0.00208162 0.00110865 0.00088267 0.00060088]";"[0.00466164 0.00472833 0.00505533 0.006639   0.00727262 0.00633395
 0.0015006  0.00091469 0.00081135 0.00049478]";"[0.00460381 0.00468048 0.00493629 0.00686517 0.00718348 0.00652512
 0.00109434 0.0006816  0.00073951 0.0003114 ]"
2022-07-26;S3A;1.7998101960787232;2.735778270590572e-10;2.3132079585153065e-10;2.919872676976354e-10;2.3132079585153065e-10;1.7998101950505165;0.6511994653199155;0.037717506248524185;"[0.00819772 0.00812986 0.00789305 0.00758803 0.00747975 0.00724908
 0.0070301  0.0068965  0.00685338 0.00678588]";"[0.00560032 0.00560032 0.00560032 0.00560032 0.00560032 0.00560032
 0.00560032 0.00560032 0.00560032 0.00560032]";"[0.0025974  0.00252955 0.00229273 0.00198771 0.00187944 0.00164877
 0.00142979 0.00129619 0.00125307 0.00118557]";"[0.15064458 0.14579728 0.12366006 0.07793502 0.04993992 0.0246596
 0.02249181 0.0330772  0.04021698 0.01077255]";"[0.03934589 0.03614538 0.02598577 0.01541064 0.01236733 0.00713533
 0.0036879  0.00224804 0.0018795  0.00138931]";"[0.04951274 0.05418432 0.06122949 0.0437815  0.02340702 0.01048986
 0.01576707 0.02921177 0.03704976 0.00850662]";"[0.06178595 0.05546758 0.0364448  0.01874288 0.01416556 0.00703441
 0.00303683 0.00161739 0.00128771 0.00087662]";"[0.00367866 0.00372356 0.00395361 0.00515541 0.00569587 0.00496227
 0.0011777  0.00071519 0.00063313 0.00038739]";"[0.00373479 0.00372616 0.00384439 0.00535381 0.00561363 0.00503847
 0.00092043 0.00059099 0.00066826 0.00027021]"
2022-07-27;S3A;1.432295233408664;2.3195445564283546e-10;1.2913836666683665e-11;2.3129997916981893e-10;6.985287348548752e-10;1.432295232233967;1.3180683936626054;0.022293508874270423;"[0.01340241 0.01334841 0.01315995 0.01291722 0.01283105 0.01264748
 0.01247322 0.0123669  0.01233258 0.01227887]";"[0.01133539 0.01133539 0.01133539 0.01133539 0.01133539 0.01133539
 0.01133539 0.01133539 0.01133539 0.01133539]";"[0.00206702 0.00201302 0.00182457 0.00158183 0.00149566 0.0013121
 0.00113783 0.00103151 0.0009972  0.00094348]";"[0.15556049 0.14906554 0.12286472 0.07711184 0.05203242 0.02694801
 0.021807   0.02875299 0.03404968 0.01009979]";"[0.07963855 0.07316051 0.05259682 0.03119211 0.02503225 0.01444235
 0.00746455 0.00455017 0.00380423 0.00281206]";"[0.03940241 0.04312007 0.04872665 0.03484147 0.01862739 0.00834786
 0.01254749 0.02324683 0.02948433 0.0067696 ]";"[0.03651953 0.03278496 0.02154126 0.01107827 0.00837277 0.0041578
 0.00179496 0.00095598 0.00076112 0.00051814]";"[0.00554035 0.00573197 0.00652738 0.00896638 0.00968898 0.00874003
 0.00214846 0.00131949 0.00117434 0.00070817]";"[0.00558853 0.00568033 0.00629397 0.0092573  0.0096736  0.00884323
 0.00169186 0.0010541  0.0010417  0.00047587]"
2022-07-30;S3B;2.3344595549325136;0.5157916087315675;1.361202817129481e-10;0.5142968764365816;2.9559370784415506e-08;1.3043710400688733;1.0447006758137616;0.03038532446969522;"[0.01235341 0.0122654  0.01195824 0.01156261 0.01142217 0.01112298
 0.01083895 0.01066566 0.01060973 0.01052218]";"[0.00898443 0.00898443 0.00898443 0.00898443 0.00898443 0.00898443
 0.00898443 0.00898443 0.00898443 0.00898443]";"[0.00336898 0.00328097 0.00297381 0.00257818 0.00243774 0.00213855
 0.00185452 0.00168123 0.0016253  0.00153775]";"[0.17484463 0.16976428 0.14600741 0.09300003 0.06550373 0.03606717
 0.02716711 0.04126021 0.04773525 0.01279147]";"[0.06312149 0.057987   0.04168823 0.02472286 0.01984056 0.01144701
 0.0059164  0.00360647 0.00301523 0.00222883]";"[0.06194821 0.06709245 0.07495916 0.05317786 0.03425136 0.01895323
 0.01880424 0.03635077 0.04368263 0.00985643]";"[0.04977493 0.04468483 0.02936003 0.01509931 0.01141182 0.00566694
 0.00244648 0.00130297 0.00103738 0.0007062 ]";"[0.0045172  0.00458439 0.00492717 0.00667672 0.0072558  0.00681795
 0.00181808 0.00110012 0.00097732 0.00060341]";"[0.00448968 0.00456715 0.00495559 0.00675834 0.00710513 0.00686159
 0.00165455 0.00104767 0.00104309 0.00052348]"
2022-07-31;S3A;2.8015820639151987;0.5274377114738673;7.985861971704367e-11;0.5396161660281373;1.653718828542594e-08;1.734528169796147;0.7509872427530784;0.03349630145972457;"[0.0105016  0.01039598 0.01002736 0.00955256 0.00938402 0.00902496
 0.0086841  0.00847614 0.00840901 0.00830395]";"[0.00645849 0.00645849 0.00645849 0.00645849 0.00645849 0.00645849
 0.00645849 0.00645849 0.00645849 0.00645849]";"[0.00404311 0.00393749 0.00356887 0.00309407 0.00292553 0.00256647
 0.00222561 0.00201764 0.00195052 0.00184546]";"[0.17505398 0.17207196 0.15311103 0.09889726 0.06736815 0.03635834
 0.02983841 0.04797474 0.05651968 0.01443868]";"[0.04537514 0.04168419 0.02996775 0.01777212 0.01426246 0.00822873
 0.00425303 0.00259252 0.00216751 0.00160221]";"[0.07480775 0.08112792 0.09077725 0.06447989 0.04052549 0.02188247
 0.02288842 0.04394584 0.05320857 0.01205797]";"[0.05487109 0.04925985 0.03236603 0.01664525 0.01258021 0.00624715
 0.00269696 0.00143638 0.0011436  0.00077851]";"[0.00388389 0.00386927 0.00393834 0.00516022 0.00577917 0.00542518
 0.00142752 0.00085459 0.00075542 0.00047316]";"[0.00389237 0.00388884 0.00392302 0.00527777 0.00567315 0.00546837
 0.00130798 0.00086934 0.00100483 0.00044975]"
2022-08-01;S3B;2.8710971917266788;0.925511276883062;2.736794124658104e-10;0.6086934029121891;0.2949785415769815;1.0419139700807667;0.7611702553998861;0.019139385653650226;"[0.0106895  0.01058125 0.01020349 0.00971691 0.00954419 0.00917622
 0.00882689 0.00861377 0.00854499 0.00843731]";"[0.00654606 0.00654606 0.00654606 0.00654606 0.00654606 0.00654606
 0.00654606 0.00654606 0.00654606 0.00654606]";"[0.00414343 0.00403519 0.00365742 0.00317084 0.00299812 0.00263015
 0.00228083 0.00206771 0.00199892 0.00189125]";"[0.15922983 0.15743909 0.14265715 0.09525525 0.0694761  0.0405272
 0.02921412 0.04732672 0.05477999 0.01498442]";"[0.0459904  0.0422494  0.0303741  0.01801311 0.01445586 0.0083403
 0.0043107  0.00262768 0.0021969  0.00162393]";"[0.08188675 0.0870432  0.09378949 0.06773125 0.04783207 0.02861735
 0.02336241 0.04387831 0.05192965 0.01291566]";"[0.03135268 0.02814649 0.01849356 0.00951089 0.00718818 0.00356954
 0.00154101 0.00082073 0.00065344 0.00044483]";"[0.00437027 0.00432818 0.00431354 0.00543388 0.00572863 0.00525333
 0.00145156 0.00086797 0.00076873 0.00047936]";"[0.00433787 0.00431961 0.00433    0.00547688 0.00564477 0.00526662
 0.00140419 0.00088603 0.00091336 0.00042617]"
2022-08-02;S3B;2.0179888128206405;0.4029980600209865;3.7909175798489514e-10;1.0834981153950984e-06;4.3704848073922165e-09;1.6149896645519621;1.2187996843240378;0.020488812573090848;"[0.01339394 0.01331786 0.01305234 0.01271035 0.01258895 0.01233032
 0.01208479 0.01193499 0.01188665 0.01181096]";"[0.01048168 0.01048168 0.01048168 0.01048168 0.01048168 0.01048168
 0.01048168 0.01048168 0.01048168 0.01048168]";"[0.00291227 0.00283619 0.00257067 0.00222867 0.00210727 0.00184864
 0.00160311 0.00145332 0.00140497 0.00132929]";"[0.15917437 0.15474026 0.13280127 0.08469274 0.05686635 0.03059493
 0.02408843 0.03522399 0.04208382 0.01109916]";"[0.07364067 0.06765051 0.04863556 0.02884291 0.02314698 0.01335465
 0.00690237 0.00420748 0.00351772 0.00260027]";"[0.05197049 0.05695878 0.06436826 0.04566837 0.02602439 0.01341907
 0.01553641 0.03013791 0.03786659 0.0080227 ]";"[0.03356321 0.03013097 0.01979746 0.01018146 0.00769498 0.00382122
 0.00164966 0.00087859 0.00069951 0.00047619]";"[0.00539962 0.00548791 0.00595154 0.00806107 0.00891677 0.0081255
 0.00206033 0.00125247 0.0011113  0.00067973]";"[0.00550109 0.00551965 0.00586142 0.00826187 0.00873478 0.00818431
 0.00183679 0.00116862 0.00119921 0.00052452]"
2022-08-04;S3A;1.8517262442961178;2.3131080384430902e-10;3.906620027471774e-09;1.4422260552482413e-07;2.3132079585153065e-10;1.8517260957042605;0.48250785669262664;0.03856906492725143;"[0.00682189 0.00675208 0.00650844 0.00619462 0.00608322 0.0058459
 0.0056206  0.00548314 0.00543878 0.00536933]";"[0.00414957 0.00414957 0.00414957 0.00414957 0.00414957 0.00414957
 0.00414957 0.00414957 0.00414957 0.00414957]";"[0.00267232 0.00260251 0.00235887 0.00204505 0.00193365 0.00169633
 0.00147103 0.00133358 0.00128921 0.00121977]";"[0.1432753  0.13924918 0.11951752 0.07562899 0.04773119 0.02327261
 0.02205983 0.03337399 0.04082788 0.01067782]";"[0.02915344 0.02678201 0.01925422 0.01141856 0.00916361 0.00528694
 0.00273256 0.00166569 0.00139262 0.00102941]";"[0.05094095 0.05574729 0.06299568 0.04504439 0.0240822  0.01079244
 0.01622188 0.03005439 0.03811847 0.008752  ]";"[0.06318091 0.05671989 0.03726762 0.01916604 0.01448538 0.00719323
 0.00310539 0.00165391 0.00131678 0.00089641]";"[0.00335081 0.00336135 0.00346126 0.00437321 0.00480289 0.00406288
 0.00094671 0.00057105 0.00050425 0.00030857]";"[0.00340096 0.0033819  0.00340295 0.00454967 0.00468442 0.00415753
 0.00074623 0.00047839 0.00052824 0.0002321 ]"
2022-08-09;S3B;2.1562020015920726;0.9656519073167608;2.22699358953804e-10;0.2782153114311453;0.1449692912833886;0.7673654913380784;1.7226956497431263;7.710693195051022e-12;"[0.01792691 0.01784562 0.01756192 0.01719649 0.01706678 0.01679044
 0.01652809 0.01636804 0.01631638 0.01623551]";"[0.01481518 0.01481518 0.01481518 0.01481518 0.01481518 0.01481518
 0.01481518 0.01481518 0.01481518 0.01481518]";"[0.00311173 0.00303044 0.00274673 0.00238131 0.0022516  0.00197525
 0.00171291 0.00155285 0.0015012  0.00142033]";"[0.16024551 0.15595505 0.13471657 0.08781487 0.06546664 0.03925301
 0.0250062  0.03621782 0.04116227 0.01159339]";"[0.10408639 0.09561969 0.06874326 0.04076762 0.03271678 0.01887594
 0.00975605 0.00594701 0.00497208 0.00367531]";"[0.05615912 0.06033536 0.06597331 0.04704725 0.03274986 0.02037707
 0.01525015 0.03027081 0.03619019 0.00791807]";"[1.26310708e-11 1.13393898e-11 7.45050998e-12 3.83165818e-12
 2.89590495e-12 1.43806384e-12 6.20827294e-13 3.30647526e-13
 2.63250330e-13 1.79209025e-13]";"[0.00711152 0.00725002 0.00792218 0.01068199 0.01108592 0.01025922
 0.00287845 0.00174677 0.00155608 0.00094476]";"[0.00725808 0.00740669 0.00815967 0.01041078 0.01085074 0.0103389
 0.00279381 0.00174125 0.00159857 0.00079535]"
2022-08-11;S3A;2.896121965556127;0.8030325826762876;5.041553008400257e-09;0.6932446095379119;1.5512591211575e-12;1.3998447682988233;1.2256467269677702;0.029441752179634934;"[0.01472011 0.01461092 0.01422986 0.01373904 0.01356482 0.01319364
 0.01284127 0.01262629 0.01255691 0.01244829]";"[0.01054056 0.01054056 0.01054056 0.01054056 0.01054056 0.01054056
 0.01054056 0.01054056 0.01054056 0.01054056]";"[0.00417955 0.00407036 0.0036893  0.00319848 0.00302425 0.00265308
 0.00230071 0.00208573 0.00201634 0.00190773]";"[0.19794449 0.1932056  0.16872687 0.10830544 0.07718541 0.04345125
 0.03189052 0.04972576 0.05728306 0.01499545]";"[0.07405437 0.06803056 0.04890879 0.02900495 0.02327702 0.01342967
 0.00694114 0.00423112 0.00353748 0.00261488]";"[0.07566088 0.08187783 0.09136979 0.06467007 0.04285095 0.02453062
 0.02257887 0.04423213 0.0527404  0.01169629]";"[0.04822924 0.04329721 0.02844829 0.01463043 0.01105744 0.00549096
 0.00237051 0.00126251 0.00100517 0.00068427]";"[0.00464435 0.00469186 0.00500097 0.00686726 0.00764534 0.00754534
 0.00213879 0.00128675 0.00114182 0.00071448]";"[0.00464745 0.00470595 0.00501972 0.00692152 0.00755857 0.00757704
 0.00197942 0.00130002 0.00142301 0.00064229]"
2022-09-22;S3A;2.6191248030280074;1.3268315622346374;0.3010827980102973;0.17345859175044914;0.1795227577350167;0.638229093297607;0.7659320014872523;0.034297510046027796;"[0.01036681 0.01026807 0.00992346 0.00947958 0.00932202 0.00898634
 0.00866768 0.00847326 0.00841051 0.00831228]";"[0.00658702 0.00658702 0.00658702 0.00658702 0.00658702 0.00658702
 0.00658702 0.00658702 0.00658702 0.00658702]";"[0.0037798  0.00368105 0.00333644 0.00289256 0.002735   0.00239933
 0.00208066 0.00188624 0.00182349 0.00172527]";"[0.16931327 0.16502603 0.14229809 0.09083007 0.06835953 0.04544082
 0.02401271 0.03824322 0.04425795 0.00995781]";"[0.04627811 0.04251371 0.03056411 0.01812579 0.01454629 0.00839248
 0.00433766 0.00264411 0.00221065 0.00163409]";"[0.06685159 0.07207421 0.07859377 0.05566089 0.04093213 0.03065177
 0.01691358 0.03412837 0.04087635 0.00752659]";"[0.05618357 0.05043812 0.0331402  0.01704339 0.01288112 0.00639657
 0.00276147 0.00147074 0.00117095 0.00079713]";"[0.00402058 0.00404513 0.00426252 0.00561896 0.0057302  0.00492885
 0.00146843 0.0008813  0.00078175 0.00048088]";"[0.00403163 0.0040283  0.00427523 0.00560053 0.00571606 0.00494466
 0.00137321 0.00092764 0.00111437 0.00045772]"
2022-09-22;S3B;2.6199023338274117;1.3267671911132684;0.3011536572706791;0.17450605211782183;0.1793461181725639;0.6381293151530787;0.7630340765115012;0.03447992456952895;"[0.01034301 0.01024424 0.00989952 0.00945552 0.00929791 0.00896213
 0.00864337 0.0084489  0.00838613 0.00828787]";"[0.00656209 0.00656209 0.00656209 0.00656209 0.00656209 0.00656209
 0.00656209 0.00656209 0.00656209 0.00656209]";"[0.00378092 0.00368215 0.00333743 0.00289342 0.00273581 0.00240004
 0.00208128 0.0018868  0.00182403 0.00172578]";"[0.1694587  0.16515661 0.14238517 0.09087027 0.06838861 0.04545285
 0.02401916 0.03825682 0.04427218 0.00995988]";"[0.04610301 0.04235285 0.03044847 0.01805721 0.01449125 0.00836073
 0.00432125 0.00263411 0.00220228 0.00162791]";"[0.0668733  0.07209738 0.07862024 0.05567902 0.04094773 0.03066153
 0.01692176 0.03414415 0.04089272 0.0075306 ]";"[0.05648239 0.05070638 0.03331646 0.01713403 0.01294962 0.00643059
 0.00277615 0.00147856 0.00117718 0.00080137]";"[0.00402047 0.00404509 0.00426256 0.0056189  0.00573021 0.00492885
 0.00146846 0.00088127 0.00078171 0.00048086]";"[0.00403163 0.0040283  0.00427523 0.00560053 0.00571606 0.00494466
 0.00137321 0.00092764 0.00111437 0.00045772]"
2022-10-16;S3A;3.4446615124480955;1.003321215762356;7.803857560162442e-10;1.0088380074560424;2.3132079585153065e-10;1.4325022882179905;0.14951782156734983;0.11095243085059878;"[0.00625703 0.00612716 0.00567392 0.00509014 0.00488292 0.00444144
 0.00402233 0.00376663 0.0036841  0.00355492]";"[0.00128585 0.00128585 0.00128585 0.00128585 0.00128585 0.00128585
 0.00128585 0.00128585 0.00128585 0.00128585]";"[0.00497117 0.00484131 0.00438807 0.00380429 0.00359706 0.00315558
 0.00273648 0.00248078 0.00239825 0.00226906]";"[0.28116652 0.26899631 0.22170517 0.13545894 0.09694605 0.05286215
 0.03677174 0.05821917 0.06662804 0.01690122]";"[0.00903396 0.00829911 0.00596643 0.00353834 0.00283959 0.0016383
 0.00084676 0.00051616 0.00043154 0.00031899]";"[0.09037873 0.09752991 0.10853019 0.07678525 0.05243606 0.03053094
 0.02699163 0.05294518 0.06240848 0.01400351]";"[0.18175383 0.16316728 0.10720854 0.05513535 0.0416704  0.02069291
 0.00893335 0.00475783 0.00378802 0.00257871]";"[0.00154003 0.00155225 0.00162387 0.00210205 0.00231252 0.00225381
 0.00066276 0.00038293 0.00033443 0.00020914]";"[0.00155133 0.00154589 0.00162092 0.00213534 0.00225252 0.00228396
 0.00056604 0.00033061 0.00039114 0.00018226]"
2022-10-18;S3B;3.5518917710125804;1.3773349704040685;1.1938700028579774e-09;0.8576421293689305;4.5007610971481427e-08;1.3169146250381005;0.1549993935981142;0.0940222355944148;"[0.00645892 0.00632501 0.00585766 0.00525571 0.00504203 0.00458681
 0.00415466 0.003891   0.0038059  0.00367269]";"[0.00133299 0.00133299 0.00133299 0.00133299 0.00133299 0.00133299
 0.00133299 0.00133299 0.00133299 0.00133299]";"[0.00512592 0.00499201 0.00452467 0.00392271 0.00370904 0.00325382
 0.00282166 0.002558   0.00247291 0.0023397 ]";"[0.25275896 0.24361971 0.20493649 0.12638364 0.09065521 0.05097971
 0.03406919 0.05629394 0.06476608 0.01539606]";"[0.00936516 0.00860337 0.00618517 0.00366806 0.00294369 0.00169836
 0.0008778  0.00053508 0.00044736 0.00033069]";"[0.08937372 0.09674669 0.10790169 0.07599331 0.05239959 0.03174596
 0.02562117 0.05172703 0.06110871 0.01288015]";"[0.15402007 0.13826964 0.09084963 0.04672227 0.03531193 0.01753539
 0.00757021 0.00403183 0.00321001 0.00218523]";"[0.00176802 0.00176919 0.00181186 0.00231712 0.00251767 0.00236795
 0.00068966 0.00039656 0.00034619 0.00021616]";"[0.00178678 0.00177083 0.0018086  0.00234556 0.00245698 0.00236923
 0.0006204  0.00039035 0.00048882 0.00022914]"
2022-10-22;S3B;3.893209936089532;3.719941021884665e-10;1.2762314535114585;0.8393766963166263;1.385255038347037;0.39234674754241583;0.11768761751742185;0.08606126787355309;"[0.00663061 0.00648383 0.00597158 0.00531178 0.00507757 0.0045786
 0.00410492 0.00381593 0.00372265 0.00357664]";"[0.00101211 0.00101211 0.00101211 0.00101211 0.00101211 0.00101211
 0.00101211 0.00101211 0.00101211 0.00101211]";"[0.0056185  0.00547172 0.00495947 0.00429967 0.00406546 0.00356649
 0.00309281 0.00280381 0.00271054 0.00256453]";"[0.30077157 0.29041203 0.24577946 0.16425522 0.13104966 0.09178624
 0.05013363 0.07104156 0.08134954 0.0254534 ]";"[0.00711076 0.00653235 0.00469626 0.00278508 0.00223508 0.00128953
 0.00066649 0.00040628 0.00033967 0.00025108]";"[0.15268179 0.15731748 0.15792591 0.1187039  0.09649255 0.07444606
 0.04253791 0.06694483 0.07807165 0.02320211]";"[0.14097902 0.1265622  0.08315729 0.04276624 0.03232203 0.01605064
 0.00692923 0.00369045 0.00293821 0.0020002 ]";"[0.00150002 0.00149637 0.00152078 0.0018038  0.00185451 0.00168615
 0.0006476  0.00037802 0.00032905 0.00020841]";"[0.00152946 0.00150573 0.00150785 0.00180948 0.00184182 0.00169098
 0.00060281 0.00038899 0.00046702 0.00023253]"
2022-10-26;S3B;3.6294460593978135;0.7973187219702924;2.702613133287457e-10;1.3785866072590167;4.423285409616007e-05;1.4534964970441469;0.22488855818706077;0.07401467868494016;"[0.00717189 0.00703505 0.00655751 0.00594241 0.00572406 0.0052589
 0.00481731 0.0045479  0.00446094 0.00432483]";"[0.00193404 0.00193404 0.00193404 0.00193404 0.00193404 0.00193404
 0.00193404 0.00193404 0.00193404 0.00193404]";"[0.00523785 0.00510101 0.00462346 0.00400837 0.00379002 0.00332486
 0.00288327 0.00261386 0.0025269  0.00239078]";"[0.23373573 0.22756167 0.19823406 0.12568386 0.09002135 0.04934843
 0.03772573 0.0625315  0.07150388 0.01839953]";"[0.01358791 0.01248263 0.00897406 0.00532199 0.004271   0.00246415
 0.0012736  0.00077635 0.00064908 0.00047979]";"[0.0989026  0.10623263 0.11774282 0.08358192 0.05795266 0.03308035
 0.03049283 0.05858128 0.06832787 0.01619951]";"[0.12124521 0.10884641 0.07151719 0.03677996 0.02779769 0.01380393
 0.0059593  0.00317387 0.00252693 0.00172022]";"[0.0020935  0.00207841 0.00207049 0.00261475 0.00286127 0.00275973
 0.00078723 0.00045584 0.00039929 0.00025263]";"[0.00208263 0.00207003 0.00209129 0.00265602 0.00278801 0.00277346
 0.00070172 0.00043633 0.00051967 0.00025484]"
2022-10-27;S3A;1.3695940847134167;2.7358507126429288e-09;1.0827262125960009;2.5402296932597324e-09;1.1723955140041653e-12;0.2868678668401631;0.6159584152198655;0.09941555254160886;"[0.00727378 0.00722214 0.00704194 0.00680982 0.00672743 0.0065519
 0.00638526 0.0062836  0.00625078 0.00619942]";"[0.00529724 0.00529724 0.00529724 0.00529724 0.00529724 0.00529724
 0.00529724 0.00529724 0.00529724 0.00529724]";"[0.00197653 0.0019249  0.00174469 0.00151258 0.00143019 0.00125466
 0.00108802 0.00098635 0.00095354 0.00090218]";"[0.23996216 0.22407458 0.16854334 0.09732527 0.0758351  0.05574566
 0.02182236 0.02474218 0.027664   0.00545312]";"[0.03721661 0.0341893  0.0245795  0.01457666 0.01169805 0.00674919
 0.00348833 0.00212638 0.00177779 0.00131413]";"[0.03989056 0.0436842  0.04790288 0.03334625 0.02679955 0.03045522
 0.01032958 0.01835269 0.02249207 0.00182842]";"[0.16285499 0.14620108 0.09606096 0.04940236 0.0373375  0.01854125
 0.00800445 0.00426311 0.00339414 0.00231058]";"[0.00205731 0.00215899 0.00262013 0.00382828 0.00384362 0.00323273
 0.00109708 0.00067989 0.00060669 0.00036505]";"[0.00204541 0.00212428 0.00263476 0.00380604 0.00385639 0.00323283
 0.00104013 0.00070619 0.00076297 0.00034633]"
2022-10-27;S3B;1.368628891350331;2.2754381712175586e-10;1.082361511518812;1.0254120885733187e-08;1.750354861052017e-09;0.2862673675994995;0.6141022331846063;0.0996020474388647;"[0.00725642 0.00720482 0.00702474 0.00679279 0.00671046 0.00653505
 0.00636853 0.00626694 0.00623415 0.00618282]";"[0.00528128 0.00528128 0.00528128 0.00528128 0.00528128 0.00528128
 0.00528128 0.00528128 0.00528128 0.00528128]";"[0.00197514 0.00192354 0.00174346 0.00151152 0.00142918 0.00125377
 0.00108725 0.00098566 0.00095287 0.00090154]";"[0.24012821 0.22421593 0.16861619 0.09735053 0.07585431 0.0557469
 0.02181897 0.02472941 0.02764706 0.0054505 ]";"[0.03710445 0.03408627 0.02450543 0.01453274 0.0116628  0.00672885
 0.00347781 0.00211997 0.00177243 0.00131017]";"[0.03986326 0.04365432 0.04786961 0.03332276 0.02678397 0.03044202
 0.01032169 0.01833833 0.02247412 0.00182542]";"[0.16316049 0.14647534 0.09624116 0.04949503 0.03740754 0.01857603
 0.00801947 0.0042711  0.00340051 0.00231491]";"[0.0020573  0.002159   0.00262023 0.0038283  0.00384355 0.0032328
 0.00109711 0.0006799  0.0006067  0.00036504]";"[0.00204541 0.00212428 0.00263476 0.00380604 0.00385639 0.00323283
 0.00104013 0.00070619 0.00076297 0.00034633]"
2022-10-31;S3A;4.861063947997921;1.5097256778062729e-09;3.634106989128179;2.2742724370417022e-10;0.9121267141442818;0.3148302429883068;0.6685612142108205;0.11379797798409402;"[0.01276488 0.01258162 0.01194202 0.01111819 0.01082576 0.01020275
 0.00961131 0.00925047 0.00913401 0.0089517 ]";"[0.00574963 0.00574963 0.00574963 0.00574963 0.00574963 0.00574963
 0.00574963 0.00574963 0.00574963 0.00574963]";"[0.00701526 0.00683199 0.00619239 0.00536857 0.00507613 0.00445312
 0.00386168 0.00350084 0.00338438 0.00320207]";"[0.39382771 0.38175067 0.32106524 0.20567324 0.167559   0.14547959
 0.05560331 0.07661269 0.08945145 0.01740392]";"[0.0403949  0.03710906 0.02667858 0.01582151 0.01269706 0.00732557
 0.00378623 0.00230797 0.00192961 0.00142635]";"[0.16701762 0.17728965 0.18442858 0.13330234 0.11212283 0.11693041
 0.04265462 0.06942486 0.08363666 0.01333271]";"[0.18641519 0.16735196 0.10995807 0.05654938 0.04273911 0.02122361
 0.00916246 0.00487985 0.00388517 0.00264485]";"[0.00194851 0.00196308 0.00212967 0.0029102  0.00310919 0.00271299
 0.00148481 0.0008982  0.00078844 0.00051971]";"[0.00205172 0.00200839 0.00206045 0.00291887 0.00311397 0.00271339
 0.00135643 0.00100853 0.00123972 0.00059458]"
2022-11-07;S3A;3.862220432101792;2.1487811530107592e-10;3.862220417052629;4.2248371467934476e-10;1.1458944626507872e-08;2.9528562928149427e-09;0.7155684177238758;0.102136755334257;"[0.01172766 0.01158205 0.01107388 0.01041933 0.01018698 0.00969199
 0.00922208 0.00893538 0.00884285 0.00869801]";"[0.00615389 0.00615389 0.00615389 0.00615389 0.00615389 0.00615389
 0.00615389 0.00615389 0.00615389 0.00615389]";"[0.00557377 0.00542817 0.00491999 0.00426544 0.0040331  0.0035381
 0.00306819 0.0027815  0.00268896 0.00254412]";"[0.32469162 0.31494133 0.2633079  0.16174653 0.13423845 0.1295629
 0.04015844 0.05570785 0.06471948 0.00558616]";"[0.04323511 0.03971823 0.02855438 0.01693394 0.0135898  0.00784063
 0.00405244 0.00247025 0.00206529 0.00152664]";"[0.11414385 0.1250202  0.13606318 0.094058   0.08228915 0.10267351
 0.02788245 0.0488578  0.05916715 0.0016857 ]";"[0.16731266 0.1502029  0.09869034 0.0507546  0.0383595  0.01904876
 0.00822355 0.0043798  0.00348705 0.00237382]";"[0.00222947 0.00224745 0.00245995 0.00350141 0.0035913  0.00281428
 0.00149977 0.0009075  0.00080078 0.00051319]";"[0.00218422 0.00217528 0.00240734 0.00356682 0.00360738 0.00277882
 0.00140245 0.00106809 0.00116993 0.00060312]"
2022-11-16;S3A;4.179621713987763;1.5706294598238912e-09;4.179621709140117;2.3990143205310233e-10;3.0351521296267947e-09;1.9625967517811205e-12;0.5764919282076297;0.10397927079031768;"[0.01098966 0.01083209 0.01028215 0.00957381 0.00932237 0.0087867
 0.00827817 0.00796791 0.00786778 0.00771103]";"[0.00495783 0.00495783 0.00495783 0.00495783 0.00495783 0.00495783
 0.00495783 0.00495783 0.00495783 0.00495783]";"[0.00603183 0.00587426 0.00532432 0.00461598 0.00436454 0.00382887
 0.00332034 0.00301008 0.00290995 0.0027532 ]";"[0.32868725 0.32020567 0.27072028 0.16710067 0.13905177 0.13682046
 0.04181057 0.05932193 0.0692434  0.0054708 ]";"[0.03483202 0.03199867 0.02300461 0.01364269 0.01094852 0.00631674
 0.00326482 0.00199014 0.00166388 0.00122993]";"[0.12352431 0.13529449 0.147245   0.10178778 0.08905176 0.11111132
 0.03017385 0.05287299 0.06402956 0.00182423]";"[0.17033093 0.15291251 0.10047068 0.0516702  0.03905149 0.0193924
 0.0083719  0.00445881 0.00354995 0.00241665]";"[0.00208469 0.00208619 0.00223452 0.0031217  0.00318898 0.00244793
 0.00133952 0.00080438 0.00070761 0.00045647]";"[0.00192239 0.00193656 0.00218635 0.00324862 0.00323852 0.00235307
 0.00124922 0.00099457 0.00109724 0.00057233]"
2022-11-20;S3A;5.124565588391278;2.3132079585153065e-10;5.1245655754590445;2.3145735328355954e-10;1.2465402043915219e-08;4.0534242629064465e-12;0.5746106605349105;0.11470481172984848;"[0.01233718 0.01214398 0.01146971 0.01060123 0.01029294 0.00963616
 0.00901266 0.00863226 0.00850949 0.0083173 ]";"[0.00494165 0.00494165 0.00494165 0.00494165 0.00494165 0.00494165
 0.00494165 0.00494165 0.00494165 0.00494165]";"[0.00739553 0.00720233 0.00652806 0.00565958 0.00535129 0.00469451
 0.00407101 0.00369061 0.00356784 0.00337565]";"[0.37407017 0.36646216 0.31429852 0.19539851 0.16317737 0.16392064
 0.0494853  0.07172908 0.08408018 0.0061285 ]";"[0.03471835 0.03189425 0.02292954 0.01359817 0.01091279 0.00629613
 0.00325416 0.00198364 0.00165845 0.00122591]";"[0.15145113 0.16588235 0.18053467 0.12480033 0.1091849  0.13623177
 0.03699567 0.0648267  0.0785056  0.00223666]";"[0.18790069 0.16868556 0.11083431 0.05700002 0.04307968 0.02139274
 0.00923547 0.00491874 0.00391613 0.00266593]";"[0.00201032 0.00199914 0.00211051 0.00294355 0.00304548 0.00233942
 0.00142623 0.00085075 0.00074552 0.0004926 ]";"[0.00184135 0.00184994 0.00208062 0.00309394 0.00305201 0.00227551
 0.00131943 0.00106806 0.00118391 0.00058375]"
2022-11-26;S3B;5.1742036567930265;2.4183988145409785e-10;5.174203634530879;2.3124668846463692e-10;1.6581125639181238e-08;5.2079357493184375e-09;0.32630047436508547;0.12614476904624652;"[0.01027335 0.01007828 0.00939748 0.00852058 0.00820931 0.00754617
 0.00691663 0.00653254 0.00640858 0.00621453]";"[0.00280618 0.00280618 0.00280618 0.00280618 0.00280618 0.00280618
 0.00280618 0.00280618 0.00280618 0.00280618]";"[0.00746717 0.00727209 0.00659129 0.0057144  0.00540313 0.00473998
 0.00411044 0.00372636 0.0036024  0.00340835]";"[0.37927417 0.37110994 0.31719248 0.19641593 0.16381566 0.16465301
 0.0493585  0.07199037 0.0845145  0.00588628]";"[0.01971529 0.01811159 0.01302085 0.00772191 0.00619697 0.00357534
 0.00184792 0.00112644 0.00094177 0.00069615]";"[0.15291813 0.16748914 0.18228339 0.12600918 0.1102425  0.13755135
 0.03735402 0.06545463 0.07926603 0.00225832]";"[0.20664076 0.18550922 0.12188824 0.06268485 0.04737619 0.02352632
 0.01015656 0.0054093  0.0043067  0.00293181]";"[0.00168706 0.00167153 0.00173755 0.00236008 0.00241863 0.00181744
 0.00109039 0.00064258 0.00056044 0.00036866]";"[0.00153251 0.00153381 0.00169844 0.00250795 0.00243619 0.00173324
 0.00099882 0.00082894 0.00091919 0.0004445 ]"
2023-01-31;S3A;0.27337893211018566;3.587796726378656e-10;0.2733789294656902;1.4716727836372456e-10;1.929656434640492e-09;2.0889207030805323e-10;0.3824503422233916;0.09576366659315785;"[0.0036836  0.00367329 0.00363732 0.00359099 0.00357455 0.00353951
 0.00350625 0.00348596 0.00347941 0.00346915]";"[0.00328907 0.00328907 0.00328907 0.00328907 0.00328907 0.00328907
 0.00328907 0.00328907 0.00328907 0.00328907]";"[0.00039453 0.00038422 0.00034825 0.00030192 0.00028547 0.00025044
 0.00021718 0.00019688 0.00019033 0.00018008]";"[0.18806007 0.17090811 0.11742471 0.06329602 0.04905397 0.02931828
 0.01184993 0.00888508 0.00856132 0.00316097]";"[0.0231079  0.02122823 0.01526148 0.00905069 0.00726335 0.00419059
 0.00216591 0.00132028 0.00110384 0.00081595]";"[0.00807943 0.00884928 0.00963094 0.00665769 0.00582466 0.00726752
 0.0019736  0.00345829 0.00418802 0.00011932]";"[0.15687275 0.1408306  0.0925323  0.04758763 0.03596596 0.01786017
 0.00771042 0.00410651 0.00326946 0.0022257 ]";"[0.00165187 0.00176794 0.00226315 0.00323618 0.00295376 0.00236245
 0.00064051 0.00040018 0.00035892 0.00020954]";"[0.00155708 0.00165689 0.00223047 0.0032629  0.00308241 0.00226609
 0.00063246 0.00039241 0.00041128 0.00019462]"
2023-02-07;S3B;0.6606194376589877;9.910489096043307e-11;0.660619436577641;2.3140656058018294e-10;2.3128582382625495e-10;5.195494034992976e-10;0.4343319038008192;0.08652721696869431;"[0.00468863 0.00466372 0.0045768  0.00446484 0.0044251  0.00434043
 0.00426006 0.00421102 0.00419519 0.00417042]";"[0.00373525 0.00373525 0.00373525 0.00373525 0.00373525 0.00373525
 0.00373525 0.00373525 0.00373525 0.00373525]";"[0.00095337 0.00092847 0.00084155 0.00072959 0.00068985 0.00060518
 0.0005248  0.00047577 0.00045994 0.00043516]";"[0.18750883 0.17273966 0.12421244 0.06936455 0.05482097 0.03845856
 0.01419567 0.01356677 0.01432803 0.003226  ]";"[0.02624261 0.02410796 0.01733179 0.01027847 0.00824867 0.00475907
 0.00245973 0.00149938 0.00125358 0.00092663]";"[0.01952391 0.02138427 0.02327314 0.01608829 0.01407527 0.01756195
 0.0047692  0.00835696 0.01012034 0.00028833]";"[0.1417423  0.12724742 0.08360751 0.04299778 0.03249703 0.01613755
 0.00696675 0.00371043 0.00295412 0.00201103]";"[0.00194111 0.00205473 0.00253983 0.00359229 0.00330967 0.00257744
 0.00076273 0.00047371 0.0004239  0.00024978]";"[0.00184308 0.0019542  0.00256607 0.00360725 0.00338124 0.00253362
 0.00077873 0.00048657 0.00049519 0.00022176]"
2023-02-10;S3B;0.7141245686153466;3.9398068141238696e-10;0.7141245675767516;7.411571356641389e-12;3.199232545547659e-10;3.1727953597737724e-10;0.3651178984943104;0.09280500286479068;"[0.0041706  0.00414368 0.00404972 0.00392869 0.00388573 0.00379421
 0.00370732 0.00365431 0.0036372  0.00361042]";"[0.00314001 0.00314001 0.00314001 0.00314001 0.00314001 0.00314001
 0.00314001 0.00314001 0.00314001 0.00314001]";"[0.00103059 0.00100367 0.00090971 0.00078868 0.00074572 0.00065419
 0.00056731 0.0005143  0.00049719 0.00047041]";"[0.19519195 0.17986198 0.12940139 0.07214923 0.05700422 0.04029337
 0.01469542 0.01427389 0.01516227 0.00324759]";"[0.02206066 0.02026618 0.01456984 0.00864052 0.00693418 0.00400067
 0.00206775 0.00126044 0.00105381 0.00077897]";"[0.0211052  0.02311623 0.02515808 0.01739132 0.01521526 0.01898433
 0.00515546 0.00903381 0.01094001 0.00031169]";"[0.15202609 0.13647957 0.08967347 0.04611739 0.03485477 0.01730837
 0.0074722  0.00397964 0.00316845 0.00215694]";"[0.00171436 0.00180782 0.00220781 0.00308908 0.00285552 0.00221726
 0.00066599 0.00041206 0.00036815 0.00021702]";"[0.00164469 0.00173741 0.00222416 0.00308993 0.00291522 0.00218663
 0.00066328 0.00042413 0.0004575  0.00021297]"
2023-02-12;S3A;0.9511916631117926;2.313191305169937e-10;0.9511916622796766;3.651637325852164e-10;4.3115511161317954e-12;2.3132162851879912e-10;0.48109733081431905;0.08835515603532904;"[0.00551015 0.00547429 0.00534914 0.00518793 0.00513071 0.0050088
 0.00489307 0.00482247 0.00479968 0.004764  ]";"[0.00413744 0.00413744 0.00413744 0.00413744 0.00413744 0.00413744
 0.00413744 0.00413744 0.00413744 0.00413744]";"[0.00137271 0.00133685 0.0012117  0.0010505  0.00099328 0.00087137
 0.00075564 0.00068503 0.00066224 0.00062657]";"[0.20191637 0.18742942 0.13808149 0.07845601 0.06258662 0.04703648
 0.01670542 0.01748239 0.01897683 0.00349508]";"[0.02906821 0.02670372 0.01919794 0.01138518 0.00913682 0.00527148
 0.00272457 0.00166082 0.00138855 0.00102641]";"[0.02811147 0.0307901  0.03350978 0.0231647  0.02026626 0.02528654
 0.00686692 0.01203275 0.01457175 0.00041515]";"[0.14473669 0.1299356  0.08537377 0.04390614 0.03318354 0.01647846
 0.00711392 0.00378882 0.00301653 0.00205352]";"[0.0020076  0.00211206 0.00257006 0.00365801 0.00344153 0.002699
 0.00086189 0.00053413 0.00047736 0.00028343]";"[0.00194678 0.00205583 0.00261002 0.00364594 0.00350575 0.00270517
 0.00086511 0.0005462  0.00056737 0.00025668]"
2023-02-13;S3A;0.688390538953837;2.2950391587173158e-10;0.6883905374535528;2.313566005440748e-11;1.0163245245387031e-09;2.3131996318426218e-10;0.34005585183680853;0.08947837821944851;"[0.00391793 0.00389198 0.0038014  0.00368474 0.00364333 0.0035551
 0.00347135 0.00342025 0.00340375 0.00337794]";"[0.00292448 0.00292448 0.00292448 0.00292448 0.00292448 0.00292448
 0.00292448 0.00292448 0.00292448 0.00292448]";"[0.00099345 0.0009675  0.00087692 0.00076026 0.00071885 0.00063062
 0.00054686 0.00049577 0.00047927 0.00045346]";"[0.18746772 0.17274573 0.12428034 0.06927634 0.05473058 0.03871422
 0.01409987 0.01371918 0.01458213 0.00310557]";"[0.02054639 0.01887509 0.01356975 0.00804743 0.00645821 0.00372606
 0.00192582 0.00117392 0.00098148 0.0007255 ]";"[0.02034466 0.02228322 0.02425149 0.01676461 0.01466697 0.01830022
 0.00496968 0.00870827 0.01054577 0.00030045]";"[0.14657667 0.13158742 0.08645909 0.0444643  0.03360539 0.01668794
 0.00720436 0.00383698 0.00305488 0.00207962]";"[0.00172213 0.00181372 0.00220159 0.00304328 0.00278313 0.00212739
 0.00062908 0.00038843 0.00034685 0.0002042 ]";"[0.00166505 0.00176007 0.00223333 0.0030277  0.0028372  0.00211425
 0.0006265  0.00038788 0.0004069  0.00017816]"
2023-02-14;S3B;0.6288157111286132;7.784814459732559e-10;0.6288157084152113;3.214953303576351e-10;1.3821119249080027e-09;2.3131330184611443e-10;0.287461607370354;0.09064358505855308;"[0.00337965 0.00335594 0.0032732  0.00316663 0.00312881 0.00304822
 0.00297171 0.00292503 0.00290997 0.00288638]";"[0.00247217 0.00247217 0.00247217 0.00247217 0.00247217 0.00247217
 0.00247217 0.00247217 0.00247217 0.00247217]";"[0.00090748 0.00088377 0.00080103 0.00069446 0.00065664 0.00057605
 0.00049954 0.00045286 0.0004378  0.00041421]";"[0.18443802 0.16961156 0.1212087  0.06715987 0.05290003 0.03677151
 0.01346574 0.01283395 0.01355745 0.00299445]";"[0.01736862 0.0159558  0.011471   0.00680278 0.00545936 0.00314978
 0.00162797 0.00099236 0.00082968 0.00061329]";"[0.01858398 0.02035478 0.02215271 0.01531377 0.01339766 0.01671648
 0.0045396  0.00795464 0.00963312 0.00027445]";"[0.14848542 0.13330098 0.08758498 0.04504332 0.03404301 0.01690526
 0.00729818 0.00388695 0.00309466 0.0021067 ]";"[0.00159378 0.00167653 0.00202273 0.00275327 0.0024934  0.00188286
 0.00054505 0.00033536 0.00029913 0.00017558]";"[0.00152408 0.0016111  0.00205416 0.00274553 0.0025457  0.00186029
 0.00054747 0.00034155 0.00037362 0.00016035]"
2023-02-24;S3A;5.762989475763814;2.7612383213249103e-08;1.9596997842558546;5.659374635591519e-09;0.6162979165486417;3.1869917416875597;0.37585375691421785;0.12076700424032066;"[0.01154922 0.01133195 0.01057368 0.009597   0.0092503  0.0085117
 0.00781052 0.00738273 0.00724466 0.00702853]";"[0.00323234 0.00323234 0.00323234 0.00323234 0.00323234 0.00323234
 0.00323234 0.00323234 0.00323234 0.00323234]";"[0.00831687 0.00809961 0.00734133 0.00636465 0.00601796 0.00527936
 0.00457818 0.00415039 0.00401232 0.00379619]";"[0.40056004 0.39174655 0.34002255 0.21925314 0.15637112 0.10980379
 0.0631494  0.09538692 0.11535043 0.02645843]";"[0.02270933 0.02086208 0.01499825 0.00889458 0.00713807 0.00411831
 0.00212855 0.0012975  0.0010848  0.00080187]";"[0.1800194  0.19328381 0.20833236 0.15034607 0.10387658 0.08316213
 0.05129728 0.08891072 0.11014254 0.02284974]";"[0.19783132 0.17760065 0.11669194 0.06001249 0.04535646 0.02252335
 0.00972357 0.00517869 0.0041231  0.00280682]";"[0.00174666 0.00173375 0.00178217 0.00234822 0.00282155 0.002769
 0.00116934 0.00068661 0.00059385 0.00040239]";"[0.00174447 0.00172763 0.00179552 0.00243364 0.00273115 0.00276674
 0.00115456 0.00068076 0.00084363 0.00042456]"
2023-03-18;S3B;1.8884020590687776;0.8921311550152466;0.04973796442222095;1.648906011730844e-09;2.3132079585153065e-10;0.9465329377510832;0.22359322068512044;0.10279819693961956;"[0.00464815 0.00457696 0.00432849 0.00400846 0.00389485 0.00365283
 0.00342307 0.00328289 0.00323765 0.00316683]";"[0.0019229 0.0019229 0.0019229 0.0019229 0.0019229 0.0019229 0.0019229
 0.0019229 0.0019229 0.0019229]";"[0.00272525 0.00265406 0.00240559 0.00208555 0.00197195 0.00172993
 0.00150017 0.00135999 0.00131475 0.00124393]";"[0.22611114 0.21215163 0.16307246 0.09474055 0.06733909 0.03733009
 0.02126777 0.02986268 0.03463223 0.00822411]";"[0.01350965 0.01241073 0.00892237 0.00529134 0.0042464  0.00244996
 0.00126626 0.00077188 0.00064534 0.00047703]";"[0.04420531 0.04856528 0.05482063 0.03836593 0.02448477 0.01570801
 0.01172469 0.02468264 0.03047726 0.00535788]";"[0.16839618 0.15117562 0.09932946 0.05108329 0.03860792 0.01917212
 0.00827681 0.00440816 0.00350963 0.0023892 ]";"[0.00156156 0.0016073  0.00180374 0.00240754 0.00250638 0.0021893
 0.00059834 0.00035613 0.00031374 0.00018867]";"[0.00153862 0.00156671 0.00175875 0.00245152 0.00253849 0.0020993
 0.00055357 0.00029151 0.00033283 0.0001328 ]"
2023-03-22;S3A;2.2261288893749067;0.38929859928608007;1.3978962877195855;3.2712416109248466e-10;5.0334883611169445e-06;0.4389289685537559;0.40733422168623634;0.09510771918243432;"[0.00671572 0.00663179 0.00633889 0.00596161 0.00582769 0.00554239
 0.00527153 0.00510629 0.00505295 0.00496947]";"[0.00350307 0.00350307 0.00350307 0.00350307 0.00350307 0.00350307
 0.00350307 0.00350307 0.00350307 0.00350307]";"[0.00321264 0.00312872 0.00283581 0.00245854 0.00232462 0.00203931
 0.00176846 0.00160321 0.00154988 0.00146639]";"[0.24108392 0.22899491 0.18143828 0.10778786 0.08379823 0.06579135
 0.02524275 0.03408472 0.03933768 0.00614059]";"[0.0246114  0.02260943 0.01625446 0.00963957 0.00773594 0.00446325
 0.00230684 0.00140618 0.00117566 0.00086903]";"[0.06067429 0.06651952 0.07328534 0.05088662 0.04034269 0.04359027
 0.0152783  0.02860016 0.03491496 0.00306109]";"[0.15579823 0.13986596 0.09189848 0.04726167 0.0357196  0.01773783
 0.00765761 0.00407838 0.00324707 0.00221046]";"[0.00190021 0.00194603 0.00218525 0.00301715 0.00305028 0.00246417
 0.0008865  0.00053624 0.00047457 0.00029023]";"[0.00186482 0.00191358 0.00222367 0.0030241  0.00304206 0.00247863
 0.00089293 0.00053758 0.00060011 0.00027035]"
2023-03-22;S3B;2.2246151030494463;0.3874143360375662;1.398321100591258;5.770034450236494e-10;5.618198335721747e-06;0.4388740476452832;0.4055464977021178;0.09535126835964663;"[0.00669816 0.00661429 0.00632158 0.00594457 0.00581074 0.00552562
 0.00525496 0.00508982 0.00503653 0.0049531 ]";"[0.0034877 0.0034877 0.0034877 0.0034877 0.0034877 0.0034877 0.0034877
 0.0034877 0.0034877 0.0034877]";"[0.00321046 0.00312659 0.00283388 0.00245687 0.00232304 0.00203792
 0.00176726 0.00160212 0.00154883 0.0014654 ]";"[0.24135068 0.22922699 0.18157133 0.10784578 0.08384063 0.06580944
 0.02524833 0.03407513 0.03932462 0.00614054]";"[0.02450338 0.0225102  0.01618312 0.00959726 0.00770198 0.00444366
 0.00229671 0.00140001 0.0011705  0.00086522]";"[0.0606501  0.06649266 0.07325439 0.05086581 0.04032757 0.04358253
 0.01527441 0.0285863  0.03489875 0.0030592 ]";"[0.15619719 0.14022412 0.09213381 0.0473827  0.03581107 0.01778325
 0.00767722 0.00408882 0.00325538 0.00221612]";"[0.0019001  0.00194599 0.00218538 0.0030171  0.00305025 0.00246421
 0.00088654 0.00053625 0.00047456 0.0002902 ]";"[0.00186482 0.00191358 0.00222367 0.0030241  0.00304206 0.00247863
 0.00089293 0.00053758 0.00060011 0.00027035]"
2023-04-05;S3B;2.2543517484895244;0.7736532806949639;0.8316494232505753;3.8548164660312523e-10;0.22202547477865126;0.4270235693798524;0.6014845634099331;0.1043007914939639;"[0.00842614 0.00834115 0.00804453 0.00766248 0.00752686 0.00723793
 0.00696365 0.00679631 0.0067423  0.00665775]";"[0.00517277 0.00517277 0.00517277 0.00517277 0.00517277 0.00517277
 0.00517277 0.00517277 0.00517277 0.00517277]";"[0.00325337 0.00316838 0.00287176 0.00248971 0.00235409 0.00206517
 0.00179088 0.00162354 0.00156953 0.00148498]";"[0.27040766 0.25476888 0.19782704 0.11799909 0.09095562 0.06283145
 0.02753966 0.03600187 0.04092906 0.00933366]";"[0.03634209 0.03338591 0.02400192 0.01423414 0.01142317 0.00659059
 0.00340636 0.00207642 0.00173602 0.00128325]";"[0.06320796 0.06799763 0.07304376 0.05193498 0.0403602  0.0367885
 0.01573551 0.02945286 0.03563211 0.0056263 ]";"[0.17085762 0.15338534 0.10078135 0.05182997 0.03917225 0.01945236
 0.00839779 0.00447259 0.00356093 0.00242412]";"[0.00200668 0.00208429 0.00244504 0.00349052 0.00364573 0.00329964
 0.00115464 0.00070563 0.00062684 0.00038382]";"[0.00198094 0.00205003 0.00247308 0.00349915 0.00361133 0.00333022
 0.00115494 0.00068704 0.00071639 0.00037356]"
2023-04-08;S3A;3.322827834932842;1.3382165133203558;0.47661280401292805;0.0835566521804984;2.6856086521309663e-08;1.4244418385629731;0.4794985614417657;0.1202230666020754;"[0.00891904 0.00879376 0.00835656 0.00779342 0.00759353 0.00716766
 0.00676338 0.00651672 0.00643711 0.0063125 ]";"[0.00412369 0.00412369 0.00412369 0.00412369 0.00412369 0.00412369
 0.00412369 0.00412369 0.00412369 0.00412369]";"[0.00479535 0.00467008 0.00423287 0.00366974 0.00346984 0.00304397
 0.00263969 0.00239304 0.00231343 0.00218881]";"[0.30689522 0.29220326 0.23486109 0.14069928 0.10137624 0.06296317
 0.03383515 0.05064558 0.05923229 0.01257015]";"[0.02897161 0.02661498 0.01913414 0.01134734 0.00910645 0.00525397
 0.00271552 0.0016553  0.00138394 0.00102299]";"[0.08098333 0.08878755 0.09956059 0.06960975 0.04711761 0.03528729
 0.02143985 0.04383491 0.05374383 0.00875297]";"[0.19694028 0.17680073 0.11616636 0.05974219 0.04515218 0.02242191
 0.00967977 0.00515537 0.00410453 0.00279418]";"[0.00183921 0.00188283 0.00210893 0.00297915 0.00336302 0.00326978
 0.00109918 0.00065643 0.00057816 0.00036334]";"[0.00181365 0.00185046 0.00212253 0.00300929 0.0032598  0.00328058
 0.00107576 0.00063323 0.00069454 0.00038168]"
2023-04-09;S3B;4.309981494490625;0.8239983201711315;0.9329083875652522;0.9692405342377791;0.1559180718653505;1.4279161806511118;0.5844991725986326;0.13392193095831287;"[0.01124665 0.01108417 0.01051707 0.00978664 0.00952736 0.00897498
 0.00845059 0.00813066 0.0080274  0.00786576]";"[0.00502669 0.00502669 0.00502669 0.00502669 0.00502669 0.00502669
 0.00502669 0.00502669 0.00502669 0.00502669]";"[0.00621996 0.00605747 0.00549038 0.00475995 0.00450067 0.00394829
 0.0034239  0.00310396 0.00300071 0.00283907]";"[0.37661068 0.36052558 0.29615701 0.1822612  0.13581096 0.08758409
 0.04906547 0.0730395  0.08364034 0.02008298]";"[0.03531582 0.03244312 0.02332413 0.01383218 0.01110059 0.00640448
 0.00331016 0.00201778 0.00168699 0.00124701]";"[0.12191415 0.13113609 0.1434299  0.10187948 0.07441332 0.05620283
 0.03497257 0.06527892 0.07738113 0.01572341]";"[0.21938072 0.19694636 0.12940298 0.06654954 0.05029706 0.02497678
 0.01078274 0.0057428  0.00457222 0.00311256]";"[0.00179406 0.00182966 0.00202376 0.00285132 0.00325476 0.0033627
 0.00130483 0.00077938 0.00068657 0.00044666]";"[0.00178932 0.00181181 0.00203408 0.0028988  0.00318334 0.0033898
 0.00129029 0.00074497 0.00082057 0.00044655]"
2023-04-14;S3A;1.6506418021410374;0.9315541646807429;2.0818617996187783e-07;0.35663731826517775;4.62896804220847e-09;0.3624501063799687;0.5099568708318453;0.1023957722465185;"[0.00676776 0.00670553 0.00648834 0.0062086  0.0061093  0.00589775
 0.00569692 0.00557439 0.00553484 0.00547294]";"[0.00438563 0.00438563 0.00438563 0.00438563 0.00438563 0.00438563
 0.00438563 0.00438563 0.00438563 0.00438563]";"[0.00238213 0.0023199  0.00210271 0.00182297 0.00172367 0.00151212
 0.00131129 0.00118876 0.00114921 0.00108731]";"[0.23733475 0.22096968 0.16625276 0.09573063 0.07199354 0.04037373
 0.02140063 0.02815126 0.03068178 0.00829554]";"[0.03081192 0.02830559 0.02034956 0.01206814 0.00968491 0.00558771
 0.00288801 0.00176045 0.00147185 0.00108798]";"[0.03878586 0.04208028 0.04696259 0.03277918 0.02385185 0.01568896
 0.01026821 0.0219999  0.02571404 0.00482772]";"[0.16773696 0.15058381 0.09894061 0.05088331 0.03845678 0.01909707
 0.00824441 0.0043909  0.00349589 0.00237984]";"[0.00193042 0.00202634 0.00242966 0.0034959  0.00357582 0.00333758
 0.00096301 0.00058816 0.00052457 0.00031584]";"[0.00191327 0.00199177 0.00244994 0.00348229 0.00356027 0.00336211
 0.0009447  0.00056872 0.00057554 0.00030044]"
2023-04-18;S3A;4.267114914045519;0.06180095698135518;3.879721544031156e-10;2.3133495119509462e-10;2.3132079585153065e-10;4.205313956213535;0.3236883739456242;0.2951755438656485;"[0.00894182 0.00878095 0.00821949 0.00749633 0.00723962 0.00669274
 0.00617356 0.00585681 0.00575458 0.00559455]";"[0.00278372 0.00278372 0.00278372 0.00278372 0.00278372 0.00278372
 0.00278372 0.00278372 0.00278372 0.00278372]";"[0.0061581  0.00599723 0.00543577 0.00471261 0.0044559  0.00390902
 0.00338984 0.00307309 0.00297086 0.00281083]";"[0.61993628 0.57993559 0.44264222 0.25761671 0.17246768 0.08372199
 0.0626524  0.08263132 0.09828846 0.02748667]";"[0.01955746 0.0179666  0.01291661 0.00766009 0.00614737 0.00354672
 0.00183313 0.00111742 0.00093424 0.00069058]";"[0.11684471 0.12788214 0.14451022 0.10327567 0.05546124 0.02512428
 0.03705319 0.06885628 0.08727665 0.01993574]";"[0.48353411 0.43408685 0.28521539 0.14668095 0.11085908 0.05505099
 0.02376609 0.01265763 0.01007757 0.00686036]";"[0.0008672  0.00089992 0.00105357 0.00153889 0.0019846  0.00255126
 0.00090744 0.0005488  0.00047779 0.00031466]";"[0.0009404  0.00092019 0.00097443 0.00160879 0.00191784 0.00260559
 0.00077827 0.00038944 0.00052771 0.00026213]"
2023-04-18;S3B;4.263657726032629;0.05615580218704147;1.3488293815200336e-10;2.3132412652060452e-10;2.3132079585153065e-10;4.20750192324806;0.32206495207465935;0.29563494563894827;"[0.00892287 0.00876212 0.00820113 0.00747855 0.00722205 0.00667561
 0.00615685 0.00584036 0.00573821 0.00557831]";"[0.00276976 0.00276976 0.00276976 0.00276976 0.00276976 0.00276976
 0.00276976 0.00276976 0.00276976 0.00276976]";"[0.00615311 0.00599237 0.00543137 0.00470879 0.00445229 0.00390585
 0.00338709 0.0030706  0.00296845 0.00280855]";"[0.62054529 0.58047015 0.44296373 0.2577704  0.1725675  0.08374651
 0.06267992 0.08262594 0.09827976 0.02749877]";"[0.01945937 0.01787649 0.01285183 0.00762167 0.00611653 0.00352893
 0.00182393 0.00111182 0.00092955 0.00068711]";"[0.11679925 0.12783121 0.14445261 0.10323949 0.05541936 0.02508091
 0.0370529  0.0688368  0.08725696 0.01994062]";"[0.48428667 0.43476245 0.28565929 0.14690924 0.11103161 0.05513667
 0.02380308 0.01267732 0.01009326 0.00687104]";"[0.00086726 0.00089999 0.00105369 0.00153888 0.00198449 0.00255141
 0.00090748 0.00054883 0.0004778  0.00031464]";"[0.0009404  0.00092019 0.00097443 0.00160879 0.00191784 0.00260559
 0.00077827 0.00038944 0.00052771 0.00026213]"
2023-05-02;S3B;4.200002378208013;1.2436867393146227;0.31132275064751275;1.2301409890724813e-10;0.9357337670849888;1.709259121037875;1.5161676060495999;0.06726008401070305;"[0.01910029 0.01894194 0.01838932 0.01767753 0.01742486 0.01688658
 0.01637557 0.0160638  0.01596318 0.01580566]";"[0.01303904 0.01303904 0.01303904 0.01303904 0.01303904 0.01303904
 0.01303904 0.01303904 0.01303904 0.01303904]";"[0.00606125 0.0059029  0.00535028 0.00463849 0.00438582 0.00384754
 0.00333653 0.00302476 0.00292414 0.00276662]";"[0.33355953 0.32181242 0.27057313 0.17626418 0.12980442 0.07872413
 0.04952253 0.07073175 0.08292861 0.02473887]";"[0.09160783 0.08415617 0.06050187 0.03588013 0.02879448 0.01661297
 0.00858643 0.00523404 0.00437599 0.00323469]";"[0.13177135 0.13874318 0.14508074 0.10696064 0.07574907 0.04956698
 0.03552064 0.06261349 0.07625629 0.01994095]";"[0.11018035 0.09891307 0.06499052 0.03342341 0.02526087 0.01254418
 0.00541545 0.00288423 0.00229632 0.00156323]";"[0.00334521 0.00342379 0.00385244 0.00542592 0.00637764 0.00709501
 0.0026088  0.00158269 0.00139562 0.00090229]";"[0.00332219 0.00340195 0.00386978 0.00553541 0.00628673 0.00714512
 0.002595   0.00156268 0.00151358 0.00084882]"
2023-05-04;S3A;2.7305739278522556;1.0291037350508283;0.23181444025224873;7.833810267143804e-09;0.7819321134270241;0.6877236312883441;0.9283013364372023;0.07587856891162723;"[0.01192403 0.01182108 0.0114618  0.01099904 0.01083477 0.01048481
 0.01015259 0.0099499  0.00988448 0.00978207]";"[0.00798339 0.00798339 0.00798339 0.00798339 0.00798339 0.00798339
 0.00798339 0.00798339 0.00798339 0.00798339]";"[0.00394064 0.00383769 0.00347841 0.00301565 0.00285138 0.00250142
 0.0021692  0.00196651 0.00190109 0.00179868]";"[0.26909841 0.2556287  0.20516509 0.13018802 0.09906422 0.06057226
 0.03432137 0.04630279 0.05319621 0.01688486]";"[0.05608857 0.05152615 0.03704338 0.02196826 0.01762995 0.01017159
 0.0052572  0.00320464 0.00267928 0.0019805 ]";"[0.08871134 0.09251508 0.09480353 0.07051358 0.05293656 0.03624912
 0.0229548  0.03984435 0.04792637 0.01314082]";"[0.1242985  0.11158746 0.07331819 0.03770617 0.02849771 0.01415155
 0.00610937 0.0032538  0.00259057 0.00176354]";"[0.0027126  0.00281035 0.00325446 0.00451448 0.00489135 0.00494796
 0.00165137 0.00101026 0.00089669 0.00055624]";"[0.00268056 0.00277172 0.00327886 0.00452676 0.00484234 0.00497946
 0.00163856 0.00099145 0.00095817 0.00049019]"
2023-05-22;S3B;3.965210638983642;0.5713048780558883;1.202304922287567e-09;0.8142242814494536;1.5315249068947878e-11;2.57968147826068;0.44524670841682934;0.09643666278477883;"[0.00955153 0.00940203 0.00888031 0.00820831 0.00796976 0.00746157
 0.00697913 0.00668479 0.00658979 0.00644108]";"[0.00382912 0.00382912 0.00382912 0.00382912 0.00382912 0.00382912
 0.00382912 0.00382912 0.00382912 0.00382912]";"[0.0057224  0.00557291 0.00505119 0.00437918 0.00414064 0.00363245
 0.00315001 0.00285567 0.00276067 0.00261196]";"[0.2925193  0.28317139 0.24139399 0.15128271 0.10253756 0.05343162
 0.04371992 0.0691854  0.08151594 0.02099096]";"[0.02690209 0.0247138  0.01776734 0.01053677 0.00845596 0.00487866
 0.00252154 0.00153706 0.00128508 0.00094992]";"[0.10764201 0.11663728 0.13044407 0.09282388 0.05786289 0.03056727
 0.03343376 0.06351297 0.07693842 0.0177997 ]";"[0.1579752  0.14182031 0.09318258 0.04792206 0.03621872 0.01798568
 0.00776461 0.00413537 0.00329244 0.00224134]";"[0.00203209 0.00204236 0.00214156 0.00288252 0.00346001 0.00369035
 0.00108596 0.0006407  0.00056135 0.00036301]";"[0.00200776 0.00201549 0.00216357 0.00292852 0.00334259 0.00371451
 0.00100459 0.00059107 0.00061277 0.00030481]"
2023-05-25;S3B;2.754196101538443;0.5009405532136455;0.6368964511653605;0.5571206610506005;0.4279847998162853;0.6312536362925508;0.9678429062230665;0.08943804822023316;"[0.01229817 0.01219434 0.01183195 0.01136519 0.0111995  0.01084651
 0.01051141 0.01030697 0.01024098 0.01013769]";"[0.00832345 0.00832345 0.00832345 0.00832345 0.00832345 0.00832345
 0.00832345 0.00832345 0.00832345 0.00832345]";"[0.00397473 0.00387089 0.0035085  0.00304174 0.00287605 0.00252306
 0.00218796 0.00198352 0.00191753 0.00181424]";"[0.29223915 0.2773572  0.22217225 0.13796046 0.10611539 0.06829122
 0.03701274 0.04996674 0.05624904 0.01616152]";"[0.05847769 0.05372094 0.03862126 0.02290402 0.0183809  0.01060486
 0.00548114 0.00334114 0.00279341 0.00206486]";"[0.08725086 0.09210815 0.09713086 0.07061219 0.05414424 0.04100594
 0.02433049 0.04279034 0.05040214 0.01201797]";"[0.1465106  0.13152811 0.08642013 0.04444426 0.03359025 0.01668042
 0.00720111 0.00383525 0.0030535  0.00207869]";"[0.0025397  0.00263459 0.00306633 0.0043844  0.00475359 0.00476904
 0.00169056 0.0010356  0.00092113 0.0005753 ]";"[0.00252354 0.00259834 0.00308656 0.00438101 0.00472494 0.00480865
 0.00166681 0.00101551 0.00101392 0.00053499]"
2023-05-26;S3B;4.961784536858053;1.287001529914006;1.2583184494374677e-10;1.8861131974245677;4.700137778979041e-09;1.78866980469351;0.8476334680785552;0.10737972277064914;"[0.01445026 0.0142632  0.01361035 0.01276945 0.01247096 0.01183504
 0.01123134 0.01086303 0.01074415 0.01055807]";"[0.00728965 0.00728965 0.00728965 0.00728965 0.00728965 0.00728965
 0.00728965 0.00728965 0.00728965 0.00728965]";"[0.00716061 0.00697355 0.0063207  0.0054798  0.00518131 0.00454539
 0.00394169 0.00357338 0.00345451 0.00326842]";"[0.3605969  0.34834023 0.29645394 0.18601255 0.13555611 0.0753567
 0.05408821 0.08634337 0.09772755 0.02571143]";"[0.05121456 0.04704862 0.03382437 0.02005926 0.01609793 0.0092877
 0.00480036 0.00292616 0.00244646 0.0018084 ]";"[0.13348105 0.14337838 0.15887318 0.11259332 0.07912958 0.04604241
 0.04064216 0.07881259 0.09161505 0.02140736]";"[0.17590129 0.15791324 0.10375639 0.05335997 0.0403286  0.02002659
 0.00864569 0.00460462 0.00366604 0.00249568]";"[0.00234414 0.0023775  0.00256975 0.00363261 0.00427949 0.00493977
 0.00171267 0.00101309 0.00089454 0.00059308]";"[0.00234898 0.00234918 0.00257737 0.0036641  0.00418089 0.00496861
 0.00166005 0.00095765 0.0009731  0.00055022]"
2023-05-27;S3A;2.0037920105931417;0.1689416077943473;0.7083784012491234;0.22252150519909947;0.19836827092784198;0.7055822254227295;0.9014339926993126;0.11293967214191244;"[0.01064411 0.01056857 0.01030491 0.00996532 0.00984478 0.00958797
 0.00934417 0.00919542 0.00914742 0.00907227]";"[0.00775233 0.00775233 0.00775233 0.00775233 0.00775233 0.00775233
 0.00775233 0.00775233 0.00775233 0.00775233]";"[0.00289178 0.00281623 0.00255258 0.00221299 0.00209245 0.00183563
 0.00159183 0.00144309 0.00139508 0.00131994]";"[0.30116456 0.28212532 0.21596102 0.12836904 0.09726456 0.06227715
 0.0314697  0.03839696 0.04316712 0.0119679 ]";"[0.05446523 0.05003486 0.03597125 0.02133245 0.01711969 0.0098772
 0.00510505 0.00311189 0.00260174 0.00192318]";"[0.06169016 0.06600072 0.07086104 0.05091373 0.03772812 0.03133641
 0.01727131 0.03044203 0.03670952 0.00741982]";"[0.18500918 0.16608973 0.10912873 0.05612287 0.04241675 0.02106354
 0.00909335 0.00484304 0.00385587 0.0026249 ]";"[0.00216092 0.00227193 0.0027718  0.00412879 0.00448468 0.00441356
 0.00152525 0.00094538 0.00084265 0.00051707]";"[0.00218096 0.00225587 0.00277305 0.0041224  0.00448976 0.00445072
 0.0014468  0.00095712 0.00110245 0.0005103 ]"
2023-05-27;S3B;2.003117243206545;0.16856514909246556;0.7084195216051494;0.22283682983287673;0.19787938506389186;0.7054163576121614;0.8985583855233181;0.11318317872853814;"[0.01061841 0.01054289 0.01027932 0.00993985 0.00981934 0.00956262
 0.0093189  0.00917021 0.00912222 0.00904709]";"[0.0077276 0.0077276 0.0077276 0.0077276 0.0077276 0.0077276 0.0077276
 0.0077276 0.0077276 0.0077276]";"[0.0028908  0.00281529 0.00255172 0.00221225 0.00209174 0.00183501
 0.0015913  0.00144261 0.00139461 0.00131949]";"[0.30136207 0.28229598 0.21605542 0.12840124 0.09728569 0.06228135
 0.03146668 0.03838803 0.04315522 0.01196276]";"[0.05429148 0.04987525 0.0358565  0.0212644  0.01706508 0.00984569
 0.00508876 0.00310196 0.00259344 0.00191704]";"[0.06166252 0.0659729  0.07083491 0.05089297 0.03771241 0.0313267
 0.01726497 0.03043259 0.0366976  0.00741515]";"[0.18540807 0.16644783 0.10936402 0.05624387 0.04250821 0.02110895
 0.00911296 0.00485349 0.00386418 0.00263056]";"[0.0021609  0.00227191 0.00277182 0.00412881 0.00448468 0.00441357
 0.00152527 0.00094539 0.00084265 0.00051707]";"[0.00218096 0.00225587 0.00277305 0.0041224  0.00448976 0.00445072
 0.0014468  0.00095712 0.00110245 0.0005103 ]"
2023-05-28;S3A;3.5715229785457465;7.286649806786949e-05;5.3172841130155746e-09;0.24538047361161858;2.3132079585153065e-10;3.3260696328874553;1.2304772365599663;0.10992012049171748;"[0.01573636 0.01560171 0.01513178 0.0145265  0.01431164 0.0138539
 0.01341936 0.01315425 0.01306868 0.01293473]";"[0.0105821 0.0105821 0.0105821 0.0105821 0.0105821 0.0105821 0.0105821
 0.0105821 0.0105821 0.0105821]";"[0.00515425 0.0050196  0.00454968 0.00394439 0.00372954 0.0032718
 0.00283726 0.00257214 0.00248657 0.00235263]";"[0.35374091 0.33826576 0.27730329 0.17098718 0.11309096 0.05633829
 0.04762876 0.06779116 0.08098202 0.02242365]";"[0.07434623 0.06829868 0.04910155 0.02911926 0.02336876 0.0134826
 0.0069685  0.00424779 0.00355143 0.00262518]";"[0.09933191 0.10831791 0.12199068 0.08724555 0.04843951 0.02235531
 0.03181003 0.05882981 0.07367782 0.01724374]";"[0.18006278 0.16164916 0.10621107 0.05462237 0.0412827  0.02050038
 0.00885023 0.00471356 0.00375278 0.00255472]";"[0.00259637 0.00267702 0.0030738  0.00454737 0.00584013 0.006957
 0.00211619 0.00128753 0.00113314 0.00073422]";"[0.00269767 0.00268475 0.00297529 0.00470096 0.0055953  0.00707061
 0.00187138 0.00099642 0.00097505 0.00053319]"
2023-05-29;S3B;3.99687252862526;1.4633136086393486;0.18553323720966824;1.2602076814997911;0.06207736580168405;1.0257406354747682;1.9806050689259136;0.056080412739011876;"[0.0228013  0.02265062 0.02212472 0.02144735 0.02120691 0.02069466
 0.02020836 0.01991167 0.01981592 0.01966602]";"[0.0170332 0.0170332 0.0170332 0.0170332 0.0170332 0.0170332 0.0170332
 0.0170332 0.0170332 0.0170332]";"[0.0057681  0.00561741 0.00509152 0.00441415 0.00417371 0.00366145
 0.00317516 0.00287847 0.00278271 0.00263282]";"[0.31630624 0.30501273 0.25737238 0.16245132 0.1228983  0.07412629
 0.04575142 0.06862556 0.07658133 0.02039433]";"[0.11966944 0.10993517 0.079035   0.04687105 0.0376149  0.02170191
 0.01121666 0.00683735 0.00571646 0.00422556]";"[0.10477014 0.11260538 0.1241493  0.08771235 0.06422128 0.04196524
 0.03001944 0.05938339 0.06895024 0.01486538]";"[0.09186666 0.08247218 0.05418808 0.02786792 0.02106212 0.01045914
 0.00451532 0.00240482 0.00191464 0.0013034 ]";"[0.00422454 0.0043416  0.00492194 0.00725495 0.00826916 0.00918773
 0.00331832 0.0019974  0.00177614 0.00113843]";"[0.0041387  0.00424705 0.00500547 0.00725334 0.00812536 0.00924748
 0.00329342 0.00190686 0.00179219 0.00099551]"
2023-05-31;S3A;4.9616905734114685;1.2870009329677188;9.156092550810513e-11;1.8862653448909583;3.0059862932141357e-09;1.7884242924552438;0.848757990627193;0.1072751637883865;"[0.0144598  0.01427274 0.0136199  0.01277902 0.01248053 0.01184462
 0.01124094 0.01087263 0.01075376 0.01056768]";"[0.00729932 0.00729932 0.00729932 0.00729932 0.00729932 0.00729932
 0.00729932 0.00729932 0.00729932 0.00729932]";"[0.00716048 0.00697342 0.00632058 0.0054797  0.00518121 0.0045453
 0.00394162 0.00357331 0.00345444 0.00326836]";"[0.36049166 0.34824655 0.29639489 0.18598515 0.13553821 0.07534993
 0.05408566 0.08634178 0.09772539 0.02571119]";"[0.05128251 0.04711103 0.03386924 0.02008587 0.01611929 0.00930002
 0.00480673 0.00293004 0.0024497  0.0018108 ]";"[0.13347914 0.14337605 0.15887029 0.11259126 0.07912959 0.04604282
 0.04064166 0.0788116  0.09161322 0.02140714]";"[0.17573001 0.15775947 0.10365536 0.05330802 0.04028933 0.02000709
 0.00863727 0.00460014 0.00366248 0.00249325]";"[0.00234418 0.00237751 0.00256971 0.00363262 0.00427949 0.00493977
 0.00171266 0.0010131  0.00089455 0.00059309]";"[0.00234898 0.00234918 0.00257737 0.0036641  0.00418089 0.00496861
 0.00166005 0.00095765 0.0009731  0.00055022]"
2023-06-01;S3A;3.409908934349528;1.078373554047953;0.0027484088605345125;0.7897251245506326;0.5873287350652062;0.9517331118252015;1.5442605683156674;0.029585549419529206;"[0.01820166 0.0180731  0.01762444 0.01704655 0.01684141 0.01640439
 0.01598951 0.01573639 0.0156547  0.01552681]";"[0.01328064 0.01328064 0.01328064 0.01328064 0.01328064 0.01328064
 0.01328064 0.01328064 0.01328064 0.01328064]";"[0.00492102 0.00479246 0.0043438  0.00376591 0.00356077 0.00312375
 0.00270887 0.00245575 0.00237405 0.00224617]";"[0.24622658 0.23892346 0.20576769 0.13585088 0.10269254 0.06023871
 0.04059636 0.05999214 0.06806383 0.02103254]";"[0.09330522 0.0857155  0.0616229  0.03654495 0.02932801 0.01692079
 0.00874553 0.00533102 0.00445707 0.00329463]";"[0.10445656 0.10969928 0.11555755 0.08460405 0.06225309 0.03780014
 0.02946875 0.05339244 0.06259668 0.0170503 ]";"[0.0484648  0.04350868 0.02858724 0.01470188 0.01111144 0.00551778
 0.00238208 0.00126868 0.00101008 0.00068762]";"[0.00446947 0.00455312 0.00498741 0.00683839 0.00757054 0.00806553
 0.00262024 0.00158411 0.00140666 0.00088932]";"[0.00437902 0.00448453 0.00504663 0.00679179 0.00744876 0.00810703
 0.00258296 0.00154293 0.00151555 0.00076938]"
2023-06-07;S3A;2.5328508305365682;0.693798536116233;1.7894685733210736e-10;0.6369811557989626;6.897410975703622e-08;1.202071069468316;1.9036994021081473;0.042037317253308226;"[0.02002711 0.01993162 0.01959835 0.0191691  0.01901673 0.01869211
 0.01838394 0.01819592 0.01813524 0.01804025]";"[0.01637181 0.01637181 0.01637181 0.01637181 0.01637181 0.01637181
 0.01637181 0.01637181 0.01637181 0.01637181]";"[0.00365529 0.0035598  0.00322654 0.00279728 0.00264491 0.00232029
 0.00201212 0.00182411 0.00176343 0.00166844]";"[0.25026546 0.239274   0.19664542 0.12261692 0.08967197 0.05031048
 0.03402305 0.04722154 0.05315192 0.01534514]";"[0.11502275 0.10566645 0.07596612 0.04505107 0.03615433 0.02085924
 0.01078112 0.00657186 0.00549449 0.00406148]";"[0.06638037 0.07178723 0.08006045 0.05667633 0.03772968 0.02161117
 0.01985728 0.03884705 0.04622223 0.01030665]";"[0.06886233 0.06182032 0.04061884 0.02088951 0.01578795 0.00784007
 0.00338464 0.00180263 0.00143519 0.00097702]";"[0.00481268 0.00500126 0.00583795 0.00858395 0.00965327 0.0102101
 0.00311529 0.00189993 0.00169212 0.00104555]";"[0.00482934 0.004967   0.00582869 0.00859071 0.0095741  0.01031641
 0.00292532 0.00173561 0.00185065 0.00087591]"
2023-06-08;S3A;2.960800703059951;2.3132079585153065e-10;1.9145518503904668e-10;1.5272350005498871;1.8824486944235552e-06;1.4335638196385934;1.6492774838007134;0.004075769186021011;"[0.01845667 0.01834505 0.01795548 0.0174537  0.01727558 0.01689612
 0.01653588 0.0163161  0.01624516 0.01613412]";"[0.01418379 0.01418379 0.01418379 0.01418379 0.01418379 0.01418379
 0.01418379 0.01418379 0.01418379 0.01418379]";"[0.00427289 0.00416126 0.00377169 0.00326991 0.0030918  0.00271233
 0.00235209 0.00213231 0.00206138 0.00195034]";"[0.19450065 0.19162832 0.17351755 0.11536094 0.08375063 0.04566715
 0.03885775 0.05929338 0.06682788 0.01987023]";"[0.09965041 0.09154455 0.06581355 0.03903018 0.03132245 0.01807148
 0.00934027 0.00569356 0.00476018 0.00351868]";"[0.08817362 0.09408992 0.10376576 0.0743054  0.05089744 0.02683552
 0.02918932 0.05342505 0.06192856 0.01625683]";"[6.67661489e-03 5.99384960e-03 3.93823982e-03 2.02536321e-03
 1.53073659e-03 7.60141293e-04 3.28160995e-04 1.74775855e-04
 1.39150600e-04 9.47274915e-05]";"[0.00588528 0.00590582 0.00612599 0.00827082 0.00922603 0.00960725
 0.00273024 0.00164646 0.00146447 0.00092555]";"[0.00566066 0.00577494 0.00636931 0.00829357 0.00884385 0.01000401
 0.00239591 0.00135221 0.00123444 0.00057298]"
2023-06-09;S3A;2.73908684915048;0.3254112089975403;1.8510692978424004e-10;0.9660638600607687;3.3104202712408437e-09;1.447611776596644;1.7340539620926931;0.032881619103019566;"[0.01886578 0.01876252 0.01840212 0.01793792 0.01777314 0.01742209
 0.01708882 0.0168855  0.01681988 0.01671715]";"[0.01491286 0.01491286 0.01491286 0.01491286 0.01491286 0.01491286
 0.01491286 0.01491286 0.01491286 0.01491286]";"[0.00395292 0.00384966 0.00348926 0.00302505 0.00286027 0.00250922
 0.00217596 0.00197264 0.00190701 0.00180429]";"[0.23537913 0.22713753 0.19261588 0.12268778 0.08856493 0.0484949
 0.0367905  0.05313809 0.06016506 0.01761777]";"[0.10477266 0.09625014 0.06919651 0.04103641 0.03293249 0.0190004
 0.00982038 0.00598622 0.00500486 0.00369955]";"[0.0767423  0.08253149 0.09164728 0.06531158 0.04328309 0.023362
 0.02432265 0.04574186 0.05403759 0.013154  ]";"[0.05386417 0.0483559  0.03177209 0.01633979 0.01234935 0.00613251
 0.00264747 0.00141002 0.00112261 0.00076422]";"[0.0048719  0.00500469 0.00561279 0.00801907 0.00910144 0.009666
 0.00285665 0.00173531 0.0015436  0.0009654 ]";"[0.00490868 0.00499536 0.00558261 0.00807093 0.00899018 0.00976751
 0.00264984 0.00161017 0.0017516  0.00086193]"
2023-06-11;S3A;4.982761708804359;2.7435868577008193e-08;2.7598123786276574e-09;3.1953787925196178;2.3132162851879912e-10;1.787382885857739;2.0689638494269986;0.03781896556490147;"[0.02498398 0.02479612 0.02414051 0.02329606 0.0229963  0.0223577
 0.02175145 0.02138158 0.0212622  0.02107533]";"[0.01779309 0.01779309 0.01779309 0.01779309 0.01779309 0.01779309
 0.01779309 0.01779309 0.01779309 0.01779309]";"[0.00719089 0.00700303 0.00634742 0.00550297 0.00520321 0.00456461
 0.00395836 0.00358849 0.00346911 0.00328224]";"[0.33810016 0.33082882 0.29497633 0.19373879 0.14422486 0.07880635
 0.06521604 0.10087184 0.11188375 0.03357812]";"[0.12500813 0.1148396  0.08256091 0.04896206 0.03929297 0.02267007
 0.01171706 0.00714238 0.00597148 0.00441407]";"[0.15113988 0.16037244 0.17587259 0.12598344 0.09072821 0.04908294
 0.05045398 0.09210772 0.1046211  0.02828508]";"[0.06195215 0.05561679 0.03654283 0.0187933  0.01420367 0.00705333
 0.003045   0.00162174 0.00129118 0.00087897]";"[0.00430124 0.00434646 0.00463226 0.00658866 0.00779575 0.00962097
 0.00336647 0.00201274 0.00178893 0.00120313]";"[0.00436231 0.00433031 0.00463453 0.00664557 0.00764506 0.00983857
 0.0031096  0.00184931 0.00209481 0.0011377 ]"
2023-06-12;S3A;2.317513516623019;2.3132079585153065e-10;1.1491840812283272e-09;0.965057842122497;0.2909348746223797;1.0615207984976371;1.5398495533856442;0.0003401017177082355;"[0.01658723 0.01649986 0.01619493 0.01580217 0.01566275 0.01536573
 0.01508376 0.01491173 0.01485621 0.0147693 ]";"[0.01324271 0.01324271 0.01324271 0.01324271 0.01324271 0.01324271
 0.01324271 0.01324271 0.01324271 0.01324271]";"[0.00334453 0.00325715 0.00295222 0.00255946 0.00242005 0.00212303
 0.00184106 0.00166903 0.0016135  0.00152659]";"[0.16984719 0.16611618 0.14721403 0.09919607 0.07331837 0.0406968
 0.03291354 0.04746662 0.05364504 0.01757356]";"[0.09303871 0.08547066 0.06144688 0.03644056 0.02924424 0.01687246
 0.00872055 0.00531579 0.00444434 0.00328522]";"[0.07625136 0.08014537 0.08543852 0.0625865  0.04394641 0.02376091
 0.0241656  0.04213624 0.04918908 0.01428044]";"[5.57128750e-04 5.00155542e-04 3.28625608e-04 1.69006015e-04
 1.27731998e-04 6.34298331e-05 2.73833265e-05 1.45841352e-05
 1.16113930e-05 7.90451595e-06]";"[0.00615802 0.00623239 0.006597   0.00865218 0.00924662 0.00914199
 0.0025242  0.00153622 0.00136814 0.00084672]";"[0.00591739 0.00609889 0.00681892 0.00858207 0.00900321 0.00938668
 0.00226444 0.00125123 0.00114695 0.00048232]"
2023-07-20;S3A;2.142925353043893;5.088985899348586e-09;2.3131996318426218e-10;2.3132079585153065e-10;2.3132079585153065e-10;2.1429253472609457;1.0503619714934787;0.02504591341284937;"[0.01212568 0.01204489 0.01176293 0.01139976 0.01127085 0.0109962
 0.01073548 0.01057641 0.01052507 0.0104447 ]";"[0.00903311 0.00903311 0.00903311 0.00903311 0.00903311 0.00903311
 0.00903311 0.00903311 0.00903311 0.00903311]";"[0.00309257 0.00301178 0.00272982 0.00236665 0.00223773 0.00196309
 0.00170236 0.00154329 0.00149195 0.00141159]";"[0.16344369 0.1596479  0.13901719 0.08943083 0.0572239  0.0286698
 0.02673794 0.03948071 0.04799958 0.01295134]";"[0.06346355 0.05830123 0.04191414 0.02485683 0.01994807 0.01150904
 0.00594846 0.00362601 0.00303157 0.00224091]";"[0.05895183 0.064514   0.07290226 0.05212799 0.02786933 0.01248964
 0.0187729  0.03478069 0.04411291 0.01012832]";"[0.04102831 0.03683266 0.02420078 0.01244601 0.00940649 0.00467113
 0.00201657 0.00107401 0.00085509 0.00058211]";"[0.00476424 0.00480538 0.00509382 0.00681351 0.00788255 0.0073368
 0.00179551 0.00109067 0.00096493 0.0005964 ]";"[0.00457333 0.00459531 0.00495141 0.00708096 0.00782892 0.0075913
 0.00119467 0.00070413 0.00072722 0.00026897]"
2023-07-22;S3B;2.4759071021298666;2.310251989712242e-10;2.3133078785875227e-10;3.5329572600772963e-10;2.3132079585153065e-10;2.475907101082894;0.40961169674088194;0.06402596985389056;"[0.00709577 0.00700243 0.00667666 0.00625706 0.00610811 0.00579079
 0.00548955 0.00530576 0.00524644 0.00515359]";"[0.00352266 0.00352266 0.00352266 0.00352266 0.00352266 0.00352266
 0.00352266 0.00352266 0.00352266 0.00352266]";"[0.00357311 0.00347977 0.003154   0.0027344  0.00258545 0.00226813
 0.00196689 0.0017831  0.00172378 0.00163093]";"[0.19774363 0.19143141 0.16244116 0.10173773 0.06402527 0.03085957
 0.02916475 0.04434473 0.0543356  0.01406408]";"[0.024749   0.02273585 0.01634534 0.00969347 0.00777919 0.0044882
 0.00231973 0.00141404 0.00118223 0.00087389]";"[0.06811215 0.07453861 0.08423029 0.06022797 0.03219985 0.01443036
 0.02168996 0.04018515 0.05096747 0.01170212]";"[0.10488247 0.09415696 0.06186553 0.03181629 0.02404623 0.01194101
 0.00515506 0.00274554 0.00218591 0.00148807]";"[0.00242666 0.00243694 0.00253844 0.0033024  0.00388883 0.00363775
 0.00089835 0.00053733 0.00047178 0.00029392]";"[0.00221594 0.0021796  0.00229572 0.00352346 0.00399454 0.00373683
 0.00044597 0.00025122 0.00026351 0.00010773]"
2023-07-31;S3A;3.5147533549608085;2.081496732230434;5.63132873665495e-11;0.29095331054410895;2.770423057629756e-09;1.1423033093595292;1.1191745141363167;0.029213662320532657;"[0.01469723 0.01456472 0.01410226 0.0135066  0.01329516 0.01284469
 0.01241706 0.01215616 0.01207195 0.01194014]";"[0.0096249 0.0096249 0.0096249 0.0096249 0.0096249 0.0096249 0.0096249
 0.0096249 0.0096249 0.0096249]";"[0.00507233 0.00493982 0.00447736 0.0038817  0.00367026 0.00321979
 0.00279216 0.00253126 0.00244705 0.00231523]";"[0.19514159 0.19224401 0.17091355 0.10926889 0.07916081 0.04858293
 0.02903691 0.04967881 0.05778796 0.01228426]";"[0.06762125 0.06212073 0.04466007 0.02648528 0.02125494 0.01226303
 0.00633816 0.00386356 0.00323018 0.00238772]";"[0.07966474 0.0871615  0.09802558 0.06826652 0.0469341  0.03087148
 0.02034661 0.04456252 0.05356039 0.00921757]";"[0.0478556  0.04296178 0.0282279  0.01451708 0.01097177 0.00544842
 0.00235214 0.00125273 0.00099738 0.00067897]";"[0.00469686 0.00468881 0.00487155 0.00666323 0.00730965 0.00691945
 0.00207843 0.00123294 0.00109126 0.00068486]";"[0.00468778 0.00465364 0.00487931 0.00666514 0.00719139 0.00692334
 0.00195719 0.00120075 0.00110826 0.00055422]"
2023-08-02;S3A;4.766630848136419;1.780428203428694;0.6631269739720045;0.6455628109831859;0.7580590928837277;0.9194537668688069;1.1066858031613336;0.02561294069259415;"[0.01639647 0.01621677 0.01558959 0.01478177 0.01449502 0.01388411
 0.01330416 0.01295033 0.01283613 0.01265737]";"[0.0095175 0.0095175 0.0095175 0.0095175 0.0095175 0.0095175 0.0095175
 0.0095175 0.0095175 0.0095175]";"[0.00687898 0.00669927 0.0060721  0.00526427 0.00497752 0.00436661
 0.00378666 0.00343283 0.00331863 0.00313987]";"[0.24998531 0.24830854 0.22641694 0.15316776 0.1179706  0.08076585
 0.04568903 0.07356703 0.08512939 0.02184626]";"[0.06686667 0.06142754 0.04416171 0.02618974 0.02101776 0.01212619
 0.00626744 0.00382045 0.00319414 0.00236108]";"[0.14116147 0.14921447 0.15750654 0.11425025 0.08733339 0.06386278
 0.03735936 0.06864826 0.08106081 0.01888989]";"[0.04195717 0.03766654 0.02474868 0.01272778 0.00961945 0.00477688
 0.00206223 0.00109833 0.00087445 0.00059529]";"[0.00398112 0.00393122 0.00397261 0.00520848 0.00572133 0.00564743
 0.00211864 0.0012557  0.00110722 0.00072119]";"[0.00397836 0.00394138 0.00395892 0.00522375 0.00566636 0.00566286
 0.00206869 0.00129409 0.00124933 0.00061881]"
2023-08-05;S3A;4.84452946181283;2.785670991358212;0.31779385689036516;0.5434526450334837;2.3856083775086745e-10;1.1976119682922084;0.7451881870076754;0.057762562422289526;"[0.01340001 0.01321737 0.01257995 0.01175892 0.01146748 0.01084659
 0.01025716 0.00989755 0.00978149 0.0095998 ]";"[0.00640862 0.00640862 0.00640862 0.00640862 0.00640862 0.00640862
 0.00640862 0.00640862 0.00640862 0.00640862]";"[0.0069914  0.00680875 0.00617133 0.0053503  0.00505887 0.00443797
 0.00384855 0.00348894 0.00337287 0.00319118]";"[0.25146158 0.24841269 0.22221613 0.14136227 0.10437645 0.06863601
 0.03717194 0.06637557 0.07712509 0.01479833]";"[0.04502475 0.0413623  0.02973634 0.01763489 0.01415233 0.00816518
 0.00422019 0.0025725  0.00215078 0.00158983]";"[0.11181459 0.12210443 0.13666632 0.09502355 0.06853024 0.04969796
 0.028301   0.06132611 0.07300225 0.011866  ]";"[0.09462223 0.08494596 0.05581347 0.02870383 0.02169388 0.01077286
 0.00465076 0.00247696 0.00197207 0.0013425 ]";"[0.00325745 0.00322144 0.00326929 0.00444805 0.00496612 0.00477602
 0.00165421 0.0009626  0.0008469  0.00054765]";"[0.00327718 0.00321344 0.00326165 0.00446184 0.00490951 0.00477923
 0.00158362 0.00099685 0.00101019 0.00048531]"
2023-08-11;S3B;4.958197876488663;2.704356098635918;0.4040774402535152;0.6397543957046457;1.0090769886339501e-09;1.2100099408855072;0.762184838653634;0.05209076465464407;"[0.01371023 0.0135233  0.01287092 0.01203063 0.01173235 0.01109689
 0.01049363 0.01012559 0.0100068  0.00982085]";"[0.00655479 0.00655479 0.00655479 0.00655479 0.00655479 0.00655479
 0.00655479 0.00655479 0.00655479 0.00655479]";"[0.00715544 0.00696851 0.00631613 0.00547584 0.00517756 0.0045421
 0.00393884 0.0035708  0.00345201 0.00326606]";"[0.24763982 0.24571042 0.22244128 0.14254753 0.10558938 0.07048737
 0.03831157 0.06859325 0.07966922 0.01531826]";"[0.0460517  0.04230572 0.03041458 0.01803712 0.01447512 0.00835142
 0.00431644 0.00263118 0.00219983 0.0016261 ]";"[0.11625699 0.12679973 0.14169364 0.09862506 0.07155052 0.05242089
 0.02980103 0.06372833 0.07569096 0.01248149]";"[0.08533113 0.07660498 0.05033306 0.02588535 0.01956373 0.00971506
 0.00419409 0.00223374 0.00177843 0.00121067]";"[0.00338646 0.00333369 0.00334138 0.00451751 0.00503798 0.00481892
 0.00168826 0.00098126 0.00086312 0.00056033]";"[0.00342315 0.00333194 0.0033263  0.00454308 0.00498729 0.00482298
 0.00161407 0.0010196  0.00103992 0.00052575]"
2023-08-21;S3A;3.116051890846283;2.3103269297664042e-10;1.4865192410340455e-10;2.3130164450435586e-10;2.3131746518245677e-10;3.1160518900039795;0.35809985260963795;0.07337073008675105;"[0.0075766  0.00745912 0.00704912 0.00652103 0.00633357 0.00593421
 0.00555508 0.00532378 0.00524912 0.00513226]";"[0.00307966 0.00307966 0.00307966 0.00307966 0.00307966 0.00307966
 0.00307966 0.00307966 0.00307966 0.00307966]";"[0.00449694 0.00437946 0.00396946 0.00344137 0.00325392 0.00285455
 0.00247542 0.00224412 0.00216946 0.0020526 ]";"[0.2275495  0.22158659 0.19119276 0.12073429 0.07488184 0.03576893
 0.03523335 0.05495747 0.06768358 0.01719695]";"[0.02163662 0.01987664 0.01428979 0.00847444 0.0068009  0.00392378
 0.00202801 0.00123622 0.00103355 0.00076399]";"[0.08572252 0.09381054 0.106008   0.07579989 0.0405251  0.01816132
 0.02729789 0.050575   0.06414508 0.0147277 ]";"[0.12019035 0.10789942 0.07089497 0.03645996 0.02755584 0.01368383
 0.00590745 0.00314626 0.00250495 0.00170525]";"[0.00221375 0.00220565 0.00225225 0.00292115 0.00359661 0.00354424
 0.00089662 0.00053072 0.00046329 0.00029369]";"[0.00212133 0.00212307 0.00221029 0.0030679  0.00349221 0.00375252
 0.00057407 0.00028547 0.00028381 0.00010235]"
2023-08-22;S3B;3.4669054846479406;2.3130913850977208e-10;3.863576125695545e-13;0.9475321792898359;0.3090169396310055;2.2103563654954037;0.7174653723029101;0.017132101561238594;"[0.01117348 0.01104277 0.01058661 0.00999906 0.00979049 0.00934616
 0.00892435 0.008667   0.00858394 0.00845392]";"[0.0061702 0.0061702 0.0061702 0.0061702 0.0061702 0.0061702 0.0061702
 0.0061702 0.0061702 0.0061702]";"[0.00500327 0.00487257 0.00441641 0.00382885 0.00362029 0.00317596
 0.00275415 0.0024968  0.00241374 0.00228372]";"[0.17972088 0.18016003 0.16998065 0.11630866 0.07918394 0.04166769
 0.03975242 0.0640114  0.07554783 0.02173373]";"[0.04334972 0.03982353 0.02863008 0.01697883 0.01362583 0.00786142
 0.00406319 0.0024768  0.00207076 0.00153069]";"[0.10830666 0.11514194 0.12479656 0.09081642 0.05912381 0.03061109
 0.03430984 0.06079994 0.07289216 0.01980486]";"[0.0280645  0.02519457 0.01655401 0.00851342 0.0064343  0.00319518
 0.00137939 0.00073465 0.00058491 0.00039818]";"[0.00399652 0.00389249 0.00370776 0.00460371 0.0053207  0.00531053
 0.00142043 0.00084543 0.00074428 0.00047792]";"[0.00389211 0.00387315 0.00380326 0.00469406 0.00514778 0.00541619
 0.00126559 0.00080109 0.00077746 0.00040252]"
2023-08-30;S3B;2.614114946682905;1.2254465566369581;3.9895586834148844e-11;3.775896262325773e-11;2.1221441270924402e-10;1.3886683897560776;0.5909663902087903;0.0868072921575489;"[0.00885488 0.00875632 0.00841237 0.00796934 0.00781208 0.00747705
 0.00715899 0.00696495 0.00690232 0.00680428]";"[0.00508231 0.00508231 0.00508231 0.00508231 0.00508231 0.00508231
 0.00508231 0.00508231 0.00508231 0.00508231]";"[0.00377257 0.00367401 0.00333006 0.00288703 0.00272977 0.00239474
 0.00207668 0.00188263 0.00182001 0.00172197]";"[0.23904418 0.22762412 0.18336658 0.11031113 0.07715356 0.04294144
 0.02672335 0.04023909 0.04730848 0.01102647]";"[0.03570657 0.03280209 0.0235822  0.01398523 0.01122341 0.00647534
 0.00334679 0.00204011 0.00170566 0.00126081]";"[0.06113651 0.06716272 0.07590624 0.05318894 0.03332794 0.02027632
 0.01638726 0.03447654 0.04263914 0.00774812]";"[0.1422011  0.1276593  0.08387814 0.04313696 0.03260221 0.01618978
 0.0069893  0.00372244 0.00296368 0.00201754]";"[0.0023875  0.00245204 0.00275913 0.00387537 0.00432293 0.00414737
 0.00118907 0.00071531 0.00063255 0.00039079]";"[0.00242687 0.00243364 0.00271943 0.00390317 0.00430379 0.00411074
 0.00109088 0.00066892 0.00065989 0.00031638]"
2023-09-04;S3A;3.2324257890028774;0.8146129973835445;3.813399596097611e-10;9.891254482141676e-12;4.917391493997059e-10;2.4178127907363622;0.5246785942236626;0.0673900508429279;"[0.00917712 0.00905526 0.00862995 0.00808213 0.00788767 0.00747339
 0.00708011 0.00684017 0.00676272 0.0066415 ]";"[0.00451224 0.00451224 0.00451224 0.00451224 0.00451224 0.00451224
 0.00451224 0.00451224 0.00451224 0.00451224]";"[0.00466488 0.00454302 0.00411771 0.0035699  0.00337544 0.00296116
 0.00256787 0.00232793 0.00225049 0.00212926]";"[0.22385416 0.21787196 0.18736123 0.11762122 0.07686781 0.04050764
 0.03238487 0.05187894 0.0629283  0.01490073]";"[0.03170142 0.02912273 0.02093702 0.01241653 0.0099645  0.00574901
 0.00297139 0.00181127 0.00151434 0.00111938]";"[0.08175949 0.08964504 0.10130811 0.0717167  0.04159364 0.02219021
 0.02398756 0.04717787 0.0591132  0.01221509]";"[0.11039325 0.0991042  0.0651161  0.03348799 0.02530968 0.01256842
 0.00542592 0.0028898  0.00230076 0.00156625]";"[0.00264537 0.00264939 0.00276092 0.00368873 0.0043807  0.00426006
 0.00115334 0.00068505 0.00060116 0.0003798 ]";"[0.00268717 0.00263823 0.0027072  0.00377827 0.00427669 0.0042478
 0.0010015  0.00057563 0.00056994 0.00026643]"
2023-09-04;S3B;3.232602533065288;0.8140453736991315;6.543990349605622e-10;7.322042971935616e-10;3.339536980284663e-10;2.418557157645599;0.5223153247283241;0.06761353845927232;"[0.00915705 0.00903518 0.00860985 0.008062   0.00786753 0.00745323
 0.00705993 0.00681997 0.00674252 0.00662129]";"[0.00449191 0.00449191 0.00449191 0.00449191 0.00449191 0.00449191
 0.00449191 0.00449191 0.00449191 0.00449191]";"[0.00466514 0.00454327 0.00411793 0.00357009 0.00337562 0.00296132
 0.00256801 0.00232806 0.00225061 0.00212938]";"[0.22408732 0.21808011 0.18749492 0.11768547 0.07690948 0.04052212
 0.03239404 0.05188691 0.06293792 0.01490385]";"[0.03155863 0.02899156 0.02084272 0.0123606  0.00991961 0.00572312
 0.002958   0.00180311 0.00150752 0.00111434]";"[0.08176934 0.0896557  0.10132016 0.07172582 0.04159625 0.0221889
 0.02399213 0.04718442 0.05912201 0.01221806]";"[0.11075935 0.09943286 0.06533204 0.03359905 0.02539362 0.0126101
 0.00544391 0.00289938 0.00230839 0.00157145]";"[0.00264524 0.00264936 0.00276108 0.00368866 0.00438062 0.00426012
 0.00115337 0.00068502 0.00060111 0.00037976]";"[0.00268717 0.00263823 0.0027072  0.00377827 0.00427669 0.0042478
 0.0010015  0.00057563 0.00056994 0.00026643]"
2023-09-05;S3A;3.469508169890954;0.7172536727914212;2.4545615540105814e-10;0.23223240009424828;2.489558559304328e-10;2.5200220965108726;0.7668160901814275;0.03863766680681105;"[0.01160165 0.01147085 0.01101434 0.01042635 0.01021763 0.00977296
 0.00935083 0.00909329 0.00901017 0.00888005]";"[0.00659462 0.00659462 0.00659462 0.00659462 0.00659462 0.00659462
 0.00659462 0.00659462 0.00659462 0.00659462]";"[0.00500703 0.00487623 0.00441972 0.00383173 0.00362301 0.00317835
 0.00275621 0.00249867 0.00241555 0.00228543]";"[0.19978485 0.19783586 0.178804   0.11600407 0.07568861 0.04023633
 0.03452999 0.05677814 0.06856258 0.01657974]";"[0.04633152 0.04256278 0.03059939 0.01814671 0.01456308 0.00840217
 0.00434267 0.00264717 0.0022132  0.00163598]";"[0.09016004 0.0984523  0.1108707  0.07865723 0.04661438 0.02462814
 0.02707641 0.05247412 0.06503025 0.01404577]";"[0.06329329 0.05682078 0.03733391 0.01920013 0.01451115 0.00720602
 0.00311092 0.00165685 0.00131913 0.000898  ]";"[0.0036983  0.00365279 0.0036644  0.00484203 0.00579681 0.00568743
 0.00152544 0.00090632 0.00079649 0.00050804]";"[0.00371002 0.00363469 0.00366243 0.00495095 0.00559118 0.00572625
 0.0013127  0.00076927 0.00075222 0.00035804]"
2023-09-07;S3B;3.4266000158878134;1.0886812003217539;5.119638046835462e-10;0.6504723025665891;3.871748929795693e-07;1.6874461253126136;1.646438267892321;7.710693195051022e-12;"[0.01910448 0.01897529 0.01852443 0.01794371 0.01773757 0.01729841
 0.0168815  0.01662714 0.01654504 0.01641654]";"[0.01415937 0.01415937 0.01415937 0.01415937 0.01415937 0.01415937
 0.01415937 0.01415937 0.01415937 0.01415937]";"[0.00494511 0.00481592 0.00436506 0.00378434 0.0035782  0.00313904
 0.00272213 0.00246777 0.00238568 0.00225717]";"[0.18703268 0.18640724 0.17199548 0.1140489  0.08051544 0.04656943
 0.03494094 0.05652186 0.06578056 0.01657886]";"[0.09947887 0.09138696 0.06570025 0.03896299 0.03126853 0.01804037
 0.00932419 0.00568376 0.00475198 0.00351262]";"[0.08755381 0.09502028 0.10629523 0.07508591 0.04924691 0.02852906
 0.02561675 0.05083811 0.06102857 0.01306624]";"[1.26310708e-11 1.13393898e-11 7.45050998e-12 3.83165818e-12
 2.89590495e-12 1.43806384e-12 6.20827294e-13 3.30647526e-13
 2.63250330e-13 1.79209025e-13]";"[0.00642658 0.00636479 0.00645407 0.00870466 0.00989905 0.0098636
 0.00285997 0.00170717 0.00151111 0.00095589]";"[0.00654065 0.00648836 0.00663346 0.00862287 0.00956929 0.0099364
 0.00271246 0.00161113 0.00147272 0.00072604]"
2023-09-08;S3A;2.8945447827275337;2.5817348259238315e-09;3.0779795379132224e-10;0.09886008578724514;1.4219450616970164e-09;2.795684692628811;1.3162036577084235;0.005716951721908836;"[0.01549662 0.0153875  0.01500664 0.01451609 0.01434196 0.01397098
 0.01361881 0.01340395 0.0133346  0.01322604]";"[0.01131935 0.01131935 0.01131935 0.01131935 0.01131935 0.01131935
 0.01131935 0.01131935 0.01131935 0.01131935]";"[0.00417727 0.00406814 0.00368729 0.00319674 0.00302261 0.00265163
 0.00229946 0.00208459 0.00201525 0.00190669]";"[0.16895494 0.16892695 0.15671554 0.10454821 0.06559041 0.03297852
 0.03348216 0.05211632 0.06364271 0.0167682 ]";"[0.07952588 0.073057   0.05252241 0.03114798 0.02499684 0.01442192
 0.00745399 0.00454373 0.00379885 0.00280808]";"[0.08006399 0.08746257 0.09866908 0.07055932 0.03844645 0.01749038
 0.02556787 0.04732743 0.05964867 0.01382725]";"[0.00936508 0.00840738 0.00552404 0.00284091 0.00214712 0.00106623
 0.0004603  0.00024515 0.00019518 0.00013287]";"[0.00584915 0.00576164 0.00575227 0.007584   0.00926113 0.00909385
 0.00227636 0.00136981 0.00120667 0.00076261]";"[0.00583059 0.0057413  0.00575947 0.00783862 0.00885427 0.00931825
 0.0017695  0.00085997 0.0007668  0.00028893]"
2023-09-09;S3A;2.925091893383108;1.6519886786461127;2.3132079585153065e-10;0.24758188226586708;1.6673398461897193e-06;1.0255196648999612;1.9945016843706498;1.2835982277081825e-11;"[0.02137407 0.02126379 0.02087892 0.02038319 0.02020722 0.01983233
 0.01947644 0.01925931 0.01918923 0.01907953]";"[0.01715271 0.01715271 0.01715271 0.01715271 0.01715271 0.01715271
 0.01715271 0.01715271 0.01715271 0.01715271]";"[0.00422135 0.00411108 0.0037262  0.00323048 0.00305451 0.00267962
 0.00232372 0.00210659 0.00203651 0.00192681]";"[0.1875389  0.1840188  0.16203402 0.10470324 0.07702694 0.04725029
 0.02866687 0.0445119  0.05106693 0.01223634]";"[0.12050908 0.11070651 0.07958954 0.04719991 0.03787882 0.02185418
 0.01129536 0.00688532 0.00575657 0.0042552 ]";"[0.06702982 0.07331229 0.08244448 0.05750333 0.03914812 0.02539611
 0.01737151 0.03762657 0.04531036 0.00798113]";"[2.10269293e-11 1.88766694e-11 1.24028556e-11 6.37855705e-12
 4.82080971e-12 2.39394326e-12 1.03349050e-12 5.50428565e-13
 4.38232527e-13 2.98329063e-13]";"[0.00718585 0.00726123 0.00782213 0.01087331 0.01180931 0.01138476
 0.00342989 0.00205947 0.00182946 0.00112818]";"[0.00809918 0.00802768 0.00816816 0.01039035 0.01132818 0.01158267
 0.00340575 0.00213231 0.00195697 0.00099925]"
2023-09-10;S3B;2.9345245314945907;0.8468949507591672;4.41640890525008e-10;2.3132079585153065e-10;4.3459152943015056e-10;2.0876295796278703;0.6147707373776784;0.05838104936392899;"[0.009522   0.00941136 0.00902525 0.00852792 0.00835138 0.00797529
 0.00761825 0.00740042 0.00733011 0.00722006]";"[0.00528703 0.00528703 0.00528703 0.00528703 0.00528703 0.00528703
 0.00528703 0.00528703 0.00528703 0.00528703]";"[0.00423497 0.00412433 0.00373822 0.00324089 0.00306436 0.00268826
 0.00233122 0.00211339 0.00204308 0.00193303]";"[0.20606055 0.20035151 0.17177357 0.1077558  0.07130338 0.03821111
 0.0293884  0.04675908 0.056454   0.01335418]";"[0.03714485 0.03412337 0.0245321  0.01454856 0.01167549 0.00673617
 0.0034816  0.00212228 0.00177436 0.00131159]";"[0.07328031 0.08037263 0.09083038 0.06419607 0.03770172 0.02058673
 0.02120624 0.04213332 0.05268645 0.01068572]";"[0.09563539 0.08585551 0.05641109 0.02901117 0.02192617 0.01088821
 0.00470056 0.00250348 0.00199318 0.00135687]";"[0.0029935  0.00300822 0.0031649  0.00425119 0.00493268 0.00468503
 0.00125688 0.0007507  0.00066095 0.00041405]";"[0.00307827 0.00299899 0.00310792 0.00433595 0.0048367  0.00467663
 0.00111243 0.00068437 0.00068519 0.00032662]"
2023-09-11;S3B;2.5220652495171647;0.8184140652939229;2.3132079585153065e-10;7.89181460847388e-06;2.3132079585153065e-10;1.7036432919459918;2.1174203211973146;1.2380818592561127e-11;"[0.02184954 0.02175446 0.02142261 0.02099519 0.02084346 0.02052023
 0.02021337 0.02002616 0.01996573 0.01987115]";"[0.01820981 0.01820981 0.01820981 0.01820981 0.01820981 0.01820981
 0.01820981 0.01820981 0.01820981 0.01820981]";"[0.00363973 0.00354464 0.0032128  0.00278537 0.00263365 0.00231041
 0.00200356 0.00181634 0.00175592 0.00166133]";"[0.19011999 0.18575268 0.16159582 0.10451327 0.07256643 0.04126671
 0.02973581 0.0429334  0.05056685 0.01336081]";"[0.12793591 0.11752921 0.08449454 0.05010878 0.04021324 0.02320102
 0.01199148 0.00730966 0.00611134 0.00451745]";"[0.06218409 0.06822346 0.07710128 0.05440449 0.03235319 0.01806569
 0.01774433 0.03562374 0.04445551 0.00884336]";"[2.02813148e-11 1.82073030e-11 1.19630505e-11 6.15237354e-12
 4.64986390e-12 2.30905407e-12 9.96842943e-13 5.30910379e-13
 4.22692810e-13 2.87750320e-13]";"[0.00723534 0.0073535  0.00805791 0.01124221 0.01278238 0.01257819
 0.00355868 0.00215603 0.00191126 0.00117573]";"[0.0086435  0.00843838 0.00828263 0.01087753 0.01217853 0.0128423
 0.00327647 0.00194198 0.00177817 0.00087863]"
2023-09-20;S3B;4.247765877683851;0.8399527921030325;2.4561686018387263e-10;0.8827729920199873;2.3132162851879912e-10;2.5250400930838928;0.027949624029476317;0.28372688606343155;"[0.00637054 0.0062104  0.00565149 0.0049316  0.00467607 0.00413166
 0.00361484 0.00329952 0.00319776 0.00303845]";"[0.00024037 0.00024037 0.00024037 0.00024037 0.00024037 0.00024037
 0.00024037 0.00024037 0.00024037 0.00024037]";"[0.00613018 0.00597003 0.00541113 0.00469124 0.0044357  0.00389129
 0.00337447 0.00305916 0.00295739 0.00279808]";"[0.57982259 0.54163872 0.41260578 0.2391727  0.16903715 0.08697106
 0.05762968 0.07885995 0.09011677 0.02488062]";"[1.68873437e-03 1.55136764e-03 1.11531501e-03 6.61428263e-04
 5.30808615e-04 3.06249929e-04 1.58285685e-04 9.64863485e-05
 8.06687310e-05 5.96296017e-05]";"[0.11335406 0.12283696 0.13733742 0.09751948 0.06194704 0.03374903
 0.0346271  0.06659677 0.0803494  0.01822672]";"[0.46477979 0.41725039 0.27415304 0.14099179 0.1065593  0.05291578
 0.0228443  0.01216669 0.0096867  0.00659427]";"[0.00072394 0.00074481 0.00083941 0.00115064 0.00136225 0.0015732
 0.00055742 0.00032217 0.00027852 0.00017752]";"[0.0007477  0.00074777 0.0008204  0.00116632 0.00133082 0.00158156
 0.00052841 0.00030483 0.00030975 0.00017514]"
2024-02-23;S3B;0.12498029574333158;2.3132079585153065e-10;0.12498029362388197;1.425487228257083e-09;2.3132079585153065e-10;2.3132079585153065e-10;0.9397802579233128;0.07471222636845859;"[0.00826248 0.00825776 0.00824132 0.00822014 0.00821262 0.0081966
 0.0081814  0.00817212 0.00816912 0.00816444]";"[0.00808211 0.00808211 0.00808211 0.00808211 0.00808211 0.00808211
 0.00808211 0.00808211 0.00808211 0.00808211]";"[1.80365661e-04 1.75653808e-04 1.59209380e-04 1.38028403e-04
 1.30509788e-04 1.14491890e-04 9.92856725e-05 9.00083700e-05
 8.70140709e-05 8.23268851e-05]";"[0.18286368 0.16608115 0.1140956  0.06241019 0.04857047 0.02755387
 0.01223994 0.00802907 0.00717779 0.00379597]";"[0.05678213 0.0521633  0.03750144 0.02223991 0.01784795 0.01029737
 0.00532221 0.00324426 0.00271241 0.00200499]";"[3.69366074e-03 4.04561610e-03 4.40296380e-03 3.04368857e-03
 2.66285226e-03 3.32248388e-03 9.02267587e-04 1.58102386e-03
 1.91463116e-03 5.45486304e-05]";"[0.12238788 0.10987223 0.0721912  0.03712659 0.02805967 0.01393402
 0.00601546 0.00320379 0.00255075 0.00173643]";"[0.0030639  0.00334721 0.0045884  0.00702785 0.00653344 0.00556024
 0.00145916 0.0009205  0.00082917 0.00048077]";"[0.00279574 0.00307345 0.00463135 0.00701413 0.00672766 0.00545122
 0.00148777 0.00092819 0.00082927 0.00042047]"
2024-03-14;S3B;1.680847611541671;0.04065667769373865;0.8129067894432549;0.2753385790889967;0.5519455651290966;1.865840815185038e-10;0.8758341194702512;0.08864603139044519;"[0.00995789 0.00989452 0.00967336 0.0093885  0.00928739 0.00907196
 0.00886746 0.00874269 0.00870242 0.00863938]";"[0.00753217 0.00753217 0.00753217 0.00753217 0.00753217 0.00753217
 0.00753217 0.00753217 0.00753217 0.00753217]";"[0.00242572 0.00236235 0.00214119 0.00185633 0.00175521 0.00153979
 0.00133528 0.00121051 0.00117024 0.00110721]";"[0.2625371  0.24567664 0.18775719 0.11480232 0.09208394 0.06266201
 0.02937086 0.03404091 0.03731825 0.01223993]";"[0.05291846 0.04861392 0.0349497  0.02072663 0.01663351 0.0095967
 0.00496007 0.00302351 0.00252785 0.00186856]";"[0.06440546 0.06669936 0.06715265 0.05002501 0.04215765 0.0365326
 0.01727345 0.0272161  0.03176394 0.00831109]";"[0.14521318 0.13036336 0.08565483 0.04405068 0.03329279 0.01653271
 0.00713734 0.00380129 0.00302646 0.00206028]";"[0.00240863 0.002536   0.0030922  0.00442788 0.004503   0.00422062
 0.00148085 0.00092242 0.00082455 0.00050052]";"[0.0023904  0.00250084 0.00311886 0.00442516 0.00449236 0.00427089
 0.00149476 0.00090582 0.00089792 0.00044161]"
2024-03-25;S3B;1.617878270588967;6.293882082175628e-10;1.2164622021392462;6.701697530253625e-10;0.40141606691908693;2.310759916746008e-10;1.0101894962607294;0.09445123031132971;"[0.01102248 0.01096148 0.01074861 0.01047442 0.01037709 0.01016973
 0.00997289 0.00985279 0.00981403 0.00975336]";"[0.00868763 0.00868763 0.00868763 0.00868763 0.00868763 0.00868763
 0.00868763 0.00868763 0.00868763 0.00868763]";"[0.00233485 0.00227385 0.00206098 0.00178679 0.00168946 0.00148211
 0.00128526 0.00116516 0.0011264  0.00106573]";"[0.27413482 0.25643044 0.19453842 0.11681193 0.09404279 0.0691583
 0.02811971 0.03099852 0.03423033 0.00939601]";"[0.0610363  0.05607143 0.04031108 0.02390615 0.01918513 0.01106886
 0.00572095 0.00348733 0.00291563 0.00215521]";"[0.0583757  0.06145849 0.0629632  0.04597034 0.03938461 0.04047404
 0.014794   0.02346096 0.02809005 0.00504561]";"[0.15472282 0.13890052 0.09126415 0.04693545 0.03547305 0.01761539
 0.00760475 0.00405023 0.00322465 0.0021952 ]";"[0.00250027 0.00263929 0.00327307 0.00483907 0.00493653 0.0044759
 0.00167258 0.00104527 0.00093433 0.00056525]";"[0.00240549 0.00254571 0.00333855 0.00484221 0.00493197 0.00456793
 0.00171636 0.00109398 0.00116719 0.00056049]"
2024-04-06;S3B;1.3453124706270856;4.9295008908156746e-08;0.7607727703828613;2.603250948141067e-11;0.26879716398282544;0.31574248694035745;0.5678201476779526;0.08251113809325797;"[0.00682474 0.00677403 0.00659701 0.00636902 0.00628809 0.00611567
 0.00595198 0.00585212 0.00581989 0.00576944]";"[0.00488325 0.00488325 0.00488325 0.00488325 0.00488325 0.00488325
 0.00488325 0.00488325 0.00488325 0.00488325]";"[0.00194149 0.00189077 0.00171376 0.00148576 0.00140483 0.00123241
 0.00106873 0.00096887 0.00093664 0.00088618]";"[0.21565734 0.20177686 0.15339338 0.0915928  0.07110545 0.04912268
 0.02214315 0.0256525  0.02894111 0.00797661]";"[0.03430806 0.03151734 0.02265856 0.01343747 0.01078382 0.00622173
 0.00321571 0.0019602  0.00163885 0.00121143]";"[0.04618582 0.04891816 0.05100787 0.03715325 0.02933292 0.02751241
 0.01228405 0.02015409 0.02448525 0.0048475 ]";"[0.13516347 0.12134135 0.07972695 0.04100208 0.03098871 0.01538854
 0.00664339 0.00353822 0.00281701 0.00191769]";"[0.00216159 0.00226143 0.00269525 0.00375166 0.00372668 0.00316783
 0.00100633 0.00062267 0.00055513 0.00033387]";"[0.00211765 0.00221485 0.00274168 0.00373814 0.00373035 0.00319385
 0.00102527 0.00062951 0.00061054 0.00029146]"
2024-04-14;S3B;0.3478096861893576;2.313141345133829e-10;6.615046102553812e-07;3.30083460564623e-10;2.3132079585153065e-10;0.34780902389202895;0.413453935523585;0.07014222662283004;"[0.00405765 0.00404453 0.00399877 0.00393983 0.0039189  0.00387433
 0.00383201 0.00380619 0.00379786 0.00378481]";"[0.0035557 0.0035557 0.0035557 0.0035557 0.0035557 0.0035557 0.0035557
 0.0035557 0.0035557 0.0035557]";"[0.00050194 0.00048883 0.00044307 0.00038412 0.0003632  0.00031862
 0.0002763  0.00025049 0.00024215 0.00022911]";"[0.14945105 0.13657169 0.09610654 0.05310071 0.03871884 0.01963916
 0.01103596 0.01008024 0.01074783 0.00415619]";"[0.02498115 0.02294911 0.01649866 0.00978439 0.00785216 0.0045303
 0.00234149 0.00142731 0.00119332 0.00088209]";"[0.00956824 0.01047101 0.01183248 0.00846069 0.00452337 0.00202716
 0.00304695 0.00564511 0.00715979 0.00164388]";"[0.11490166 0.10315156 0.06777541 0.03485563 0.02634332 0.0130817
 0.00564751 0.00300782 0.00239472 0.00163022]";"[0.00219561 0.00234355 0.00292996 0.00401049 0.00365311 0.00285105
 0.00068296 0.00042432 0.00037991 0.00022246]";"[0.00215391 0.00228373 0.00293721 0.00398838 0.00374137 0.00278835
 0.00065422 0.00038392 0.00035582 0.00016406]"
2024-04-16;S3A;0.3774515693629135;1.5159898336669642e-09;0.3774515630276862;2.313191305169937e-10;4.356597582688693e-09;2.3132079585153065e-10;0.8197336243451347;0.07845287316434235;"[0.00759443 0.0075802  0.00753054 0.00746657 0.00744386 0.00739548
 0.00734956 0.00732154 0.0073125  0.00729834]";"[0.00704971 0.00704971 0.00704971 0.00704971 0.00704971 0.00704971
 0.00704971 0.00704971 0.00704971 0.00704971]";"[0.00054472 0.00053049 0.00048083 0.00041686 0.00039415 0.00034578
 0.00029985 0.00027183 0.00026279 0.00024863]";"[0.18919954 0.17309138 0.121814   0.06757663 0.05307466 0.03364785
 0.01368393 0.01096887 0.01082674 0.00373699]";"[0.04952884 0.04550001 0.03271104 0.01939901 0.01556807 0.00898199
 0.00464236 0.00282985 0.00236593 0.00174887]";"[0.01115518 0.01221812 0.01329734 0.00919221 0.00804205 0.0100342
 0.00272493 0.00477483 0.00578236 0.00016474]";"[0.12851553 0.11537325 0.07580562 0.03898542 0.02946454 0.01463166
 0.00631664 0.00336419 0.00267845 0.00182337]";"[0.00271192 0.00292985 0.0038787  0.00584554 0.00547552 0.0045608
 0.00128158 0.00080559 0.00072438 0.00042344]";"[0.00250653 0.00272511 0.00392173 0.00585109 0.00559538 0.00450512
 0.00133987 0.00083721 0.00074379 0.00037089]"
2024-04-29;S3B;1.2417839384046614;2.8868097995404796e-07;0.4873902201951147;4.248601470635549e-10;2.3135826587861175e-10;0.7543934288723484;0.38500508878264006;0.08670118240967864;"[0.00510313 0.00505631 0.00489292 0.00468247 0.00460777 0.00444862
 0.00429753 0.00420535 0.0041756  0.00412903]";"[0.00331104 0.00331104 0.00331104 0.00331104 0.00331104 0.00331104
 0.00331104 0.00331104 0.00331104 0.00331104]";"[0.00179208 0.00174527 0.00158188 0.00137143 0.00129672 0.00113757
 0.00098649 0.00089431 0.00086456 0.00081799]";"[0.20044719 0.18736158 0.14197388 0.08241606 0.06006975 0.03774223
 0.01928854 0.02345673 0.0270673  0.00661476]";"[0.02326226 0.02137003 0.01536343 0.00911115 0.00731187 0.00421858
 0.00218038 0.0013291  0.00111121 0.0008214 ]";"[0.03515766 0.03848829 0.04283485 0.03022068 0.02019552 0.01735366
 0.0101274  0.01840974 0.02299603 0.00377829]";"[0.14202728 0.12750326 0.08377561 0.04308423 0.03256236 0.01616999
 0.00698076 0.00371789 0.00296006 0.00201508]";"[0.00186901 0.00194466 0.00226596 0.00310663 0.00313195 0.00259239
 0.00073598 0.00045068 0.00040043 0.00024007]";"[0.00183512 0.00190363 0.00227878 0.00312434 0.00316572 0.00255377
 0.00072956 0.00044247 0.00046249 0.00021125]"
2024-05-03;S3B;0.9938026278508453;2.3132079585153065e-10;0.7891817405684385;1.0990958143608509e-10;0.018866630682141672;0.18575425625903474;0.759922244854836;0.08211188900709182;"[0.00796954 0.00793207 0.00780131 0.00763289 0.0075731  0.00744573
 0.00732482 0.00725105 0.00722724 0.00718997]";"[0.00653533 0.00653533 0.00653533 0.00653533 0.00653533 0.00653533
 0.00653533 0.00653533 0.00653533 0.00653533]";"[0.00143421 0.00139674 0.00126598 0.00109756 0.00103777 0.0009104
 0.00078949 0.00071572 0.00069191 0.00065464]";"[0.20991192 0.19511026 0.1447322  0.0832933  0.06513407 0.04608537
 0.01852205 0.01952205 0.0213547  0.00496427]";"[0.04591499 0.04218013 0.0303243  0.01798357 0.01443215 0.00832663
 0.00430363 0.00262337 0.0021933  0.00162127]";"[0.02948748 0.03217591 0.03506673 0.02450604 0.01986316 0.02244466
 0.00760717 0.01337758 0.01635802 0.00143458]";"[0.13450945 0.12075422 0.07934117 0.04080368 0.03083876 0.01531408
 0.00661125 0.0035211  0.00280338 0.00190841]";"[0.00250699 0.00265584 0.00330995 0.00487148 0.0047645  0.00397605
 0.00124808 0.00077769 0.00069616 0.00041433]";"[0.0024532  0.00256435 0.00340451 0.0048341  0.0048192  0.00401066
 0.00128449 0.00081756 0.0007702  0.0003807 ]"
2024-05-10;S3B;1.278629714732098;2.3131579984791983e-10;0.9024771106696703;6.128930696291945e-11;4.934400554823526e-08;0.3761525544258171;0.4812785070126857;0.08434868433872292;"[0.00598425 0.00593605 0.00576781 0.00555112 0.0054742  0.00531032
 0.00515475 0.00505984 0.00502921 0.00498125]";"[0.004139 0.004139 0.004139 0.004139 0.004139 0.004139 0.004139 0.004139
 0.004139 0.004139]";"[0.00184526 0.00179705 0.00162882 0.00141212 0.0013352  0.00117133
 0.00101576 0.00092084 0.00089021 0.00084226]";"[0.20427246 0.19129494 0.14529796 0.08443316 0.0649394  0.04718856
 0.01932743 0.0228001  0.02583753 0.00515893]";"[0.02907916 0.02671377 0.01920517 0.01138946 0.00914026 0.00527347
 0.0027256  0.00166145 0.00138908 0.00102679]";"[0.03701971 0.0405375  0.04459031 0.03112848 0.0241203  0.02618384
 0.00981048 0.01752164 0.02156871 0.00217174]";"[0.1381736  0.12404366 0.08150249 0.04191521 0.03167883 0.01573124
 0.00679134 0.00361701 0.00287974 0.0019604 ]";"[0.00205325 0.00214019 0.00252438 0.00353551 0.00346552 0.00278036
 0.00087491 0.0005386  0.00047977 0.00028773]";"[0.00199022 0.00208044 0.00258917 0.0035034  0.00353168 0.00278158
 0.00087739 0.00060803 0.00075445 0.00033158]"
2024-05-11;S3B;1.0034753116442614;0.3294505360620473;0.16283779715176666;2.030867141122883e-10;7.150212338880024e-08;0.5111869067252373;0.3511734409742867;0.06368353237480379;"[0.00446826 0.00443043 0.00429839 0.00412833 0.00406796 0.00393935
 0.00381726 0.00374277 0.00371873 0.0036811 ]";"[0.00302009 0.00302009 0.00302009 0.00302009 0.00302009 0.00302009
 0.00302009 0.00302009 0.00302009 0.00302009]";"[0.00144817 0.00141034 0.0012783  0.00110824 0.00104787 0.00091926
 0.00079717 0.00072268 0.00069864 0.00066101]";"[0.15058056 0.14062295 0.10638127 0.0615751  0.0448092  0.02630849
 0.01390508 0.01750927 0.01998334 0.00503497]";"[0.02121813 0.01949218 0.01401339 0.00831052 0.00666935 0.00384788
 0.00198878 0.0012123  0.00101356 0.00074922]";"[0.02504092 0.0274774  0.03083323 0.02161845 0.01422223 0.01058347
 0.00678881 0.01356611 0.01679556 0.00280565]";"[0.10432152 0.09365337 0.06153465 0.03164612 0.02391762 0.01187714
 0.00512749 0.00273086 0.00217422 0.00148011]";"[0.00231107 0.00240534 0.00276968 0.0036387  0.0034226  0.00263896
 0.00066984 0.00040826 0.00036319 0.00021524]";"[0.00224009 0.00234747 0.00283161 0.00360752 0.00345903 0.00262207
 0.00067086 0.000398   0.00037142 0.00016247]"
2024-05-17;S3A;1.7918443736289373;0.9150214355548669;0.08278899829050029;1.1459749815756481e-10;0.1000207928080768;0.6940131468608959;0.6325975201936374;0.057457264093073585;"[0.00802624 0.00795869 0.00772293 0.00741925 0.00731146 0.00708181
 0.0068638  0.00673079 0.00668786 0.00662066]";"[0.00544034 0.00544034 0.00544034 0.00544034 0.00544034 0.00544034
 0.00544034 0.00544034 0.00544034 0.00544034]";"[0.00258591 0.00251835 0.00228259 0.00197892 0.00187112 0.00164147
 0.00142346 0.00129045 0.00124752 0.00118032]";"[0.17659525 0.16761842 0.13370197 0.080986   0.05913878 0.035017
 0.01953673 0.02788432 0.0321911  0.00801088]";"[0.03822195 0.03511286 0.02524347 0.01497043 0.01201405 0.0069315
 0.00358256 0.00218382 0.00182581 0.00134963]";"[0.04425118 0.04800858 0.05294003 0.03746346 0.0255455  0.01736957
 0.011328   0.02323664 0.02840364 0.00532585]";"[0.09412212 0.08449698 0.05551847 0.02855211 0.02157922 0.01071593
 0.00462618 0.00246386 0.00196165 0.0013354 ]";"[0.00304338 0.0031435  0.00357049 0.00486636 0.00494202 0.00426598
 0.00116408 0.00070761 0.00062927 0.00038009]";"[0.00293908 0.00307257 0.00364914 0.00483674 0.00490484 0.00426156
 0.001179   0.00069213 0.0006459  0.00028385]"
2024-05-25;S3A;4.086171663466984;2.3133578386236309e-10;2.3131496718065137e-12;2.4351592865036222;0.2205098026445551;1.4305025740851574;0.45463611668419224;0.0570647202931851;"[0.00980684 0.00965279 0.00911515 0.00842264 0.00817683 0.00765313
 0.00715597 0.00685265 0.00675475 0.00660151]";"[0.00390987 0.00390987 0.00390987 0.00390987 0.00390987 0.00390987
 0.00390987 0.00390987 0.00390987 0.00390987]";"[0.00589697 0.00574292 0.00520528 0.00451277 0.00426696 0.00374326
 0.0032461  0.00294278 0.00284488 0.00269164]";"[0.25032934 0.24556063 0.22068314 0.14576838 0.1074955  0.05789728
 0.0495211  0.07975465 0.08959174 0.02665508]";"[0.02746941 0.02523496 0.01814201 0.01075897 0.00863428 0.00498154
 0.00257472 0.00156947 0.00131218 0.00096995]";"[0.12938085 0.13640596 0.14740195 0.10665236 0.07742943 0.04227303
 0.04235181 0.07573814 0.08633131 0.02435885]";"[0.09347908 0.08391971 0.05513918 0.02835705 0.0214318  0.01064272
 0.00459457 0.00244703 0.00194824 0.00132628]";"[0.00246685 0.00244537 0.0024197  0.00307434 0.00341439 0.00363606
 0.00109442 0.00064371 0.00056777 0.00036996]";"[0.00241537 0.0024077  0.00249601 0.0031088  0.00329169 0.00376746
 0.00101681 0.00060315 0.00062845 0.00028477]"
2024-06-04;S3A;2.117810926277877;0.6870125098534183;1.747277322827756e-10;0.15244373597122135;0.44989850488813543;0.8284561753903741;0.631303854007958;0.052193587202527425;"[0.00848554 0.00840569 0.00812704 0.00776813 0.00764072 0.0073693
 0.00711162 0.00695442 0.00690368 0.00682426]";"[0.00542921 0.00542921 0.00542921 0.00542921 0.00542921 0.00542921
 0.00542921 0.00542921 0.00542921 0.00542921]";"[0.00305632 0.00297648 0.00269783 0.00233891 0.00221151 0.00194008
 0.00168241 0.00152521 0.00147447 0.00139504]";"[0.18928915 0.18078594 0.14790413 0.09416559 0.06923802 0.03927275
 0.02580031 0.03661404 0.04236872 0.01314606]";"[0.03814379 0.03504106 0.02519185 0.01493981 0.01198948 0.00691733
 0.00357523 0.00217936 0.00182208 0.00134687]";"[0.0656458  0.0689887  0.07227988 0.05328933 0.03764619 0.02262118
 0.0180227  0.03219653 0.0387647  0.01058613]";"[0.08549956 0.07675619 0.05043241 0.02593645 0.01960234 0.00973424
 0.00420237 0.00223815 0.00178194 0.00121306]";"[0.0029458  0.00302107 0.00334259 0.00438222 0.00456724 0.00421893
 0.00117543 0.00071425 0.00063391 0.00038773]";"[0.00292266 0.00299354 0.00338073 0.00440904 0.00451936 0.00425784
 0.0011467  0.00069373 0.0006768  0.00029824]"
2024-06-04;S3B;2.118179099127967;0.6869375946948866;9.8031416317923e-10;0.15328867728698958;0.449431480390316;0.8285213457754609;0.6291036478226442;0.052366717521195344;"[0.00846715 0.00838729 0.00810859 0.00774961 0.00762218 0.00735071
 0.007093   0.00693576 0.00688501 0.00680558]";"[0.00541029 0.00541029 0.00541029 0.00541029 0.00541029 0.00541029
 0.00541029 0.00541029 0.00541029 0.00541029]";"[0.00305686 0.002977   0.0026983  0.00233932 0.00221189 0.00194042
 0.0016827  0.00152547 0.00147472 0.00139528]";"[0.18944108 0.18092132 0.14799112 0.09420276 0.06926335 0.03928132
 0.0258043  0.03662149 0.0423757  0.01314562]";"[0.03801085 0.03491893 0.02510405 0.01488775 0.0119477  0.00689322
 0.00356277 0.00217176 0.00181573 0.00134217]";"[0.06564706 0.06899159 0.07228737 0.05329253 0.03764828 0.02262157
 0.01802522 0.03220415 0.03877212 0.01058636]";"[0.08578317 0.0770108  0.0505997  0.02602248 0.01966737 0.00976653
 0.00421631 0.00224557 0.00178785 0.00121709]";"[0.00294579 0.00302107 0.00334258 0.00438218 0.00456726 0.00421893
 0.00117545 0.00071422 0.00063387 0.00038771]";"[0.00292266 0.00299354 0.00338073 0.00440904 0.00451936 0.00425784
 0.0011467  0.00069373 0.0006768  0.00029824]"
2024-06-05;S3A;2.4577677705307877;0.6360105449648329;4.873010328587668e-10;0.36812078821304606;0.17563499243153036;1.2780014444340773;0.6589159077510476;0.06959944541419871;"[0.00921361 0.00912095 0.00879757 0.00838104 0.00823318 0.00791819
 0.00761915 0.00743671 0.00737783 0.00728565]";"[0.00566668 0.00566668 0.00566668 0.00566668 0.00566668 0.00566668
 0.00566668 0.00566668 0.00566668 0.00566668]";"[0.00354693 0.00345427 0.00313089 0.00271436 0.00256651 0.00225151
 0.00195248 0.00177004 0.00171115 0.00161898]";"[0.2224442  0.21249982 0.17395294 0.1079971  0.07686459 0.04198585
 0.02936154 0.04299867 0.04983026 0.01393927]";"[0.03981213 0.03657369 0.02629369 0.01559325 0.01251388 0.00721988
 0.0037316  0.00227468 0.00190178 0.00140578]";"[0.06861956 0.07357279 0.08040831 0.05781794 0.03821125 0.0217855
 0.02002613 0.03773945 0.0455523  0.01091589]";"[0.11401251 0.10235334 0.06725094 0.0345859  0.02613946 0.01298047
 0.00560381 0.00298454 0.00237619 0.0016176 ]";"[0.00265404 0.00272115 0.00302347 0.00413332 0.0045427  0.0044208
 0.00124687 0.00075453 0.00066867 0.0004141 ]";"[0.0026299  0.00269523 0.0030709  0.00418464 0.00447323 0.00446397
 0.00119191 0.00073238 0.00076138 0.00032909]"
2024-06-13;S3A;1.983981256377906;2.4750178656551824e-07;4.131008035646033e-09;0.06668797917190439;2.3132162851879912e-10;1.9172930253418854;1.5690390748285377;0.053631787753862264;"[0.01635692 0.01628213 0.01602108 0.01568485 0.01556549 0.01531122
 0.01506983 0.01492256 0.01487503 0.01480062]";"[0.01349374 0.01349374 0.01349374 0.01349374 0.01349374 0.01349374
 0.01349374 0.01349374 0.01349374 0.01349374]";"[0.00286319 0.00278839 0.00252735 0.00219111 0.00207176 0.00181748
 0.0015761  0.00142882 0.00138129 0.00130689]";"[0.23753067 0.22590725 0.18206146 0.11214368 0.07628438 0.0391763
 0.03072649 0.04015182 0.04724338 0.01406988]";"[0.09480236 0.08709085 0.06261168 0.03713133 0.02979859 0.01719229
 0.00888586 0.00541656 0.00452859 0.00334749]";"[0.0548728  0.05994518 0.0676277  0.04836122 0.0263433  0.01198154
 0.01752246 0.03243543 0.04088375 0.0094759 ]";"[0.08785551 0.07887122 0.05182208 0.02665113 0.02014249 0.01000246
 0.00431817 0.00229982 0.00183104 0.00124649]";"[0.00418749 0.00436953 0.00517485 0.00760966 0.0089103  0.00927281
 0.00254448 0.0015651  0.00138979 0.00085346]";"[0.00421249 0.00435338 0.00514582 0.00779287 0.00857088 0.00958279
 0.00213324 0.00116201 0.00108113 0.00049063]"
2024-06-19;S3A;2.5261103895119197;2.497227424846926e-10;1.0437842257182695e-09;0.04636004281115408;2.541607449502159e-07;2.4797500912465136;0.8722517117272066;0.05230323607677098;"[0.01114693 0.01105169 0.01071932 0.0102912  0.01013924 0.00981548
 0.00950813 0.00932062 0.0092601  0.00916536]";"[0.00750136 0.00750136 0.00750136 0.00750136 0.00750136 0.00750136
 0.00750136 0.00750136 0.00750136 0.00750136]";"[0.00364556 0.00355033 0.00321795 0.00278984 0.00263787 0.00231412
 0.00200677 0.00181926 0.00175873 0.001664  ]";"[0.2080785  0.20153289 0.17137558 0.10815126 0.0694379  0.03432587
 0.03137944 0.04641697 0.05633384 0.01508463]";"[0.05270201 0.04841507 0.03480674 0.02064185 0.01656547 0.00955745
 0.00493978 0.00301115 0.00251751 0.00186092]";"[0.0696973  0.07620037 0.08603047 0.06151848 0.03322891 0.01501374
 0.02222846 0.04116297 0.05203065 0.0120081 ]";"[0.08567918 0.07691744 0.05053836 0.02599093 0.01964353 0.00975469
 0.0042112  0.00224285 0.00178568 0.00121561]";"[0.0033701  0.00341788 0.00369515 0.00506827 0.00608341 0.0060447
 0.0015513  0.00094006 0.00082952 0.00051954]";"[0.00340092 0.00340141 0.00366621 0.00524827 0.00578044 0.006377
 0.00121464 0.00064991 0.00063839 0.00025617]"
2024-06-19;S3B;2.5265495706695034;3.174352447565809e-10;4.475375070533971e-09;0.0466390072895706;1.1696069196487358e-07;2.4799104416264304;0.8696490140164503;0.052472875726057355;"[0.01112518 0.01102993 0.01069749 0.01026931 0.01011731 0.0097935
 0.0094861  0.00929855 0.00923802 0.00914327]";"[0.00747898 0.00747898 0.00747898 0.00747898 0.00747898 0.00747898
 0.00747898 0.00747898 0.00747898 0.00747898]";"[0.0036462  0.00355094 0.00321851 0.00279032 0.00263833 0.00231452
 0.00200712 0.00181957 0.00175904 0.00166429]";"[0.20821244 0.20165202 0.17145113 0.10818506 0.06946016 0.0343333
 0.0313828  0.04642337 0.05634134 0.01508551]";"[0.05254476 0.04827061 0.03470289 0.02058026 0.01651604 0.00952893
 0.00492504 0.00300216 0.00251    0.00185537]";"[0.06971061 0.0762145  0.08604597 0.06152957 0.03323688 0.01501805
 0.0222329  0.04117108 0.05203987 0.01201058]";"[0.08595707 0.07716691 0.05070227 0.02607523 0.01970724 0.00978632
 0.00422486 0.00225013 0.00179147 0.00121955]";"[0.00337005 0.00341788 0.00369523 0.00506822 0.00608336 0.00604474
 0.00155133 0.00094004 0.0008295  0.00051953]";"[0.00340092 0.00340141 0.00366621 0.00524827 0.00578044 0.006377
 0.00121464 0.00064991 0.00063839 0.00025617]"
2024-06-21;S3A;3.3146529083145047;0.048086829544620735;1.219850886968743e-09;1.2791438753147735;6.610628711101185e-11;1.9874222021691534;1.4607971299176952;0.030042211936321783;"[0.01734641 0.01722144 0.01678531 0.01622356 0.01602416 0.01559934
 0.01519605 0.01495    0.01487059 0.01474628]";"[0.01256286 0.01256286 0.01256286 0.01256286 0.01256286 0.01256286
 0.01256286 0.01256286 0.01256286 0.01256286]";"[0.00478355 0.00465859 0.00422246 0.00366071 0.0034613  0.00303649
 0.0026332  0.00238715 0.00230774 0.00218342]";"[0.23386834 0.2287485  0.20211974 0.1316328  0.09248602 0.0491488
 0.04219713 0.06431505 0.07385704 0.02119567]";"[0.08826231 0.08108279 0.05829234 0.03456979 0.0277429  0.01600626
 0.00827286 0.00504289 0.00421618 0.00311656]";"[0.09639316 0.10348546 0.11479891 0.0821342  0.05346017 0.02753958
 0.03150542 0.0579839  0.06861519 0.01738088]";"[0.04921287 0.04418025 0.02902849 0.01492881 0.01128295 0.00560295
 0.00241885 0.00128826 0.00102567 0.00069823]";"[0.00451545 0.00455692 0.00483931 0.00670483 0.00785183 0.00851003
 0.00246629 0.00148608 0.00131711 0.00084276]";"[0.00459161 0.00456175 0.00482901 0.00684064 0.00770286 0.00858654
 0.00229315 0.00138166 0.00150455 0.0006873 ]"
2024-06-27;S3A;3.312844062818789;0.047115398161920174;4.947459109061469e-10;1.2776338352597614;6.229450288941507e-10;1.9880948282794164;1.4659377149507813;0.029788071245476944;"[0.017388   0.01726311 0.01682722 0.01626577 0.01606648 0.01564189
 0.01523882 0.01499291 0.01491354 0.0147893 ]";"[0.01260706 0.01260706 0.01260706 0.01260706 0.01260706 0.01260706
 0.01260706 0.01260706 0.01260706 0.01260706]";"[0.00478094 0.00465604 0.00422015 0.00365871 0.00345941 0.00303483
 0.00263176 0.00238585 0.00230648 0.00218223]";"[0.23371475 0.22860988 0.20202509 0.13159015 0.09245296 0.04913371
 0.04219188 0.06429354 0.07383385 0.0211936 ]";"[0.08857291 0.08136812 0.05849747 0.03469144 0.02784053 0.01606259
 0.00830197 0.00506064 0.00423102 0.00312753]";"[0.0963453  0.10343525 0.11474469 0.08209619 0.05342492 0.02751557
 0.03149152 0.05795554 0.06858584 0.01737374]";"[0.04879655 0.04380651 0.02878293 0.01480252 0.01118751 0.00555555
 0.00239839 0.00127736 0.00101699 0.00069232]";"[0.00451551 0.00455694 0.0048393  0.00670478 0.0078519  0.00850998
 0.00246634 0.00148617 0.00131721 0.00084277]";"[0.00459161 0.00456175 0.00482901 0.00684064 0.00770286 0.00858654
 0.00229315 0.00138166 0.00150455 0.0006873 ]"
2024-06-27;S3B;2.5266915388956956;2.2847806979697793e-10;1.1230183449839615e-11;0.04672782352212995;1.7133153396020617e-07;2.4799635438023233;0.868803661992863;0.052528066251408545;"[0.01111811 0.01102286 0.0106904  0.01026219 0.01011019 0.00978636
 0.00947894 0.00929139 0.00923085 0.00913609]";"[0.00747171 0.00747171 0.00747171 0.00747171 0.00747171 0.00747171
 0.00747171 0.00747171 0.00747171 0.00747171]";"[0.0036464  0.00355114 0.00321869 0.00279048 0.00263848 0.00231465
 0.00200723 0.00181967 0.00175914 0.00166438]";"[0.20825607 0.20169082 0.17147573 0.10819607 0.0694674  0.03433572
 0.03138389 0.04642543 0.05634376 0.01508579]";"[0.05249368 0.04822369 0.03466915 0.02056025 0.01649999 0.00951967
 0.00492025 0.00299924 0.00250756 0.00185356]";"[0.06971491 0.07621906 0.08605097 0.06153316 0.03323945 0.01501943
 0.02223433 0.0411737  0.05204285 0.01201139]";"[0.08604748 0.07724808 0.0507556  0.02610266 0.01972797 0.00979662
 0.0042293  0.00225249 0.00179336 0.00122084]";"[0.00337004 0.00341788 0.00369525 0.00506821 0.00608335 0.00604475
 0.00155133 0.00094004 0.00082949 0.00051952]";"[0.00340092 0.00340141 0.00366621 0.00524827 0.00578044 0.006377
 0.00121464 0.00064991 0.00063839 0.00025617]"
2024-07-24;S3A;1.1558162760216817e-09;2.3132079585153065e-10;2.313191305169937e-10;2.3053475795009604e-10;2.3132079585153065e-10;2.3132079585153065e-10;4.041071635948991;1.9409857054952795e-10;"[0.03475322 0.03475322 0.03475322 0.03475322 0.03475322 0.03475322
 0.03475322 0.03475322 0.03475322 0.03475322]";"[0.03475322 0.03475322 0.03475322 0.03475322 0.03475322 0.03475322
 0.03475322 0.03475322 0.03475322 0.03475322]";"[1.66801947e-12 1.62444431e-12 1.47236644e-12 1.27648502e-12
 1.20695295e-12 1.05881963e-12 9.18192709e-13 8.32396326e-13
 8.04705084e-13 7.61358046e-13]";"[0.24416416 0.22430312 0.16125683 0.09563202 0.07674649 0.04427887
 0.0228856  0.01395039 0.01166342 0.00862149]";"[0.24416416 0.22430312 0.16125683 0.09563202 0.07674649 0.04427887
 0.0228856  0.01395039 0.01166342 0.00862149]";"[3.78082386e-11 3.96510176e-11 4.13185591e-11 3.02957086e-11
 2.34477997e-11 1.72750520e-11 1.04682624e-11 1.81382364e-11
 2.12999399e-11 5.45072273e-12]";"[3.17957506e-10 2.85442474e-10 1.87549070e-10 9.64529850e-11
 7.28975979e-11 3.61998758e-11 1.56278673e-11 8.32327401e-12
 6.62670805e-12 4.51116583e-12]";"[0.00876982 0.00961807 0.01331224 0.0204414  0.02064271 0.02100622
 0.00663877 0.00422381 0.00380764 0.00214234]";"[0.01904641 0.0188632  0.01846671 0.02297368 0.02376632 0.02091841
 0.00482262 0.00268243 0.00238137 0.00099328]"
2024-07-25;S3A;6.641302341403588e-08;2.3132079585153065e-10;2.3132079585153065e-10;6.548774023062975e-08;2.3132079585153065e-10;2.3132079585153065e-10;3.3119085849771617;1.0139603046077639e-10;"[0.02848241 0.02848241 0.02848241 0.02848241 0.02848241 0.02848241
 0.02848241 0.02848241 0.02848241 0.02848241]";"[0.02848241 0.02848241 0.02848241 0.02848241 0.02848241 0.02848241
 0.02848241 0.02848241 0.02848241 0.02848241]";"[9.58441395e-11 9.33403172e-11 8.46019464e-11 7.33466304e-11
 6.93513290e-11 6.08396110e-11 5.27592102e-11 4.78293634e-11
 4.62382289e-11 4.37475149e-11]";"[0.20010766 0.1838303  0.13215997 0.07837637 0.06289851 0.03628928
 0.01875616 0.01143321 0.00955889 0.00706585]";"[0.20010766 0.1838303  0.13215997 0.07837637 0.06289851 0.03628928
 0.01875616 0.01143321 0.00955889 0.00706585]";"[2.12025705e-09 2.21590462e-09 2.39123631e-09 1.71522784e-09
 1.40160675e-09 8.06916470e-10 7.21080526e-10 1.30674170e-09
 1.40649119e-09 4.10573272e-10]";"[1.66099260e-10 1.49113585e-10 9.79746071e-11 5.03865112e-11
 3.80813060e-11 1.89106169e-11 8.16391232e-12 4.34803277e-12
 3.46175600e-12 2.35660833e-12]";"[0.00890155 0.00975295 0.01337078 0.02000768 0.01948848 0.01862431
 0.00539873 0.0034067  0.00306816 0.00173089]";"[0.01781862 0.01719787 0.01560815 0.01931575 0.02033074 0.01844201
 0.0044853  0.0024677  0.00210853 0.0008888 ]"
2024-07-29;S3A;1.1710405811715674e-07;1.1061809052081983e-07;2.3132162851879912e-10;5.791399859678137e-09;2.3192531228843905e-10;2.3132079585153065e-10;2.8571346558636614;1.4948681181792267e-11;"[0.02457136 0.02457136 0.02457136 0.02457136 0.02457136 0.02457136
 0.02457136 0.02457136 0.02457136 0.02457136]";"[0.02457136 0.02457136 0.02457136 0.02457136 0.02457136 0.02457136
 0.02457136 0.02457136 0.02457136 0.02457136]";"[1.68999047e-10 1.64584134e-10 1.49176031e-10 1.29329876e-10
 1.22285083e-10 1.07276630e-10 9.30287058e-11 8.43360574e-11
 8.15304585e-11 7.71386584e-11]";"[0.17262993 0.15858769 0.11401246 0.06761414 0.05426161 0.03130623
 0.01618067 0.00986326 0.00824632 0.0060956 ]";"[0.17262992 0.15858769 0.11401245 0.06761413 0.05426161 0.03130623
 0.01618067 0.00986326 0.00824632 0.0060956 ]";"[2.28118859e-09 2.50917684e-09 2.82359516e-09 1.92221566e-09
 1.51622441e-09 1.18198175e-09 4.51340837e-10 1.20330026e-09
 1.40521986e-09 1.46698279e-10]";"[2.44877918e-11 2.19836165e-11 1.44442653e-11 7.42841597e-12
 5.61427602e-12 2.78796696e-12 1.20359468e-12 6.41024656e-13
 5.10362058e-13 3.47431615e-13]";"[0.00900868 0.00986205 0.01340894 0.01962524 0.01855774 0.01689389
 0.00462261 0.00290433 0.00261459 0.00147866]";"[0.01612624 0.01593421 0.01495921 0.01826852 0.01876301 0.0168934
 0.00400378 0.00223079 0.00196123 0.00077434]"
2024-07-30;S3B;1.3657054653837264e-08;2.3132079585153065e-10;2.3132079585153065e-10;7.167768045768241e-09;5.795324220514431e-09;2.3132079585153065e-10;2.876826503831481;7.710693195051022e-12;"[0.02474071 0.02474071 0.02474071 0.02474071 0.02474071 0.02474071
 0.02474071 0.02474071 0.02474071 0.02474071]";"[0.02474071 0.02474071 0.02474071 0.02474071 0.02474071 0.02474071
 0.02474071 0.02474071 0.02474071 0.02474071]";"[1.97092164e-11 1.91943349e-11 1.73973921e-11 1.50828691e-11
 1.42612825e-11 1.25109482e-11 1.08493091e-11 9.83554425e-12
 9.50834621e-12 8.99616026e-12]";"[0.17381972 0.1596807  0.11479825 0.06808014 0.05463559 0.031522
 0.01629219 0.00993124 0.00830315 0.00613761]";"[0.17381972 0.1596807  0.11479825 0.06808014 0.05463559 0.031522
 0.01629219 0.00993124 0.00830315 0.00613761]";"[5.70008955e-10 5.77071194e-10 5.69846534e-10 4.35976914e-10
 3.56612114e-10 2.13984906e-10 1.69342865e-10 2.67016815e-10
 2.99602315e-10 1.11095278e-10]";"[1.26310708e-11 1.13393898e-11 7.45050998e-12 3.83165818e-12
 2.89590495e-12 1.43806384e-12 6.20827294e-13 3.30647526e-13
 2.63250330e-13 1.79209025e-13]";"[0.00898144 0.00983254 0.01337373 0.01959362 0.01855461 0.01693007
 0.00464503 0.00291898 0.00262783 0.00148599]";"[0.01636989 0.01596551 0.01476414 0.01799031 0.01868867 0.01745495
 0.00354233 0.00190751 0.00171956 0.00067758]"
2024-07-31;S3B;1.2534431825805825e-09;3.160255390710631e-10;2.3132079585153065e-10;2.3132079585153065e-10;2.313541025422694e-10;2.434219492641887e-10;2.8311461404965232;1.9276802376566593e-10;"[0.02434786 0.02434786 0.02434786 0.02434786 0.02434786 0.02434786
 0.02434786 0.02434786 0.02434786 0.02434786]";"[0.02434786 0.02434786 0.02434786 0.02434786 0.02434786 0.02434786
 0.02434786 0.02434786 0.02434786 0.02434786]";"[1.80891002e-12 1.76165424e-12 1.59673100e-12 1.38430430e-12
 1.30889916e-12 1.14825364e-12 9.95748559e-13 9.02705319e-13
 8.72675115e-13 8.25666736e-13]";"[0.17105968 0.15714517 0.11297539 0.06699912 0.05376805 0.03102147
 0.01603349 0.00977355 0.00817131 0.00604016]";"[0.17105968 0.15714517 0.11297539 0.06699911 0.05376805 0.03102147
 0.01603349 0.00977355 0.00817131 0.00604016]";"[3.97533862e-11 4.17960792e-11 4.37415566e-11 3.19533293e-11
 2.46782743e-11 1.81979007e-11 1.08751720e-11 1.91760146e-11
 2.25378985e-11 5.59506256e-12]";"[3.15777906e-10 2.83485764e-10 1.86263420e-10 9.57917993e-11
 7.23978845e-11 3.59517254e-11 1.55207382e-11 8.26621792e-12
 6.58128193e-12 4.48024176e-12]";"[0.0090104  0.00986337 0.01340324 0.01958794 0.01848713 0.01677846
 0.00457569 0.00287422 0.00258743 0.00146355]";"[0.01794271 0.01758468 0.01662824 0.02005794 0.0198669  0.01716144
 0.00297116 0.00161651 0.00143014 0.00055   ]"
2024-08-02;S3A;0.8644537131216579;0.864453600508843;1.121343892740434e-07;2.3132162851879912e-10;1.567496132892643e-11;2.314290425964316e-10;3.0277624890855073;7.710693195051022e-12;"[0.0272863  0.02725371 0.02713996 0.02699346 0.02694146 0.02683067
 0.02672549 0.02666132 0.02664061 0.02660819]";"[0.02603876 0.02603876 0.02603876 0.02603876 0.02603876 0.02603876
 0.02603876 0.02603876 0.02603876 0.02603876]";"[0.00124754 0.00121495 0.00110121 0.0009547  0.0009027  0.00079191
 0.00068673 0.00062256 0.00060185 0.00056943]";"[0.19911765 0.18594519 0.14104125 0.08534333 0.06827241 0.04176976
 0.02012522 0.01887345 0.01865196 0.00729536]";"[0.18293937 0.16805853 0.12082127 0.07165204 0.05750211 0.03317583
 0.01714697 0.0104523  0.00873879 0.00645963]";"[0.01617828 0.01788666 0.02021998 0.01369129 0.01077029 0.00859393
 0.00297825 0.00842115 0.00991318 0.00083573]";"[1.26310708e-11 1.13393898e-11 7.45050998e-12 3.83165818e-12
 2.89590495e-12 1.43806384e-12 6.20827294e-13 3.30647526e-13
 2.63250330e-13 1.79209025e-13]";"[0.00857505 0.00921123 0.01188845 0.01758907 0.01739378 0.01654001
 0.00500712 0.00311084 0.00279371 0.00160994]";"[0.01306397 0.0128701  0.01256643 0.01588344 0.01693073 0.01646315
 0.00493798 0.00278423 0.00242183 0.00109163]"
2024-08-05;S3A;0.7316705056006362;0.7316702036823175;2.9393329020743764e-07;2.3132079585153065e-10;2.3132079585153065e-10;7.522386880065568e-09;3.1165658223320793;1.3533565934586989e-10;"[0.02785838 0.02783079 0.02773452 0.02761052 0.02756651 0.02747273
 0.02738371 0.0273294  0.02731187 0.02728443]";"[0.02680247 0.02680247 0.02680247 0.02680247 0.02680247 0.02680247
 0.02680247 0.02680247 0.02680247 0.02680247]";"[0.00105591 0.00102833 0.00093206 0.00080806 0.00076404 0.00067027
 0.00058125 0.00052693 0.00050941 0.00048197]";"[0.20199816 0.18812684 0.14147904 0.08534183 0.06830457 0.04142275
 0.02017067 0.01788649 0.01738557 0.00735645]";"[0.18830492 0.17298763 0.12436492 0.07375358 0.05918863 0.03414887
 0.01764989 0.01075886 0.00899509 0.00664909]";"[0.01369324 0.01513921 0.01711412 0.01158826 0.00911594 0.00727388
 0.00252078 0.00712763 0.00839048 0.00070736]";"[2.21696577e-10 1.99025399e-10 1.30769005e-10 6.72520580e-11
 5.08280120e-11 2.52404438e-11 1.08965652e-11 5.80342128e-12
 4.62048691e-12 3.14542039e-12]";"[0.00861106 0.00928079 0.0121041  0.01797531 0.01777901 0.01699342
 0.00513818 0.00320136 0.00287641 0.00165191]";"[0.01328525 0.01312108 0.01277607 0.01623817 0.01732966 0.01690027
 0.00503022 0.00286277 0.0024208  0.00110706]"
2024-08-09;S3A;1.3412495547745824;0.7792319682254065;2.3132079585153065e-10;2.3132079585153065e-10;2.313432778677793e-10;0.562017585855191;1.84845378336842;3.140288029612748e-11;"[0.01783233 0.01778176 0.01760529 0.01737798 0.01729729 0.01712539
 0.01696221 0.01686264 0.01683051 0.01678021]";"[0.0158967 0.0158967 0.0158967 0.0158967 0.0158967 0.0158967 0.0158967
 0.0158967 0.0158967 0.0158967]";"[0.00193563 0.00188506 0.00170859 0.00148128 0.00140059 0.00122869
 0.0010655  0.00096594 0.00093381 0.00088351]";"[0.14172921 0.13564317 0.111108   0.06975665 0.05212283 0.03127621
 0.0180764  0.02309391 0.02584027 0.00735327]";"[0.11168477 0.1026     0.07376157 0.04374369 0.03510513 0.0202539
 0.01046825 0.00638114 0.00533504 0.00394362]";"[0.03004444 0.03304317 0.03734643 0.02601296 0.0170177  0.01102232
 0.00760814 0.01671277 0.02050523 0.00340966]";"[5.14418086e-11 4.61812564e-11 3.03432476e-11 1.56049657e-11
 1.17939794e-11 5.85671684e-12 2.52840629e-12 1.34660846e-12
 1.07212392e-12 7.29853910e-13]";"[0.00810948 0.00844097 0.00978407 0.01340809 0.01325929 0.01150658
 0.00304286 0.00186283 0.00166446 0.0009846 ]";"[0.01128601 0.01093503 0.01012821 0.01228476 0.01268863 0.01193264
 0.00267474 0.00153597 0.00142167 0.00059375]"
2024-08-12;S3B;2.1267336718467327;0.49150844233554564;2.3132079585153065e-10;0.08951310724093359;2.3132079585153065e-10;1.545712121807612;1.7867363614005423;1.5756346227746576e-10;"[0.01843513 0.01835495 0.01807513 0.0177147  0.01758676 0.01731419
 0.01705543 0.01689756 0.01684661 0.01676685]";"[0.01536593 0.01536593 0.01536593 0.01536593 0.01536593 0.01536593
 0.01536593 0.01536593 0.01536593 0.01536593]";"[0.0030692  0.00298902 0.00270919 0.00234877 0.00222083 0.00194826
 0.0016895  0.00153163 0.00148068 0.00140092]";"[0.16253336 0.15886398 0.13860385 0.08997931 0.06204958 0.034556
 0.02632791 0.03781137 0.04451244 0.01214847]";"[0.10795577 0.09917432 0.07129877 0.04228314 0.03393302 0.01957765
 0.01011873 0.00616809 0.00515691 0.00381194]";"[0.05457759 0.05968965 0.06730508 0.04769617 0.02811656 0.01497835
 0.01620918 0.03164328 0.03935552 0.00833653]";"[2.58108472e-10 2.31713734e-10 1.52246772e-10 7.82976723e-11
 5.91761077e-11 2.93859854e-11 1.26862391e-11 6.75658696e-12
 5.37936504e-12 3.66203061e-12]";"[0.00721829 0.00732644 0.0079361  0.0108015  0.01194302 0.01122218
 0.00297271 0.00180578 0.00160331 0.00097915]";"[0.00866529 0.00851115 0.00815921 0.01040351 0.01121102 0.01173493
 0.00240207 0.00128653 0.001185   0.00046974]"
2024-08-16;S3A;2.122430677667073;1.7083591274946741e-06;2.3132079585153065e-10;0.816686428289003;2.3132162851879912e-10;1.3057425405563001;1.3945455254391004;3.2586711107285282e-12;"[0.01505608 0.01497607 0.0146968  0.01433711 0.01420942 0.01393741
 0.01367917 0.01352162 0.01347078 0.01339118]";"[0.01199309 0.01199309 0.01199309 0.01199309 0.01199309 0.01199309
 0.01199309 0.01199309 0.01199309 0.01199309]";"[0.00306299 0.00298297 0.00270371 0.00234402 0.00221633 0.00194432
 0.00168608 0.00152853 0.00147768 0.00139809]";"[0.14624193 0.14395116 0.12947892 0.08585169 0.06071374 0.03277289
 0.02822973 0.04213374 0.04823969 0.01421674]";"[0.08425934 0.07740543 0.0556486  0.03300194 0.02648468 0.01528033
 0.00789766 0.00481418 0.00402496 0.00297522]";"[0.06198259 0.06654573 0.07383032 0.05284975 0.03422906 0.01749256
 0.02033207 0.03731956 0.04421472 0.01124152]";"[5.33810701e-12 4.79222048e-12 3.14871322e-12 1.61932442e-12
 1.22385907e-12 6.07750429e-13 2.62372256e-13 1.39737312e-13
 1.11254102e-13 7.57368059e-14]";"[0.00663767 0.00666752 0.00689812 0.00902727 0.00966581 0.00904206
 0.00231876 0.00140677 0.00125195 0.00077102]";"[0.00678541 0.00680775 0.00707775 0.00902023 0.00935781 0.00928581
 0.001962   0.00107633 0.00097311 0.00041459]"
2024-08-16;S3B;2.130715852724218;1.494045150929324e-06;2.3132329385333605e-10;0.8229927901407788;2.0252383103880334e-10;1.3077215681044412;1.3900865918332317;1.85705339994513e-11;"[0.01502969 0.01494936 0.01466901 0.01430791 0.01417973 0.01390665
 0.01364741 0.01348924 0.0134382  0.01335829]";"[0.01195474 0.01195474 0.01195474 0.01195474 0.01195474 0.01195474
 0.01195474 0.01195474 0.01195474 0.01195474]";"[0.00307495 0.00299462 0.00271427 0.00235317 0.00222498 0.00195191
 0.00169266 0.0015345  0.00148345 0.00140354]";"[0.1462282  0.14397355 0.1295954  0.08595714 0.06078797 0.03281188
 0.02829049 0.042275   0.04840142 0.01425573]";"[0.08398993 0.07715794 0.05547067 0.03289642 0.0264     0.01523147
 0.00787241 0.00479879 0.00401209 0.0029657 ]";"[0.06223827 0.06681562 0.07412473 0.05306072 0.03438798 0.01758041
 0.02041808 0.03747621 0.04438932 0.01129003]";"[3.04208355e-11 2.73099341e-11 1.79439053e-11 9.22821550e-12
 6.97453524e-12 3.46345170e-12 1.49520855e-12 7.96335813e-13
 6.34015526e-13 4.31609353e-13]";"[0.00664658 0.0066743  0.0068984  0.00902407 0.00966446 0.00904302
 0.00231911 0.00140677 0.00125192 0.00077121]";"[0.00678541 0.00680775 0.00707775 0.00902023 0.00935781 0.00928581
 0.001962   0.00107633 0.00097311 0.00041459]"
2024-08-19;S3B;2.1186104565476156;0.686830878861693;1.0244538550807647e-09;0.15427231887263804;0.4488955923332974;0.8286116654555333;0.6262163815256439;0.052594721361012314;"[0.00844294 0.00836307 0.00808431 0.00772526 0.0075978  0.00732628
 0.00706851 0.00691124 0.00686048 0.00678103]";"[0.00538546 0.00538546 0.00538546 0.00538546 0.00538546 0.00538546
 0.00538546 0.00538546 0.00538546 0.00538546]";"[0.00305748 0.00297761 0.00269885 0.0023398  0.00221234 0.00194082
 0.00168305 0.00152578 0.00147502 0.00139557]";"[0.18964207 0.1811002  0.14810537 0.09425181 0.06929679 0.03929272
 0.02580942 0.03663037 0.04238404 0.01314516]";"[0.0378364  0.03475867 0.02498883 0.01481942 0.01189286 0.00686159
 0.00354642 0.00216179 0.0018074  0.00133601]";"[0.065649   0.06899543 0.07229653 0.05329661 0.03765092 0.02262208
 0.01802833 0.03221323 0.03878101 0.01058676]";"[0.08615667 0.0773461  0.05082001 0.02613578 0.019753   0.00980905
 0.00423467 0.00225535 0.00179563 0.00122239]";"[0.00294577 0.00302106 0.00334259 0.00438213 0.00456728 0.00421893
 0.00117548 0.00071419 0.00063383 0.00038768]";"[0.00292266 0.00299354 0.00338073 0.00440904 0.00451936 0.00425784
 0.0011467  0.00069373 0.0006768  0.00029824]"
2024-08-20;S3A;2.12523537196316;1.1471835922871598e-06;2.3132079585153065e-10;0.8188225381251696;2.3132079585153065e-10;1.3064116861917563;1.3930349117380836;1.7379847561116435e-11;"[0.01504714 0.01496702 0.01468739 0.01432721 0.01419936 0.01392698
 0.01366841 0.01351065 0.01345974 0.01338003]";"[0.0119801 0.0119801 0.0119801 0.0119801 0.0119801 0.0119801 0.0119801
 0.0119801 0.0119801 0.0119801]";"[0.00306704 0.00298692 0.00270729 0.00234711 0.00221926 0.00194688
 0.00168831 0.00153055 0.00147964 0.00139993]";"[0.14623722 0.14395869 0.12951831 0.08588737 0.06073886 0.03278608
 0.0282503  0.04218156 0.04829444 0.01422994]";"[0.08416807 0.07732159 0.05558832 0.03296619 0.02645599 0.01526378
 0.0078891  0.00480897 0.0040206  0.00297199]";"[0.06206915 0.0666371  0.07392999 0.05292118 0.03428287 0.01752231
 0.0203612  0.0373726  0.04427383 0.01125795]";"[2.84703436e-11 2.55589038e-11 1.67933964e-11 8.63653025e-12
 6.52734915e-12 3.24138566e-12 1.39934030e-12 7.45277170e-13
 5.93364369e-13 4.03935867e-13]";"[0.00664069 0.00666981 0.00689822 0.00902619 0.00966535 0.00904238
 0.00231888 0.00140677 0.00125194 0.00077108]";"[0.00678541 0.00680775 0.00707775 0.00902023 0.00935781 0.00928581
 0.001962   0.00107633 0.00097311 0.00041459]"
2024-08-20;S3B;2.1327703460141683;0.49018884317310996;2.3132079585153065e-10;0.09551299002811514;2.3132079585153065e-10;1.5470685123503016;1.7827091969707576;7.155970260797062e-12;"[0.01840921 0.01832881 0.01804818 0.01768673 0.01755843 0.01728509
 0.01702559 0.01686728 0.01681618 0.0167362 ]";"[0.0153313 0.0153313 0.0153313 0.0153313 0.0153313 0.0153313 0.0153313
 0.0153313 0.0153313 0.0153313]";"[0.00307791 0.00299751 0.00271688 0.00235543 0.00222713 0.00195379
 0.0016943  0.00153598 0.00148488 0.0014049 ]";"[0.16249412 0.15885406 0.13867448 0.09005102 0.06210101 0.03457926
 0.02637778 0.0379251  0.04464096 0.01218227]";"[0.10771244 0.09895079 0.07113807 0.04218784 0.03385653 0.01953352
 0.01009593 0.00615418 0.00514529 0.00380335]";"[0.05478167 0.05990327 0.06753641 0.04786318 0.02824447 0.01504574
 0.01628185 0.03177092 0.03949567 0.00837891]";"[1.17223659e-11 1.05236110e-11 6.91450515e-12 3.55600090e-12
 2.68756767e-12 1.33460661e-12 5.76163717e-13 3.06860072e-13
 2.44311566e-13 1.66316364e-13]";"[0.00722571 0.00733229 0.00793665 0.01079894 0.01194178 0.01122343
 0.00297275 0.00180562 0.00160313 0.00097927]";"[0.00866529 0.00851115 0.00815921 0.01040351 0.01121102 0.01173493
 0.00240207 0.00128653 0.001185   0.00046974]"
2024-09-20;S3A;2.5482139050981503;1.1690187582016274;0.443774430085728;0.40244964506902736;0.036217551356795274;0.4967535203849721;0.8463758921990872;0.05634226750586249;"[0.01095629 0.01086023 0.01052494 0.01009308 0.00993979 0.0096132
 0.00930316 0.00911401 0.00905296 0.00895739]";"[0.00727883 0.00727883 0.00727883 0.00727883 0.00727883 0.00727883
 0.00727883 0.00727883 0.00727883 0.00727883]";"[0.00367746 0.00358139 0.00324611 0.00281425 0.00266095 0.00233437
 0.00202433 0.00183517 0.00177412 0.00167856]";"[0.20695934 0.19875815 0.16439907 0.10129973 0.07742925 0.05170005
 0.02583756 0.03907766 0.04419212 0.00969269]";"[0.05113858 0.04697881 0.03377418 0.0200295  0.01607405 0.00927392
 0.00479324 0.00292182 0.00244283 0.00180572]";"[0.06352515 0.06892208 0.07618378 0.05327219 0.04019473 0.03191816
 0.01650791 0.03373979 0.03982572 0.00657749]";"[0.09229561 0.08285726 0.0544411  0.02799804 0.02116046 0.01050798
 0.0045364  0.00241605 0.00192358 0.00130949]";"[0.00338606 0.00346512 0.00385379 0.00537563 0.00554627 0.00496203
 0.00156907 0.00094736 0.00084257 0.00051849]";"[0.00337175 0.00344203 0.00387586 0.0053252  0.00556045 0.00500114
 0.00152117 0.00097458 0.00106877 0.00047763]"
2024-09-20;S3B;2.5486681791312256;1.1689062790410552;0.4438462324039874;0.40343707658232003;0.03591069319990259;0.49656789790396033;0.8433309832591379;0.05654787078124901;"[0.01093076 0.01083468 0.01049933 0.0100674  0.00991408 0.00958743
 0.00927734 0.00908815 0.00902709 0.0089315 ]";"[0.00725265 0.00725265 0.00725265 0.00725265 0.00725265 0.00725265
 0.00725265 0.00725265 0.00725265 0.00725265]";"[0.00367812 0.00358203 0.00324669 0.00281475 0.00266143 0.00233478
 0.00202469 0.0018355  0.00177444 0.00167886]";"[0.20712145 0.19890196 0.16449    0.1013383  0.07745691 0.05171047
 0.02584153 0.03908609 0.04420008 0.0096927 ]";"[0.0509546  0.0468098  0.03365268 0.01995744 0.01601622 0.00924056
 0.00477599 0.00291131 0.00243404 0.00179922]";"[0.06353443 0.06893254 0.07619755 0.05328065 0.04020301 0.0319236
 0.01651258 0.03374992 0.03983544 0.00657922]";"[0.09263242 0.08315962 0.05463977 0.02810021 0.02123768 0.01054632
 0.00455296 0.00242487 0.0019306  0.00131426]";"[0.003386   0.0034651  0.00385382 0.00537561 0.00554627 0.00496203
 0.00156909 0.00094734 0.00084254 0.00051848]";"[0.00337175 0.00344203 0.00387586 0.0053252  0.00556045 0.00500114
 0.00152117 0.00097458 0.00106877 0.00047763]"
2024-09-21;S3A;2.4871178469607798;1.1192039614715112;0.522925858725396;0.3825460336039149;0.10777328648830325;0.35466870667165445;0.5755606334218427;0.057861371450210114;"[0.00853911 0.00844535 0.0081181  0.0076966  0.00754698 0.00722822
 0.00692561 0.006741   0.00668141 0.00658813]";"[0.00494982 0.00494982 0.00494982 0.00494982 0.00494982 0.00494982
 0.00494982 0.00494982 0.00494982 0.00494982]";"[0.00358929 0.00349552 0.00316828 0.00274678 0.00259716 0.0022784
 0.00197579 0.00179117 0.00173159 0.00163831]";"[0.19394538 0.18648664 0.15471742 0.0957279  0.07405464 0.05100619
 0.0244362  0.03746377 0.04244164 0.00914627]";"[0.03477575 0.03194698 0.02296744 0.01362065 0.01093083 0.00630654
 0.00325954 0.00198692 0.00166119 0.00122794]";"[0.06438554 0.06944839 0.07584103 0.05335432 0.04139281 0.03390836
 0.01651794 0.03299565 0.03880501 0.00657354]";"[0.0947841  0.08509127 0.05590895 0.02875293 0.02173099 0.01079129
 0.00465871 0.00248119 0.00197544 0.00134479]";"[0.00292941 0.00297789 0.00323153 0.0043398  0.00434729 0.00370935
 0.00116794 0.00070175 0.00062291 0.00038218]";"[0.00292584 0.00295951 0.0032489  0.00432166 0.00433592 0.00373468
 0.00113027 0.00072159 0.00074382 0.00036263]"
2024-10-21;S3A;2.6381670917578974;9.945377854592152e-12;1.6595387096077863;2.137073851216087e-10;0.7031306458455369;0.2754977360809216;0.661898500518795;0.06692086069148345;"[0.00949961 0.00940014 0.00905302 0.00860592 0.00844721 0.0081091
 0.00778812 0.00759228 0.00752908 0.00743014]";"[0.00569233 0.00569233 0.00569233 0.00569233 0.00569233 0.00569233
 0.00569233 0.00569233 0.00569233 0.00569233]";"[0.00380728 0.00370782 0.0033607  0.0029136  0.00275489 0.00241677
 0.00209579 0.00189996 0.00183675 0.00173781]";"[0.24552108 0.23584542 0.19413411 0.12466669 0.10023353 0.07970685
 0.03406159 0.04475956 0.05185033 0.01290193]";"[0.03999234 0.03673924 0.02641271 0.01566384 0.01257052 0.00725256
 0.0037485  0.00228497 0.00191038 0.00141214]";"[0.09590408 0.10069198 0.10305866 0.07574802 0.06252953 0.05997338
 0.02492495 0.03960491 0.0476552  0.00993445]";"[0.10962466 0.0984142  0.06466274 0.03325484 0.02513347 0.01248091
 0.00538814 0.00286968 0.00228474 0.00155535]";"[0.0025007  0.00254759 0.00281825 0.00375476 0.00382431 0.00326292
 0.00128172 0.00078422 0.00069464 0.00043208]";"[0.00247409 0.00252674 0.00284553 0.00376427 0.00384559 0.00328309
 0.00125338 0.00086966 0.00104823 0.00049383]"
2024-11-15;S3B;1.2405244409418719;1.681405015219184e-11;1.2060074222147281;9.288411706442901e-10;6.079303727091201e-12;0.03451701777540922;0.463385717847119;0.09664482643260763;"[0.00577538 0.00572861 0.00556539 0.00535515 0.00528053 0.00512154
 0.0049706  0.00487852 0.0048488  0.00480227]";"[0.00398512 0.00398512 0.00398512 0.00398512 0.00398512 0.00398512
 0.00398512 0.00398512 0.00398512 0.00398512]";"[0.00179027 0.0017435  0.00158027 0.00137004 0.00129541 0.00113642
 0.00098549 0.0008934  0.00086368 0.00081716]";"[0.2229061  0.20792471 0.15553591 0.0892015  0.07124165 0.05536367
 0.01941452 0.02156042 0.02382291 0.00392431]";"[0.02799806 0.02572062 0.01849116 0.01096603 0.00880045 0.00507742
 0.00262427 0.00159968 0.00133743 0.00098862]";"[0.03659184 0.04007765 0.04366102 0.03020997 0.02614431 0.03226175
 0.00900889 0.01581644 0.01918593 0.00068951]";"[0.1583162  0.14212644 0.09338372 0.04802551 0.0362969  0.01802451
 0.00778137 0.00414429 0.00329955 0.00224618]";"[0.00187264 0.00195813 0.00234459 0.00333746 0.0032104  0.00254602
 0.00086822 0.00053606 0.0004781  0.00028599]";"[0.00188658 0.00194963 0.00235135 0.00333877 0.00323461 0.00256559
 0.0008399  0.00057065 0.00069457 0.00032289]"
2024-11-25;S3A;1.3227680751709059;2.3132162851879912e-10;1.3062130661062352;2.3132079585153065e-10;0.016555008446501873;1.5552642507188352e-10;0.43251363552287425;0.08458917475761962;"[0.00562857 0.0055787  0.00540466 0.00518048 0.00510091 0.00493138
 0.00477044 0.00467225 0.00464056 0.00459095]";"[0.00371962 0.00371962 0.00371962 0.00371962 0.00371962 0.00371962
 0.00371962 0.00371962 0.00371962 0.00371962]";"[0.00190896 0.00185909 0.00168504 0.00146087 0.00138129 0.00121176
 0.00105082 0.00095263 0.00092094 0.00087133]";"[0.20422887 0.1915972  0.14584031 0.08475493 0.06836907 0.05557521
 0.018938   0.02197719 0.02453669 0.00364504]";"[0.02613275 0.02400704 0.01725923 0.01023544 0.00821413 0.00473914
 0.00244943 0.0014931  0.00124833 0.00092275]";"[0.03952857 0.04319284 0.04684621 0.03248477 0.02838578 0.03505997
 0.00967786 0.01685676 0.0204004  0.0007563 ]";"[0.13856755 0.12439733 0.08173487 0.04203472 0.03176916 0.0157761
 0.00681071 0.00362733 0.00288795 0.00196599]";"[0.00202407 0.00210192 0.00245758 0.0034104  0.00321734 0.00245575
 0.00083819 0.00051503 0.00045874 0.00027467]";"[0.00197741 0.00205248 0.0025115  0.00340513 0.00323062 0.00248795
 0.00084298 0.00055537 0.00061729 0.00030721]"
